2024-11-18 16:17:55 info: Server is running at http://localhost:7000
Metadata:
{
  "metadata": {
    "service": "user-service",
    "environment": "info"
  }
}
2024-11-18 16:17:55 info: Connected to MongoDB
Metadata:
{
  "metadata": {
    "service": "user-service",
    "environment": "info"
  }
}
2024-11-18 16:17:55 info: PrismaORM connected to MariaDB
Metadata:
{
  "metadata": {
    "service": "user-service",
    "environment": "info"
  }
}
2024-11-18 16:24:48 info: ::1 - - [18/Nov/2024:12:54:48 +0000] "GET /api-doc/ HTTP/1.1" 200 NaNs "-" "Mozilla/5.0 (X11; Linux x86_64) AppleWebKit/537.36 (KHTML, like Gecko) Chrome/130.0.0.0 Safari/537.36"
Metadata:
{
  "metadata": {
    "service": "user-service",
    "environment": "info",
    "type": "access_log",
    "component": "morgan"
  },
  "type": "access_log",
  "component": "morgan"
}
2024-11-18 16:24:48 info: ::1 - - [18/Nov/2024:12:54:48 +0000] "GET /api-doc/swagger-ui-init.js HTTP/1.1" 200 NaNs "http://localhost:7000/api-doc/" "Mozilla/5.0 (X11; Linux x86_64) AppleWebKit/537.36 (KHTML, like Gecko) Chrome/130.0.0.0 Safari/537.36"
Metadata:
{
  "metadata": {
    "service": "user-service",
    "environment": "info",
    "type": "access_log",
    "component": "morgan"
  },
  "type": "access_log",
  "component": "morgan"
}
2024-11-18 16:24:48 info: ::1 - - [18/Nov/2024:12:54:48 +0000] "GET /api-doc/swagger-ui.css HTTP/1.1" 200 NaNs "http://localhost:7000/api-doc/" "Mozilla/5.0 (X11; Linux x86_64) AppleWebKit/537.36 (KHTML, like Gecko) Chrome/130.0.0.0 Safari/537.36"
Metadata:
{
  "metadata": {
    "service": "user-service",
    "environment": "info",
    "type": "access_log",
    "component": "morgan"
  },
  "type": "access_log",
  "component": "morgan"
}
2024-11-18 16:24:48 info: ::1 - - [18/Nov/2024:12:54:48 +0000] "GET /api-doc/swagger-ui-standalone-preset.js HTTP/1.1" 200 NaNs "http://localhost:7000/api-doc/" "Mozilla/5.0 (X11; Linux x86_64) AppleWebKit/537.36 (KHTML, like Gecko) Chrome/130.0.0.0 Safari/537.36"
Metadata:
{
  "metadata": {
    "service": "user-service",
    "environment": "info",
    "type": "access_log",
    "component": "morgan"
  },
  "type": "access_log",
  "component": "morgan"
}
2024-11-18 16:24:48 info: ::1 - - [18/Nov/2024:12:54:48 +0000] "GET /api-doc/swagger-ui-bundle.js HTTP/1.1" 200 NaNs "http://localhost:7000/api-doc/" "Mozilla/5.0 (X11; Linux x86_64) AppleWebKit/537.36 (KHTML, like Gecko) Chrome/130.0.0.0 Safari/537.36"
Metadata:
{
  "metadata": {
    "service": "user-service",
    "environment": "info",
    "type": "access_log",
    "component": "morgan"
  },
  "type": "access_log",
  "component": "morgan"
}
2024-11-18 16:24:48 info: ::1 - - [18/Nov/2024:12:54:48 +0000] "GET /api-doc/favicon-32x32.png HTTP/1.1" 200 NaNs "http://localhost:7000/api-doc/" "Mozilla/5.0 (X11; Linux x86_64) AppleWebKit/537.36 (KHTML, like Gecko) Chrome/130.0.0.0 Safari/537.36"
Metadata:
{
  "metadata": {
    "service": "user-service",
    "environment": "info",
    "type": "access_log",
    "component": "morgan"
  },
  "type": "access_log",
  "component": "morgan"
}
2024-11-18 16:24:50 info: ::1 - - [18/Nov/2024:12:54:50 +0000] "GET /api-doc/ HTTP/1.1" 200 NaNs "-" "Mozilla/5.0 (X11; Linux x86_64) AppleWebKit/537.36 (KHTML, like Gecko) Chrome/130.0.0.0 Safari/537.36"
Metadata:
{
  "metadata": {
    "service": "user-service",
    "environment": "info",
    "type": "access_log",
    "component": "morgan"
  },
  "type": "access_log",
  "component": "morgan"
}
2024-11-18T12:54:50.593Z error: دسترسی به این مسیر محدود شده است. لطفاً بعداً تلاش کنید.
Error Location: rateLimiter.middleware.js:166 (Object.handler)
Full Path: /home/mhossein/Desktop/Cooleh.project/app/http/middlewares/rateLimiter.middleware.js
Metadata:
{
  "metadata": {
    "service": "user-service",
    "environment": "info",
    "trackingId": "6da0426d-a169-44d4-a7d3-928f31bdb3ee",
    "errorName": "RateLimitError",
    "statusCode": 429,
    "path": "/api-doc/swagger-ui-init.js",
    "method": "GET",
    "ip": "::1",
    "userAgent": "Mozilla/5.0 (X11; Linux x86_64) AppleWebKit/537.36 (KHTML, like Gecko) Chrome/130.0.0.0 Safari/537.36",
    "requestQuery": {}
  },
  "trackingId": "6da0426d-a169-44d4-a7d3-928f31bdb3ee",
  "errorName": "RateLimitError",
  "statusCode": 429,
  "path": "/api-doc/swagger-ui-init.js",
  "method": "GET",
  "ip": "::1",
  "userAgent": "Mozilla/5.0 (X11; Linux x86_64) AppleWebKit/537.36 (KHTML, like Gecko) Chrome/130.0.0.0 Safari/537.36",
  "environment": "info",
  "requestQuery": {}
}
2024-11-18T12:54:50.611Z error: logger.warn is not a function
Error Location: rateLimiter.middleware.js:129 (SuspiciousActivityDetector.checkActivity)
Full Path: /home/mhossein/Desktop/Cooleh.project/app/http/middlewares/rateLimiter.middleware.js
Metadata:
{
  "metadata": {
    "service": "user-service",
    "environment": "info",
    "trackingId": "a1b88165-f4aa-40f2-96dc-67fd32da9a4f",
    "errorName": "TypeError",
    "statusCode": 500,
    "path": "/api-doc/swagger-ui-standalone-preset.js",
    "method": "GET",
    "ip": "::1",
    "userAgent": "Mozilla/5.0 (X11; Linux x86_64) AppleWebKit/537.36 (KHTML, like Gecko) Chrome/130.0.0.0 Safari/537.36",
    "requestQuery": {}
  },
  "trackingId": "a1b88165-f4aa-40f2-96dc-67fd32da9a4f",
  "errorName": "TypeError",
  "statusCode": 500,
  "path": "/api-doc/swagger-ui-standalone-preset.js",
  "method": "GET",
  "ip": "::1",
  "userAgent": "Mozilla/5.0 (X11; Linux x86_64) AppleWebKit/537.36 (KHTML, like Gecko) Chrome/130.0.0.0 Safari/537.36",
  "environment": "info",
  "requestQuery": {}
}
2024-11-18 16:24:50 info: ::1 - - [18/Nov/2024:12:54:50 +0000] "GET /api-doc/swagger-ui.css HTTP/1.1" 200 NaNs "http://localhost:7000/api-doc/" "Mozilla/5.0 (X11; Linux x86_64) AppleWebKit/537.36 (KHTML, like Gecko) Chrome/130.0.0.0 Safari/537.36"
Metadata:
{
  "metadata": {
    "service": "user-service",
    "environment": "info",
    "type": "access_log",
    "component": "morgan"
  },
  "type": "access_log",
  "component": "morgan"
}
2024-11-18 16:24:50 info: ::1 - - [18/Nov/2024:12:54:50 +0000] "GET /api-doc/swagger-ui-bundle.js HTTP/1.1" 200 NaNs "http://localhost:7000/api-doc/" "Mozilla/5.0 (X11; Linux x86_64) AppleWebKit/537.36 (KHTML, like Gecko) Chrome/130.0.0.0 Safari/537.36"
Metadata:
{
  "metadata": {
    "service": "user-service",
    "environment": "info",
    "type": "access_log",
    "component": "morgan"
  },
  "type": "access_log",
  "component": "morgan"
}
2024-11-18T12:54:50.961Z error: دسترسی به این مسیر محدود شده است. لطفاً بعداً تلاش کنید.
Error Location: rateLimiter.middleware.js:166 (Object.handler)
Full Path: /home/mhossein/Desktop/Cooleh.project/app/http/middlewares/rateLimiter.middleware.js
Metadata:
{
  "metadata": {
    "service": "user-service",
    "environment": "info",
    "trackingId": "c334054a-9ab1-4a9f-8d5f-422a2170ddcf",
    "errorName": "RateLimitError",
    "statusCode": 429,
    "path": "/api-doc/favicon-32x32.png",
    "method": "GET",
    "ip": "::1",
    "userAgent": "Mozilla/5.0 (X11; Linux x86_64) AppleWebKit/537.36 (KHTML, like Gecko) Chrome/130.0.0.0 Safari/537.36",
    "requestQuery": {}
  },
  "trackingId": "c334054a-9ab1-4a9f-8d5f-422a2170ddcf",
  "errorName": "RateLimitError",
  "statusCode": 429,
  "path": "/api-doc/favicon-32x32.png",
  "method": "GET",
  "ip": "::1",
  "userAgent": "Mozilla/5.0 (X11; Linux x86_64) AppleWebKit/537.36 (KHTML, like Gecko) Chrome/130.0.0.0 Safari/537.36",
  "environment": "info",
  "requestQuery": {}
}
2024-11-18T12:54:50.978Z error: دسترسی به این مسیر محدود شده است. لطفاً بعداً تلاش کنید.
Error Location: rateLimiter.middleware.js:166 (Object.handler)
Full Path: /home/mhossein/Desktop/Cooleh.project/app/http/middlewares/rateLimiter.middleware.js
Metadata:
{
  "metadata": {
    "service": "user-service",
    "environment": "info",
    "trackingId": "df7eb947-7d60-4bba-8af4-27e92ed450d5",
    "errorName": "RateLimitError",
    "statusCode": 429,
    "path": "/api-doc/favicon-16x16.png",
    "method": "GET",
    "ip": "::1",
    "userAgent": "Mozilla/5.0 (X11; Linux x86_64) AppleWebKit/537.36 (KHTML, like Gecko) Chrome/130.0.0.0 Safari/537.36",
    "requestQuery": {}
  },
  "trackingId": "df7eb947-7d60-4bba-8af4-27e92ed450d5",
  "errorName": "RateLimitError",
  "statusCode": 429,
  "path": "/api-doc/favicon-16x16.png",
  "method": "GET",
  "ip": "::1",
  "userAgent": "Mozilla/5.0 (X11; Linux x86_64) AppleWebKit/537.36 (KHTML, like Gecko) Chrome/130.0.0.0 Safari/537.36",
  "environment": "info",
  "requestQuery": {}
}
2024-11-18T12:54:54.004Z error: دسترسی به این مسیر محدود شده است. لطفاً بعداً تلاش کنید.
Error Location: rateLimiter.middleware.js:166 (Object.handler)
Full Path: /home/mhossein/Desktop/Cooleh.project/app/http/middlewares/rateLimiter.middleware.js
Metadata:
{
  "metadata": {
    "service": "user-service",
    "environment": "info",
    "trackingId": "0c71e213-ed3b-4994-98a0-01ae287254be",
    "errorName": "RateLimitError",
    "statusCode": 429,
    "path": "/api-doc/",
    "method": "GET",
    "ip": "::1",
    "userAgent": "Mozilla/5.0 (X11; Linux x86_64) AppleWebKit/537.36 (KHTML, like Gecko) Chrome/130.0.0.0 Safari/537.36",
    "requestQuery": {}
  },
  "trackingId": "0c71e213-ed3b-4994-98a0-01ae287254be",
  "errorName": "RateLimitError",
  "statusCode": 429,
  "path": "/api-doc/",
  "method": "GET",
  "ip": "::1",
  "userAgent": "Mozilla/5.0 (X11; Linux x86_64) AppleWebKit/537.36 (KHTML, like Gecko) Chrome/130.0.0.0 Safari/537.36",
  "environment": "info",
  "requestQuery": {}
}
2024-11-18T12:58:11.919Z error: فعالیت مشکوک شناسایی شده است. دسترسی شما موقتاً مسدود شده است.
Error Location: rateLimiter.middleware.js:149 (checkSuspiciousActivity)
Full Path: /home/mhossein/Desktop/Cooleh.project/app/http/middlewares/rateLimiter.middleware.js
Metadata:
{
  "metadata": {
    "service": "user-service",
    "environment": "info",
    "trackingId": "099aa50f-3b18-40f3-a427-1c50649ebd2c",
    "errorName": "RateLimitError",
    "statusCode": 429,
    "path": "/api-doc/",
    "method": "GET",
    "ip": "::1",
    "userAgent": "Mozilla/5.0 (X11; Linux x86_64) AppleWebKit/537.36 (KHTML, like Gecko) Chrome/130.0.0.0 Safari/537.36",
    "requestQuery": {}
  },
  "trackingId": "099aa50f-3b18-40f3-a427-1c50649ebd2c",
  "errorName": "RateLimitError",
  "statusCode": 429,
  "path": "/api-doc/",
  "method": "GET",
  "ip": "::1",
  "userAgent": "Mozilla/5.0 (X11; Linux x86_64) AppleWebKit/537.36 (KHTML, like Gecko) Chrome/130.0.0.0 Safari/537.36",
  "environment": "info",
  "requestQuery": {}
}
2024-11-18T12:58:16.202Z error: فعالیت مشکوک شناسایی شده است. دسترسی شما موقتاً مسدود شده است.
Error Location: rateLimiter.middleware.js:149 (checkSuspiciousActivity)
Full Path: /home/mhossein/Desktop/Cooleh.project/app/http/middlewares/rateLimiter.middleware.js
Metadata:
{
  "metadata": {
    "service": "user-service",
    "environment": "info",
    "trackingId": "d1c033dc-53b8-453e-8b69-b484689d8d5c",
    "errorName": "RateLimitError",
    "statusCode": 429,
    "path": "/api-doc/",
    "method": "GET",
    "ip": "::1",
    "userAgent": "Mozilla/5.0 (X11; Linux x86_64) AppleWebKit/537.36 (KHTML, like Gecko) Chrome/130.0.0.0 Safari/537.36",
    "requestQuery": {}
  },
  "trackingId": "d1c033dc-53b8-453e-8b69-b484689d8d5c",
  "errorName": "RateLimitError",
  "statusCode": 429,
  "path": "/api-doc/",
  "method": "GET",
  "ip": "::1",
  "userAgent": "Mozilla/5.0 (X11; Linux x86_64) AppleWebKit/537.36 (KHTML, like Gecko) Chrome/130.0.0.0 Safari/537.36",
  "environment": "info",
  "requestQuery": {}
}
2024-11-18T12:58:16.840Z error: فعالیت مشکوک شناسایی شده است. دسترسی شما موقتاً مسدود شده است.
Error Location: rateLimiter.middleware.js:149 (checkSuspiciousActivity)
Full Path: /home/mhossein/Desktop/Cooleh.project/app/http/middlewares/rateLimiter.middleware.js
Metadata:
{
  "metadata": {
    "service": "user-service",
    "environment": "info",
    "trackingId": "18d57aad-19ae-44fa-b045-3111fc93e47a",
    "errorName": "RateLimitError",
    "statusCode": 429,
    "path": "/api-doc/",
    "method": "GET",
    "ip": "::1",
    "userAgent": "Mozilla/5.0 (X11; Linux x86_64) AppleWebKit/537.36 (KHTML, like Gecko) Chrome/130.0.0.0 Safari/537.36",
    "requestQuery": {}
  },
  "trackingId": "18d57aad-19ae-44fa-b045-3111fc93e47a",
  "errorName": "RateLimitError",
  "statusCode": 429,
  "path": "/api-doc/",
  "method": "GET",
  "ip": "::1",
  "userAgent": "Mozilla/5.0 (X11; Linux x86_64) AppleWebKit/537.36 (KHTML, like Gecko) Chrome/130.0.0.0 Safari/537.36",
  "environment": "info",
  "requestQuery": {}
}
2024-11-18 16:29:01 info: ::1 - - [18/Nov/2024:12:59:01 +0000] "GET /api-doc/ HTTP/1.1" 200 NaNs "-" "Mozilla/5.0 (X11; Linux x86_64) AppleWebKit/537.36 (KHTML, like Gecko) Chrome/130.0.0.0 Safari/537.36"
Metadata:
{
  "metadata": {
    "service": "user-service",
    "environment": "info",
    "type": "access_log",
    "component": "morgan"
  },
  "type": "access_log",
  "component": "morgan"
}
2024-11-18 16:29:01 info: ::1 - - [18/Nov/2024:12:59:01 +0000] "GET /api-doc/swagger-ui-init.js HTTP/1.1" 200 NaNs "http://localhost:7000/api-doc/" "Mozilla/5.0 (X11; Linux x86_64) AppleWebKit/537.36 (KHTML, like Gecko) Chrome/130.0.0.0 Safari/537.36"
Metadata:
{
  "metadata": {
    "service": "user-service",
    "environment": "info",
    "type": "access_log",
    "component": "morgan"
  },
  "type": "access_log",
  "component": "morgan"
}
2024-11-18 16:29:01 info: ::1 - - [18/Nov/2024:12:59:01 +0000] "GET /api-doc/swagger-ui.css HTTP/1.1" 200 NaNs "http://localhost:7000/api-doc/" "Mozilla/5.0 (X11; Linux x86_64) AppleWebKit/537.36 (KHTML, like Gecko) Chrome/130.0.0.0 Safari/537.36"
Metadata:
{
  "metadata": {
    "service": "user-service",
    "environment": "info",
    "type": "access_log",
    "component": "morgan"
  },
  "type": "access_log",
  "component": "morgan"
}
2024-11-18 16:29:01 info: ::1 - - [18/Nov/2024:12:59:01 +0000] "GET /api-doc/swagger-ui-standalone-preset.js HTTP/1.1" 200 NaNs "http://localhost:7000/api-doc/" "Mozilla/5.0 (X11; Linux x86_64) AppleWebKit/537.36 (KHTML, like Gecko) Chrome/130.0.0.0 Safari/537.36"
Metadata:
{
  "metadata": {
    "service": "user-service",
    "environment": "info",
    "type": "access_log",
    "component": "morgan"
  },
  "type": "access_log",
  "component": "morgan"
}
2024-11-18 16:29:01 info: ::1 - - [18/Nov/2024:12:59:01 +0000] "GET /api-doc/swagger-ui-bundle.js HTTP/1.1" 200 NaNs "http://localhost:7000/api-doc/" "Mozilla/5.0 (X11; Linux x86_64) AppleWebKit/537.36 (KHTML, like Gecko) Chrome/130.0.0.0 Safari/537.36"
Metadata:
{
  "metadata": {
    "service": "user-service",
    "environment": "info",
    "type": "access_log",
    "component": "morgan"
  },
  "type": "access_log",
  "component": "morgan"
}
2024-11-18 16:29:02 info: ::1 - - [18/Nov/2024:12:59:02 +0000] "GET /api-doc/favicon-32x32.png HTTP/1.1" 200 NaNs "http://localhost:7000/api-doc/" "Mozilla/5.0 (X11; Linux x86_64) AppleWebKit/537.36 (KHTML, like Gecko) Chrome/130.0.0.0 Safari/537.36"
Metadata:
{
  "metadata": {
    "service": "user-service",
    "environment": "info",
    "type": "access_log",
    "component": "morgan"
  },
  "type": "access_log",
  "component": "morgan"
}
2024-11-18 16:35:06 info: Server is running at http://localhost:7000
Metadata:
{
  "metadata": {
    "service": "user-service",
    "environment": "info"
  }
}
2024-11-18 16:35:07 info: Connected to MongoDB
Metadata:
{
  "metadata": {
    "service": "user-service",
    "environment": "info"
  }
}
2024-11-18 16:35:07 info: PrismaORM connected to MariaDB
Metadata:
{
  "metadata": {
    "service": "user-service",
    "environment": "info"
  }
}
2024-11-18 16:35:41 info: ::1 - - [18/Nov/2024:13:05:41 +0000] "GET / HTTP/1.1" 304 NaNs "-" "Mozilla/5.0 (X11; Linux x86_64) AppleWebKit/537.36 (KHTML, like Gecko) Chrome/130.0.0.0 Safari/537.36"
Metadata:
{
  "metadata": {
    "service": "user-service",
    "environment": "info",
    "type": "access_log",
    "component": "morgan"
  },
  "type": "access_log",
  "component": "morgan"
}
2024-11-18 16:35:43 info: ::1 - - [18/Nov/2024:13:05:43 +0000] "GET / HTTP/1.1" 304 NaNs "-" "Mozilla/5.0 (X11; Linux x86_64) AppleWebKit/537.36 (KHTML, like Gecko) Chrome/130.0.0.0 Safari/537.36"
Metadata:
{
  "metadata": {
    "service": "user-service",
    "environment": "info",
    "type": "access_log",
    "component": "morgan"
  },
  "type": "access_log",
  "component": "morgan"
}
2024-11-18 16:35:44 info: ::1 - - [18/Nov/2024:13:05:44 +0000] "GET / HTTP/1.1" 304 NaNs "-" "Mozilla/5.0 (X11; Linux x86_64) AppleWebKit/537.36 (KHTML, like Gecko) Chrome/130.0.0.0 Safari/537.36"
Metadata:
{
  "metadata": {
    "service": "user-service",
    "environment": "info",
    "type": "access_log",
    "component": "morgan"
  },
  "type": "access_log",
  "component": "morgan"
}
2024-11-18 16:35:45 info: ::1 - - [18/Nov/2024:13:05:45 +0000] "GET / HTTP/1.1" 304 NaNs "-" "Mozilla/5.0 (X11; Linux x86_64) AppleWebKit/537.36 (KHTML, like Gecko) Chrome/130.0.0.0 Safari/537.36"
Metadata:
{
  "metadata": {
    "service": "user-service",
    "environment": "info",
    "type": "access_log",
    "component": "morgan"
  },
  "type": "access_log",
  "component": "morgan"
}
2024-11-18 16:35:45 info: ::1 - - [18/Nov/2024:13:05:45 +0000] "GET / HTTP/1.1" 304 NaNs "-" "Mozilla/5.0 (X11; Linux x86_64) AppleWebKit/537.36 (KHTML, like Gecko) Chrome/130.0.0.0 Safari/537.36"
Metadata:
{
  "metadata": {
    "service": "user-service",
    "environment": "info",
    "type": "access_log",
    "component": "morgan"
  },
  "type": "access_log",
  "component": "morgan"
}
2024-11-18 16:35:45 info: ::1 - - [18/Nov/2024:13:05:45 +0000] "GET / HTTP/1.1" 304 NaNs "-" "Mozilla/5.0 (X11; Linux x86_64) AppleWebKit/537.36 (KHTML, like Gecko) Chrome/130.0.0.0 Safari/537.36"
Metadata:
{
  "metadata": {
    "service": "user-service",
    "environment": "info",
    "type": "access_log",
    "component": "morgan"
  },
  "type": "access_log",
  "component": "morgan"
}
2024-11-18 16:35:46 info: ::1 - - [18/Nov/2024:13:05:46 +0000] "GET / HTTP/1.1" 304 NaNs "-" "Mozilla/5.0 (X11; Linux x86_64) AppleWebKit/537.36 (KHTML, like Gecko) Chrome/130.0.0.0 Safari/537.36"
Metadata:
{
  "metadata": {
    "service": "user-service",
    "environment": "info",
    "type": "access_log",
    "component": "morgan"
  },
  "type": "access_log",
  "component": "morgan"
}
2024-11-18 16:35:46 info: ::1 - - [18/Nov/2024:13:05:46 +0000] "GET / HTTP/1.1" 304 NaNs "-" "Mozilla/5.0 (X11; Linux x86_64) AppleWebKit/537.36 (KHTML, like Gecko) Chrome/130.0.0.0 Safari/537.36"
Metadata:
{
  "metadata": {
    "service": "user-service",
    "environment": "info",
    "type": "access_log",
    "component": "morgan"
  },
  "type": "access_log",
  "component": "morgan"
}
2024-11-18 16:35:46 info: ::1 - - [18/Nov/2024:13:05:46 +0000] "GET / HTTP/1.1" 304 NaNs "-" "Mozilla/5.0 (X11; Linux x86_64) AppleWebKit/537.36 (KHTML, like Gecko) Chrome/130.0.0.0 Safari/537.36"
Metadata:
{
  "metadata": {
    "service": "user-service",
    "environment": "info",
    "type": "access_log",
    "component": "morgan"
  },
  "type": "access_log",
  "component": "morgan"
}
2024-11-18T13:05:46.570Z error: logger.warn is not a function
Error Location: rateLimiter.middleware.js:137 (SuspiciousActivityDetector.checkActivity)
Full Path: /home/mhossein/Desktop/Cooleh.project/app/http/middlewares/rateLimiter.middleware.js
Metadata:
{
  "metadata": {
    "service": "user-service",
    "environment": "info",
    "trackingId": "028d3f1f-d6c2-4201-bc91-17b9a9646483",
    "errorName": "TypeError",
    "statusCode": 500,
    "path": "/",
    "method": "GET",
    "ip": "::1",
    "userAgent": "Mozilla/5.0 (X11; Linux x86_64) AppleWebKit/537.36 (KHTML, like Gecko) Chrome/130.0.0.0 Safari/537.36",
    "requestQuery": {}
  },
  "trackingId": "028d3f1f-d6c2-4201-bc91-17b9a9646483",
  "errorName": "TypeError",
  "statusCode": 500,
  "path": "/",
  "method": "GET",
  "ip": "::1",
  "userAgent": "Mozilla/5.0 (X11; Linux x86_64) AppleWebKit/537.36 (KHTML, like Gecko) Chrome/130.0.0.0 Safari/537.36",
  "environment": "info",
  "requestQuery": {}
}
2024-11-18T13:05:46.710Z error: دسترسی به این مسیر محدود شده است. لطفاً بعداً تلاش کنید.
Error Location: rateLimiter.middleware.js:178 (Object.handler)
Full Path: /home/mhossein/Desktop/Cooleh.project/app/http/middlewares/rateLimiter.middleware.js
Metadata:
{
  "metadata": {
    "service": "user-service",
    "environment": "info",
    "trackingId": "46df8ad9-2812-48e2-b444-bc2fb2f2ab88",
    "errorName": "RateLimitError",
    "statusCode": 429,
    "path": "/",
    "method": "GET",
    "ip": "::1",
    "userAgent": "Mozilla/5.0 (X11; Linux x86_64) AppleWebKit/537.36 (KHTML, like Gecko) Chrome/130.0.0.0 Safari/537.36",
    "requestQuery": {}
  },
  "trackingId": "46df8ad9-2812-48e2-b444-bc2fb2f2ab88",
  "errorName": "RateLimitError",
  "statusCode": 429,
  "path": "/",
  "method": "GET",
  "ip": "::1",
  "userAgent": "Mozilla/5.0 (X11; Linux x86_64) AppleWebKit/537.36 (KHTML, like Gecko) Chrome/130.0.0.0 Safari/537.36",
  "environment": "info",
  "requestQuery": {}
}
2024-11-18T13:05:46.857Z error: دسترسی به این مسیر محدود شده است. لطفاً بعداً تلاش کنید.
Error Location: rateLimiter.middleware.js:178 (Object.handler)
Full Path: /home/mhossein/Desktop/Cooleh.project/app/http/middlewares/rateLimiter.middleware.js
Metadata:
{
  "metadata": {
    "service": "user-service",
    "environment": "info",
    "trackingId": "c02566a1-42d7-4e8e-82df-6756452fd1c1",
    "errorName": "RateLimitError",
    "statusCode": 429,
    "path": "/",
    "method": "GET",
    "ip": "::1",
    "userAgent": "Mozilla/5.0 (X11; Linux x86_64) AppleWebKit/537.36 (KHTML, like Gecko) Chrome/130.0.0.0 Safari/537.36",
    "requestQuery": {}
  },
  "trackingId": "c02566a1-42d7-4e8e-82df-6756452fd1c1",
  "errorName": "RateLimitError",
  "statusCode": 429,
  "path": "/",
  "method": "GET",
  "ip": "::1",
  "userAgent": "Mozilla/5.0 (X11; Linux x86_64) AppleWebKit/537.36 (KHTML, like Gecko) Chrome/130.0.0.0 Safari/537.36",
  "environment": "info",
  "requestQuery": {}
}
2024-11-18T13:05:49.491Z error: دسترسی به این مسیر محدود شده است. لطفاً بعداً تلاش کنید.
Error Location: rateLimiter.middleware.js:178 (Object.handler)
Full Path: /home/mhossein/Desktop/Cooleh.project/app/http/middlewares/rateLimiter.middleware.js
Metadata:
{
  "metadata": {
    "service": "user-service",
    "environment": "info",
    "trackingId": "5fe942dc-cbbc-4649-9475-6149191a4174",
    "errorName": "RateLimitError",
    "statusCode": 429,
    "path": "/",
    "method": "GET",
    "ip": "::1",
    "userAgent": "Mozilla/5.0 (X11; Linux x86_64) AppleWebKit/537.36 (KHTML, like Gecko) Chrome/130.0.0.0 Safari/537.36",
    "requestQuery": {}
  },
  "trackingId": "5fe942dc-cbbc-4649-9475-6149191a4174",
  "errorName": "RateLimitError",
  "statusCode": 429,
  "path": "/",
  "method": "GET",
  "ip": "::1",
  "userAgent": "Mozilla/5.0 (X11; Linux x86_64) AppleWebKit/537.36 (KHTML, like Gecko) Chrome/130.0.0.0 Safari/537.36",
  "environment": "info",
  "requestQuery": {}
}
2024-11-18 16:36:54 info: Server is running at http://localhost:7000
Metadata:
{
  "metadata": {
    "service": "user-service",
    "environment": "info"
  }
}
2024-11-18 16:36:54 info: Connected to MongoDB
Metadata:
{
  "metadata": {
    "service": "user-service",
    "environment": "info"
  }
}
2024-11-18 16:36:54 info: PrismaORM connected to MariaDB
Metadata:
{
  "metadata": {
    "service": "user-service",
    "environment": "info"
  }
}
2024-11-18T13:07:09.293Z error: دسترسی به این مسیر محدود شده است. لطفاً بعداً تلاش کنید.
Error Location: rateLimiter.middleware.js:178 (Object.handler)
Full Path: /home/mhossein/Desktop/Cooleh.project/app/http/middlewares/rateLimiter.middleware.js
Metadata:
{
  "metadata": {
    "service": "user-service",
    "environment": "info",
    "trackingId": "83e853eb-1f83-4344-95aa-ee88b2868a50",
    "errorName": "RateLimitError",
    "statusCode": 429,
    "path": "/",
    "method": "GET",
    "ip": "::1",
    "userAgent": "Mozilla/5.0 (X11; Linux x86_64) AppleWebKit/537.36 (KHTML, like Gecko) Chrome/130.0.0.0 Safari/537.36",
    "requestQuery": {}
  },
  "trackingId": "83e853eb-1f83-4344-95aa-ee88b2868a50",
  "errorName": "RateLimitError",
  "statusCode": 429,
  "path": "/",
  "method": "GET",
  "ip": "::1",
  "userAgent": "Mozilla/5.0 (X11; Linux x86_64) AppleWebKit/537.36 (KHTML, like Gecko) Chrome/130.0.0.0 Safari/537.36",
  "environment": "info",
  "requestQuery": {}
}
2024-11-18T13:07:10.508Z error: دسترسی به این مسیر محدود شده است. لطفاً بعداً تلاش کنید.
Error Location: rateLimiter.middleware.js:178 (Object.handler)
Full Path: /home/mhossein/Desktop/Cooleh.project/app/http/middlewares/rateLimiter.middleware.js
Metadata:
{
  "metadata": {
    "service": "user-service",
    "environment": "info",
    "trackingId": "88d2866d-b405-42f5-ad3e-b33bd55b3732",
    "errorName": "RateLimitError",
    "statusCode": 429,
    "path": "/",
    "method": "GET",
    "ip": "::1",
    "userAgent": "Mozilla/5.0 (X11; Linux x86_64) AppleWebKit/537.36 (KHTML, like Gecko) Chrome/130.0.0.0 Safari/537.36",
    "requestQuery": {}
  },
  "trackingId": "88d2866d-b405-42f5-ad3e-b33bd55b3732",
  "errorName": "RateLimitError",
  "statusCode": 429,
  "path": "/",
  "method": "GET",
  "ip": "::1",
  "userAgent": "Mozilla/5.0 (X11; Linux x86_64) AppleWebKit/537.36 (KHTML, like Gecko) Chrome/130.0.0.0 Safari/537.36",
  "environment": "info",
  "requestQuery": {}
}
2024-11-18T13:07:10.941Z error: دسترسی به این مسیر محدود شده است. لطفاً بعداً تلاش کنید.
Error Location: rateLimiter.middleware.js:178 (Object.handler)
Full Path: /home/mhossein/Desktop/Cooleh.project/app/http/middlewares/rateLimiter.middleware.js
Metadata:
{
  "metadata": {
    "service": "user-service",
    "environment": "info",
    "trackingId": "66a276c0-0bd9-4f3a-8a31-ac109ca243dd",
    "errorName": "RateLimitError",
    "statusCode": 429,
    "path": "/",
    "method": "GET",
    "ip": "::1",
    "userAgent": "Mozilla/5.0 (X11; Linux x86_64) AppleWebKit/537.36 (KHTML, like Gecko) Chrome/130.0.0.0 Safari/537.36",
    "requestQuery": {}
  },
  "trackingId": "66a276c0-0bd9-4f3a-8a31-ac109ca243dd",
  "errorName": "RateLimitError",
  "statusCode": 429,
  "path": "/",
  "method": "GET",
  "ip": "::1",
  "userAgent": "Mozilla/5.0 (X11; Linux x86_64) AppleWebKit/537.36 (KHTML, like Gecko) Chrome/130.0.0.0 Safari/537.36",
  "environment": "info",
  "requestQuery": {}
}
2024-11-18T13:07:11.085Z error: دسترسی به این مسیر محدود شده است. لطفاً بعداً تلاش کنید.
Error Location: rateLimiter.middleware.js:178 (Object.handler)
Full Path: /home/mhossein/Desktop/Cooleh.project/app/http/middlewares/rateLimiter.middleware.js
Metadata:
{
  "metadata": {
    "service": "user-service",
    "environment": "info",
    "trackingId": "7a9e0c31-3f78-4c8d-8bc3-10015e47d39c",
    "errorName": "RateLimitError",
    "statusCode": 429,
    "path": "/",
    "method": "GET",
    "ip": "::1",
    "userAgent": "Mozilla/5.0 (X11; Linux x86_64) AppleWebKit/537.36 (KHTML, like Gecko) Chrome/130.0.0.0 Safari/537.36",
    "requestQuery": {}
  },
  "trackingId": "7a9e0c31-3f78-4c8d-8bc3-10015e47d39c",
  "errorName": "RateLimitError",
  "statusCode": 429,
  "path": "/",
  "method": "GET",
  "ip": "::1",
  "userAgent": "Mozilla/5.0 (X11; Linux x86_64) AppleWebKit/537.36 (KHTML, like Gecko) Chrome/130.0.0.0 Safari/537.36",
  "environment": "info",
  "requestQuery": {}
}
2024-11-18T13:07:11.228Z error: دسترسی به این مسیر محدود شده است. لطفاً بعداً تلاش کنید.
Error Location: rateLimiter.middleware.js:178 (Object.handler)
Full Path: /home/mhossein/Desktop/Cooleh.project/app/http/middlewares/rateLimiter.middleware.js
Metadata:
{
  "metadata": {
    "service": "user-service",
    "environment": "info",
    "trackingId": "ed0b4b09-2323-4c68-bdf4-3c196a570311",
    "errorName": "RateLimitError",
    "statusCode": 429,
    "path": "/",
    "method": "GET",
    "ip": "::1",
    "userAgent": "Mozilla/5.0 (X11; Linux x86_64) AppleWebKit/537.36 (KHTML, like Gecko) Chrome/130.0.0.0 Safari/537.36",
    "requestQuery": {}
  },
  "trackingId": "ed0b4b09-2323-4c68-bdf4-3c196a570311",
  "errorName": "RateLimitError",
  "statusCode": 429,
  "path": "/",
  "method": "GET",
  "ip": "::1",
  "userAgent": "Mozilla/5.0 (X11; Linux x86_64) AppleWebKit/537.36 (KHTML, like Gecko) Chrome/130.0.0.0 Safari/537.36",
  "environment": "info",
  "requestQuery": {}
}
2024-11-18T13:07:11.352Z error: دسترسی به این مسیر محدود شده است. لطفاً بعداً تلاش کنید.
Error Location: rateLimiter.middleware.js:178 (Object.handler)
Full Path: /home/mhossein/Desktop/Cooleh.project/app/http/middlewares/rateLimiter.middleware.js
Metadata:
{
  "metadata": {
    "service": "user-service",
    "environment": "info",
    "trackingId": "55df16fe-d7c0-4fc6-bffa-263e4fa53d65",
    "errorName": "RateLimitError",
    "statusCode": 429,
    "path": "/",
    "method": "GET",
    "ip": "::1",
    "userAgent": "Mozilla/5.0 (X11; Linux x86_64) AppleWebKit/537.36 (KHTML, like Gecko) Chrome/130.0.0.0 Safari/537.36",
    "requestQuery": {}
  },
  "trackingId": "55df16fe-d7c0-4fc6-bffa-263e4fa53d65",
  "errorName": "RateLimitError",
  "statusCode": 429,
  "path": "/",
  "method": "GET",
  "ip": "::1",
  "userAgent": "Mozilla/5.0 (X11; Linux x86_64) AppleWebKit/537.36 (KHTML, like Gecko) Chrome/130.0.0.0 Safari/537.36",
  "environment": "info",
  "requestQuery": {}
}
2024-11-18T13:07:11.719Z error: دسترسی به این مسیر محدود شده است. لطفاً بعداً تلاش کنید.
Error Location: rateLimiter.middleware.js:178 (Object.handler)
Full Path: /home/mhossein/Desktop/Cooleh.project/app/http/middlewares/rateLimiter.middleware.js
Metadata:
{
  "metadata": {
    "service": "user-service",
    "environment": "info",
    "trackingId": "dcb3ed2f-dfe6-4658-a52b-f793223cda97",
    "errorName": "RateLimitError",
    "statusCode": 429,
    "path": "/",
    "method": "GET",
    "ip": "::1",
    "userAgent": "Mozilla/5.0 (X11; Linux x86_64) AppleWebKit/537.36 (KHTML, like Gecko) Chrome/130.0.0.0 Safari/537.36",
    "requestQuery": {}
  },
  "trackingId": "dcb3ed2f-dfe6-4658-a52b-f793223cda97",
  "errorName": "RateLimitError",
  "statusCode": 429,
  "path": "/",
  "method": "GET",
  "ip": "::1",
  "userAgent": "Mozilla/5.0 (X11; Linux x86_64) AppleWebKit/537.36 (KHTML, like Gecko) Chrome/130.0.0.0 Safari/537.36",
  "environment": "info",
  "requestQuery": {}
}
2024-11-18T13:07:11.988Z error: دسترسی به این مسیر محدود شده است. لطفاً بعداً تلاش کنید.
Error Location: rateLimiter.middleware.js:178 (Object.handler)
Full Path: /home/mhossein/Desktop/Cooleh.project/app/http/middlewares/rateLimiter.middleware.js
Metadata:
{
  "metadata": {
    "service": "user-service",
    "environment": "info",
    "trackingId": "4ec7181c-a016-45eb-b146-bae398bd564d",
    "errorName": "RateLimitError",
    "statusCode": 429,
    "path": "/",
    "method": "GET",
    "ip": "::1",
    "userAgent": "Mozilla/5.0 (X11; Linux x86_64) AppleWebKit/537.36 (KHTML, like Gecko) Chrome/130.0.0.0 Safari/537.36",
    "requestQuery": {}
  },
  "trackingId": "4ec7181c-a016-45eb-b146-bae398bd564d",
  "errorName": "RateLimitError",
  "statusCode": 429,
  "path": "/",
  "method": "GET",
  "ip": "::1",
  "userAgent": "Mozilla/5.0 (X11; Linux x86_64) AppleWebKit/537.36 (KHTML, like Gecko) Chrome/130.0.0.0 Safari/537.36",
  "environment": "info",
  "requestQuery": {}
}
2024-11-18 16:39:49 info: Server is running at http://localhost:7000
Metadata:
{
  "metadata": {
    "service": "user-service",
    "environment": "info"
  }
}
2024-11-18 16:39:49 info: Connected to MongoDB
Metadata:
{
  "metadata": {
    "service": "user-service",
    "environment": "info"
  }
}
2024-11-18 16:39:50 info: PrismaORM connected to MariaDB
Metadata:
{
  "metadata": {
    "service": "user-service",
    "environment": "info"
  }
}
2024-11-18T13:09:54.774Z error: دسترسی به این مسیر محدود شده است. لطفاً بعداً تلاش کنید.
Error Location: rateLimiter.middleware.js:176 (Object.handler)
Full Path: /home/mhossein/Desktop/Cooleh.project/app/http/middlewares/rateLimiter.middleware.js
Metadata:
{
  "metadata": {
    "service": "user-service",
    "environment": "info",
    "trackingId": "935cb4f9-43e4-4af2-bdc4-dd0e149bfb17",
    "errorName": "RateLimitError",
    "statusCode": 429,
    "path": "/",
    "method": "GET",
    "ip": "::1",
    "userAgent": "Mozilla/5.0 (X11; Linux x86_64) AppleWebKit/537.36 (KHTML, like Gecko) Chrome/130.0.0.0 Safari/537.36",
    "requestQuery": {}
  },
  "trackingId": "935cb4f9-43e4-4af2-bdc4-dd0e149bfb17",
  "errorName": "RateLimitError",
  "statusCode": 429,
  "path": "/",
  "method": "GET",
  "ip": "::1",
  "userAgent": "Mozilla/5.0 (X11; Linux x86_64) AppleWebKit/537.36 (KHTML, like Gecko) Chrome/130.0.0.0 Safari/537.36",
  "environment": "info",
  "requestQuery": {}
}
2024-11-18T13:09:55.648Z error: دسترسی به این مسیر محدود شده است. لطفاً بعداً تلاش کنید.
Error Location: rateLimiter.middleware.js:176 (Object.handler)
Full Path: /home/mhossein/Desktop/Cooleh.project/app/http/middlewares/rateLimiter.middleware.js
Metadata:
{
  "metadata": {
    "service": "user-service",
    "environment": "info",
    "trackingId": "870e85bd-0af6-49a6-b086-c53fe6021d97",
    "errorName": "RateLimitError",
    "statusCode": 429,
    "path": "/",
    "method": "GET",
    "ip": "::1",
    "userAgent": "Mozilla/5.0 (X11; Linux x86_64) AppleWebKit/537.36 (KHTML, like Gecko) Chrome/130.0.0.0 Safari/537.36",
    "requestQuery": {}
  },
  "trackingId": "870e85bd-0af6-49a6-b086-c53fe6021d97",
  "errorName": "RateLimitError",
  "statusCode": 429,
  "path": "/",
  "method": "GET",
  "ip": "::1",
  "userAgent": "Mozilla/5.0 (X11; Linux x86_64) AppleWebKit/537.36 (KHTML, like Gecko) Chrome/130.0.0.0 Safari/537.36",
  "environment": "info",
  "requestQuery": {}
}
2024-11-18T13:09:56.144Z error: دسترسی به این مسیر محدود شده است. لطفاً بعداً تلاش کنید.
Error Location: rateLimiter.middleware.js:176 (Object.handler)
Full Path: /home/mhossein/Desktop/Cooleh.project/app/http/middlewares/rateLimiter.middleware.js
Metadata:
{
  "metadata": {
    "service": "user-service",
    "environment": "info",
    "trackingId": "ff7a4a3f-7e10-42ec-8eea-a744a9f96b55",
    "errorName": "RateLimitError",
    "statusCode": 429,
    "path": "/",
    "method": "GET",
    "ip": "::1",
    "userAgent": "Mozilla/5.0 (X11; Linux x86_64) AppleWebKit/537.36 (KHTML, like Gecko) Chrome/130.0.0.0 Safari/537.36",
    "requestQuery": {}
  },
  "trackingId": "ff7a4a3f-7e10-42ec-8eea-a744a9f96b55",
  "errorName": "RateLimitError",
  "statusCode": 429,
  "path": "/",
  "method": "GET",
  "ip": "::1",
  "userAgent": "Mozilla/5.0 (X11; Linux x86_64) AppleWebKit/537.36 (KHTML, like Gecko) Chrome/130.0.0.0 Safari/537.36",
  "environment": "info",
  "requestQuery": {}
}
2024-11-18 16:40:14 info: ::1 - - [18/Nov/2024:13:10:14 +0000] "GET / HTTP/1.1" 200 NaNs "-" "Mozilla/5.0 (X11; Linux x86_64) AppleWebKit/537.36 (KHTML, like Gecko) Chrome/130.0.0.0 Safari/537.36"
Metadata:
{
  "metadata": {
    "service": "user-service",
    "environment": "info",
    "type": "access_log",
    "component": "morgan"
  },
  "type": "access_log",
  "component": "morgan"
}
2024-11-18 16:40:15 info: ::1 - - [18/Nov/2024:13:10:15 +0000] "GET / HTTP/1.1" 304 NaNs "-" "Mozilla/5.0 (X11; Linux x86_64) AppleWebKit/537.36 (KHTML, like Gecko) Chrome/130.0.0.0 Safari/537.36"
Metadata:
{
  "metadata": {
    "service": "user-service",
    "environment": "info",
    "type": "access_log",
    "component": "morgan"
  },
  "type": "access_log",
  "component": "morgan"
}
2024-11-18 16:40:15 info: ::1 - - [18/Nov/2024:13:10:15 +0000] "GET / HTTP/1.1" 304 NaNs "-" "Mozilla/5.0 (X11; Linux x86_64) AppleWebKit/537.36 (KHTML, like Gecko) Chrome/130.0.0.0 Safari/537.36"
Metadata:
{
  "metadata": {
    "service": "user-service",
    "environment": "info",
    "type": "access_log",
    "component": "morgan"
  },
  "type": "access_log",
  "component": "morgan"
}
2024-11-18 16:40:16 info: ::1 - - [18/Nov/2024:13:10:16 +0000] "GET / HTTP/1.1" 304 NaNs "-" "Mozilla/5.0 (X11; Linux x86_64) AppleWebKit/537.36 (KHTML, like Gecko) Chrome/130.0.0.0 Safari/537.36"
Metadata:
{
  "metadata": {
    "service": "user-service",
    "environment": "info",
    "type": "access_log",
    "component": "morgan"
  },
  "type": "access_log",
  "component": "morgan"
}
2024-11-18 16:40:16 info: ::1 - - [18/Nov/2024:13:10:16 +0000] "GET / HTTP/1.1" 304 NaNs "-" "Mozilla/5.0 (X11; Linux x86_64) AppleWebKit/537.36 (KHTML, like Gecko) Chrome/130.0.0.0 Safari/537.36"
Metadata:
{
  "metadata": {
    "service": "user-service",
    "environment": "info",
    "type": "access_log",
    "component": "morgan"
  },
  "type": "access_log",
  "component": "morgan"
}
2024-11-18 16:40:16 info: ::1 - - [18/Nov/2024:13:10:16 +0000] "GET / HTTP/1.1" 304 NaNs "-" "Mozilla/5.0 (X11; Linux x86_64) AppleWebKit/537.36 (KHTML, like Gecko) Chrome/130.0.0.0 Safari/537.36"
Metadata:
{
  "metadata": {
    "service": "user-service",
    "environment": "info",
    "type": "access_log",
    "component": "morgan"
  },
  "type": "access_log",
  "component": "morgan"
}
2024-11-18 16:40:17 info: ::1 - - [18/Nov/2024:13:10:17 +0000] "GET / HTTP/1.1" 304 NaNs "-" "Mozilla/5.0 (X11; Linux x86_64) AppleWebKit/537.36 (KHTML, like Gecko) Chrome/130.0.0.0 Safari/537.36"
Metadata:
{
  "metadata": {
    "service": "user-service",
    "environment": "info",
    "type": "access_log",
    "component": "morgan"
  },
  "type": "access_log",
  "component": "morgan"
}
2024-11-18 16:40:17 info: ::1 - - [18/Nov/2024:13:10:17 +0000] "GET / HTTP/1.1" 304 NaNs "-" "Mozilla/5.0 (X11; Linux x86_64) AppleWebKit/537.36 (KHTML, like Gecko) Chrome/130.0.0.0 Safari/537.36"
Metadata:
{
  "metadata": {
    "service": "user-service",
    "environment": "info",
    "type": "access_log",
    "component": "morgan"
  },
  "type": "access_log",
  "component": "morgan"
}
2024-11-18 16:40:18 info: ::1 - - [18/Nov/2024:13:10:18 +0000] "GET / HTTP/1.1" 304 NaNs "-" "Mozilla/5.0 (X11; Linux x86_64) AppleWebKit/537.36 (KHTML, like Gecko) Chrome/130.0.0.0 Safari/537.36"
Metadata:
{
  "metadata": {
    "service": "user-service",
    "environment": "info",
    "type": "access_log",
    "component": "morgan"
  },
  "type": "access_log",
  "component": "morgan"
}
2024-11-18 16:40:18 info: ::1 - - [18/Nov/2024:13:10:18 +0000] "GET / HTTP/1.1" 304 NaNs "-" "Mozilla/5.0 (X11; Linux x86_64) AppleWebKit/537.36 (KHTML, like Gecko) Chrome/130.0.0.0 Safari/537.36"
Metadata:
{
  "metadata": {
    "service": "user-service",
    "environment": "info",
    "type": "access_log",
    "component": "morgan"
  },
  "type": "access_log",
  "component": "morgan"
}
2024-11-18T13:10:18.899Z error: دسترسی به این مسیر محدود شده است. لطفاً بعداً تلاش کنید.
Error Location: rateLimiter.middleware.js:176 (Object.handler)
Full Path: /home/mhossein/Desktop/Cooleh.project/app/http/middlewares/rateLimiter.middleware.js
Metadata:
{
  "metadata": {
    "service": "user-service",
    "environment": "info",
    "trackingId": "02045f4c-27a6-4ec1-a7f4-e21323ce8646",
    "errorName": "RateLimitError",
    "statusCode": 429,
    "path": "/",
    "method": "GET",
    "ip": "::1",
    "userAgent": "Mozilla/5.0 (X11; Linux x86_64) AppleWebKit/537.36 (KHTML, like Gecko) Chrome/130.0.0.0 Safari/537.36",
    "requestQuery": {}
  },
  "trackingId": "02045f4c-27a6-4ec1-a7f4-e21323ce8646",
  "errorName": "RateLimitError",
  "statusCode": 429,
  "path": "/",
  "method": "GET",
  "ip": "::1",
  "userAgent": "Mozilla/5.0 (X11; Linux x86_64) AppleWebKit/537.36 (KHTML, like Gecko) Chrome/130.0.0.0 Safari/537.36",
  "environment": "info",
  "requestQuery": {}
}
2024-11-18T13:10:29.502Z error: دسترسی به این مسیر محدود شده است. لطفاً بعداً تلاش کنید.
Error Location: rateLimiter.middleware.js:176 (Object.handler)
Full Path: /home/mhossein/Desktop/Cooleh.project/app/http/middlewares/rateLimiter.middleware.js
Metadata:
{
  "metadata": {
    "service": "user-service",
    "environment": "info",
    "trackingId": "7ad1a8cb-1a46-4571-aaaa-82780284cf71",
    "errorName": "RateLimitError",
    "statusCode": 429,
    "path": "/",
    "method": "GET",
    "ip": "::1",
    "userAgent": "Mozilla/5.0 (X11; Linux x86_64) AppleWebKit/537.36 (KHTML, like Gecko) Chrome/130.0.0.0 Safari/537.36",
    "requestQuery": {}
  },
  "trackingId": "7ad1a8cb-1a46-4571-aaaa-82780284cf71",
  "errorName": "RateLimitError",
  "statusCode": 429,
  "path": "/",
  "method": "GET",
  "ip": "::1",
  "userAgent": "Mozilla/5.0 (X11; Linux x86_64) AppleWebKit/537.36 (KHTML, like Gecko) Chrome/130.0.0.0 Safari/537.36",
  "environment": "info",
  "requestQuery": {}
}
2024-11-18T13:10:29.975Z error: دسترسی به این مسیر محدود شده است. لطفاً بعداً تلاش کنید.
Error Location: rateLimiter.middleware.js:176 (Object.handler)
Full Path: /home/mhossein/Desktop/Cooleh.project/app/http/middlewares/rateLimiter.middleware.js
Metadata:
{
  "metadata": {
    "service": "user-service",
    "environment": "info",
    "trackingId": "958c60ef-c6fb-468a-ac86-009b2e8c237c",
    "errorName": "RateLimitError",
    "statusCode": 429,
    "path": "/",
    "method": "GET",
    "ip": "::1",
    "userAgent": "Mozilla/5.0 (X11; Linux x86_64) AppleWebKit/537.36 (KHTML, like Gecko) Chrome/130.0.0.0 Safari/537.36",
    "requestQuery": {}
  },
  "trackingId": "958c60ef-c6fb-468a-ac86-009b2e8c237c",
  "errorName": "RateLimitError",
  "statusCode": 429,
  "path": "/",
  "method": "GET",
  "ip": "::1",
  "userAgent": "Mozilla/5.0 (X11; Linux x86_64) AppleWebKit/537.36 (KHTML, like Gecko) Chrome/130.0.0.0 Safari/537.36",
  "environment": "info",
  "requestQuery": {}
}
2024-11-18T13:10:30.357Z error: دسترسی به این مسیر محدود شده است. لطفاً بعداً تلاش کنید.
Error Location: rateLimiter.middleware.js:176 (Object.handler)
Full Path: /home/mhossein/Desktop/Cooleh.project/app/http/middlewares/rateLimiter.middleware.js
Metadata:
{
  "metadata": {
    "service": "user-service",
    "environment": "info",
    "trackingId": "2ef9731c-f7ce-4998-b277-abf3e9b0a57b",
    "errorName": "RateLimitError",
    "statusCode": 429,
    "path": "/",
    "method": "GET",
    "ip": "::1",
    "userAgent": "Mozilla/5.0 (X11; Linux x86_64) AppleWebKit/537.36 (KHTML, like Gecko) Chrome/130.0.0.0 Safari/537.36",
    "requestQuery": {}
  },
  "trackingId": "2ef9731c-f7ce-4998-b277-abf3e9b0a57b",
  "errorName": "RateLimitError",
  "statusCode": 429,
  "path": "/",
  "method": "GET",
  "ip": "::1",
  "userAgent": "Mozilla/5.0 (X11; Linux x86_64) AppleWebKit/537.36 (KHTML, like Gecko) Chrome/130.0.0.0 Safari/537.36",
  "environment": "info",
  "requestQuery": {}
}
2024-11-18T13:10:30.537Z error: دسترسی به این مسیر محدود شده است. لطفاً بعداً تلاش کنید.
Error Location: rateLimiter.middleware.js:176 (Object.handler)
Full Path: /home/mhossein/Desktop/Cooleh.project/app/http/middlewares/rateLimiter.middleware.js
Metadata:
{
  "metadata": {
    "service": "user-service",
    "environment": "info",
    "trackingId": "e3b0b95a-ca46-4f79-888c-65ee787461dd",
    "errorName": "RateLimitError",
    "statusCode": 429,
    "path": "/",
    "method": "GET",
    "ip": "::1",
    "userAgent": "Mozilla/5.0 (X11; Linux x86_64) AppleWebKit/537.36 (KHTML, like Gecko) Chrome/130.0.0.0 Safari/537.36",
    "requestQuery": {}
  },
  "trackingId": "e3b0b95a-ca46-4f79-888c-65ee787461dd",
  "errorName": "RateLimitError",
  "statusCode": 429,
  "path": "/",
  "method": "GET",
  "ip": "::1",
  "userAgent": "Mozilla/5.0 (X11; Linux x86_64) AppleWebKit/537.36 (KHTML, like Gecko) Chrome/130.0.0.0 Safari/537.36",
  "environment": "info",
  "requestQuery": {}
}
2024-11-18T13:10:30.709Z error: دسترسی به این مسیر محدود شده است. لطفاً بعداً تلاش کنید.
Error Location: rateLimiter.middleware.js:176 (Object.handler)
Full Path: /home/mhossein/Desktop/Cooleh.project/app/http/middlewares/rateLimiter.middleware.js
Metadata:
{
  "metadata": {
    "service": "user-service",
    "environment": "info",
    "trackingId": "f13a60b3-e507-4912-907a-71fbd4d43cbb",
    "errorName": "RateLimitError",
    "statusCode": 429,
    "path": "/",
    "method": "GET",
    "ip": "::1",
    "userAgent": "Mozilla/5.0 (X11; Linux x86_64) AppleWebKit/537.36 (KHTML, like Gecko) Chrome/130.0.0.0 Safari/537.36",
    "requestQuery": {}
  },
  "trackingId": "f13a60b3-e507-4912-907a-71fbd4d43cbb",
  "errorName": "RateLimitError",
  "statusCode": 429,
  "path": "/",
  "method": "GET",
  "ip": "::1",
  "userAgent": "Mozilla/5.0 (X11; Linux x86_64) AppleWebKit/537.36 (KHTML, like Gecko) Chrome/130.0.0.0 Safari/537.36",
  "environment": "info",
  "requestQuery": {}
}
2024-11-18T13:10:30.930Z error: دسترسی به این مسیر محدود شده است. لطفاً بعداً تلاش کنید.
Error Location: rateLimiter.middleware.js:176 (Object.handler)
Full Path: /home/mhossein/Desktop/Cooleh.project/app/http/middlewares/rateLimiter.middleware.js
Metadata:
{
  "metadata": {
    "service": "user-service",
    "environment": "info",
    "trackingId": "951681b3-c400-4ac0-8215-6d87487f3981",
    "errorName": "RateLimitError",
    "statusCode": 429,
    "path": "/",
    "method": "GET",
    "ip": "::1",
    "userAgent": "Mozilla/5.0 (X11; Linux x86_64) AppleWebKit/537.36 (KHTML, like Gecko) Chrome/130.0.0.0 Safari/537.36",
    "requestQuery": {}
  },
  "trackingId": "951681b3-c400-4ac0-8215-6d87487f3981",
  "errorName": "RateLimitError",
  "statusCode": 429,
  "path": "/",
  "method": "GET",
  "ip": "::1",
  "userAgent": "Mozilla/5.0 (X11; Linux x86_64) AppleWebKit/537.36 (KHTML, like Gecko) Chrome/130.0.0.0 Safari/537.36",
  "environment": "info",
  "requestQuery": {}
}
2024-11-18T13:10:31.093Z error: دسترسی به این مسیر محدود شده است. لطفاً بعداً تلاش کنید.
Error Location: rateLimiter.middleware.js:176 (Object.handler)
Full Path: /home/mhossein/Desktop/Cooleh.project/app/http/middlewares/rateLimiter.middleware.js
Metadata:
{
  "metadata": {
    "service": "user-service",
    "environment": "info",
    "trackingId": "e3a1974b-921b-4e7d-afe4-78cbec77b6fb",
    "errorName": "RateLimitError",
    "statusCode": 429,
    "path": "/",
    "method": "GET",
    "ip": "::1",
    "userAgent": "Mozilla/5.0 (X11; Linux x86_64) AppleWebKit/537.36 (KHTML, like Gecko) Chrome/130.0.0.0 Safari/537.36",
    "requestQuery": {}
  },
  "trackingId": "e3a1974b-921b-4e7d-afe4-78cbec77b6fb",
  "errorName": "RateLimitError",
  "statusCode": 429,
  "path": "/",
  "method": "GET",
  "ip": "::1",
  "userAgent": "Mozilla/5.0 (X11; Linux x86_64) AppleWebKit/537.36 (KHTML, like Gecko) Chrome/130.0.0.0 Safari/537.36",
  "environment": "info",
  "requestQuery": {}
}
2024-11-18T13:10:31.282Z error: دسترسی به این مسیر محدود شده است. لطفاً بعداً تلاش کنید.
Error Location: rateLimiter.middleware.js:176 (Object.handler)
Full Path: /home/mhossein/Desktop/Cooleh.project/app/http/middlewares/rateLimiter.middleware.js
Metadata:
{
  "metadata": {
    "service": "user-service",
    "environment": "info",
    "trackingId": "deb4b269-9a8e-46be-b32d-4236bbcf580f",
    "errorName": "RateLimitError",
    "statusCode": 429,
    "path": "/",
    "method": "GET",
    "ip": "::1",
    "userAgent": "Mozilla/5.0 (X11; Linux x86_64) AppleWebKit/537.36 (KHTML, like Gecko) Chrome/130.0.0.0 Safari/537.36",
    "requestQuery": {}
  },
  "trackingId": "deb4b269-9a8e-46be-b32d-4236bbcf580f",
  "errorName": "RateLimitError",
  "statusCode": 429,
  "path": "/",
  "method": "GET",
  "ip": "::1",
  "userAgent": "Mozilla/5.0 (X11; Linux x86_64) AppleWebKit/537.36 (KHTML, like Gecko) Chrome/130.0.0.0 Safari/537.36",
  "environment": "info",
  "requestQuery": {}
}
2024-11-18T13:10:31.448Z error: دسترسی به این مسیر محدود شده است. لطفاً بعداً تلاش کنید.
Error Location: rateLimiter.middleware.js:176 (Object.handler)
Full Path: /home/mhossein/Desktop/Cooleh.project/app/http/middlewares/rateLimiter.middleware.js
Metadata:
{
  "metadata": {
    "service": "user-service",
    "environment": "info",
    "trackingId": "9d0b9643-4dfd-4aea-b3e8-b73937b366ca",
    "errorName": "RateLimitError",
    "statusCode": 429,
    "path": "/",
    "method": "GET",
    "ip": "::1",
    "userAgent": "Mozilla/5.0 (X11; Linux x86_64) AppleWebKit/537.36 (KHTML, like Gecko) Chrome/130.0.0.0 Safari/537.36",
    "requestQuery": {}
  },
  "trackingId": "9d0b9643-4dfd-4aea-b3e8-b73937b366ca",
  "errorName": "RateLimitError",
  "statusCode": 429,
  "path": "/",
  "method": "GET",
  "ip": "::1",
  "userAgent": "Mozilla/5.0 (X11; Linux x86_64) AppleWebKit/537.36 (KHTML, like Gecko) Chrome/130.0.0.0 Safari/537.36",
  "environment": "info",
  "requestQuery": {}
}
2024-11-18T13:10:31.616Z error: دسترسی به این مسیر محدود شده است. لطفاً بعداً تلاش کنید.
Error Location: rateLimiter.middleware.js:176 (Object.handler)
Full Path: /home/mhossein/Desktop/Cooleh.project/app/http/middlewares/rateLimiter.middleware.js
Metadata:
{
  "metadata": {
    "service": "user-service",
    "environment": "info",
    "trackingId": "768b0de7-aee3-415a-bc5f-e26f40bafcec",
    "errorName": "RateLimitError",
    "statusCode": 429,
    "path": "/",
    "method": "GET",
    "ip": "::1",
    "userAgent": "Mozilla/5.0 (X11; Linux x86_64) AppleWebKit/537.36 (KHTML, like Gecko) Chrome/130.0.0.0 Safari/537.36",
    "requestQuery": {}
  },
  "trackingId": "768b0de7-aee3-415a-bc5f-e26f40bafcec",
  "errorName": "RateLimitError",
  "statusCode": 429,
  "path": "/",
  "method": "GET",
  "ip": "::1",
  "userAgent": "Mozilla/5.0 (X11; Linux x86_64) AppleWebKit/537.36 (KHTML, like Gecko) Chrome/130.0.0.0 Safari/537.36",
  "environment": "info",
  "requestQuery": {}
}
2024-11-18T13:10:31.738Z error: دسترسی به این مسیر محدود شده است. لطفاً بعداً تلاش کنید.
Error Location: rateLimiter.middleware.js:176 (Object.handler)
Full Path: /home/mhossein/Desktop/Cooleh.project/app/http/middlewares/rateLimiter.middleware.js
Metadata:
{
  "metadata": {
    "service": "user-service",
    "environment": "info",
    "trackingId": "bf040420-1511-4022-bdd7-c0fe93dbde59",
    "errorName": "RateLimitError",
    "statusCode": 429,
    "path": "/",
    "method": "GET",
    "ip": "::1",
    "userAgent": "Mozilla/5.0 (X11; Linux x86_64) AppleWebKit/537.36 (KHTML, like Gecko) Chrome/130.0.0.0 Safari/537.36",
    "requestQuery": {}
  },
  "trackingId": "bf040420-1511-4022-bdd7-c0fe93dbde59",
  "errorName": "RateLimitError",
  "statusCode": 429,
  "path": "/",
  "method": "GET",
  "ip": "::1",
  "userAgent": "Mozilla/5.0 (X11; Linux x86_64) AppleWebKit/537.36 (KHTML, like Gecko) Chrome/130.0.0.0 Safari/537.36",
  "environment": "info",
  "requestQuery": {}
}
2024-11-18T13:10:31.886Z error: دسترسی به این مسیر محدود شده است. لطفاً بعداً تلاش کنید.
Error Location: rateLimiter.middleware.js:176 (Object.handler)
Full Path: /home/mhossein/Desktop/Cooleh.project/app/http/middlewares/rateLimiter.middleware.js
Metadata:
{
  "metadata": {
    "service": "user-service",
    "environment": "info",
    "trackingId": "07e213a9-5b58-459e-a522-4d39dd4f480f",
    "errorName": "RateLimitError",
    "statusCode": 429,
    "path": "/",
    "method": "GET",
    "ip": "::1",
    "userAgent": "Mozilla/5.0 (X11; Linux x86_64) AppleWebKit/537.36 (KHTML, like Gecko) Chrome/130.0.0.0 Safari/537.36",
    "requestQuery": {}
  },
  "trackingId": "07e213a9-5b58-459e-a522-4d39dd4f480f",
  "errorName": "RateLimitError",
  "statusCode": 429,
  "path": "/",
  "method": "GET",
  "ip": "::1",
  "userAgent": "Mozilla/5.0 (X11; Linux x86_64) AppleWebKit/537.36 (KHTML, like Gecko) Chrome/130.0.0.0 Safari/537.36",
  "environment": "info",
  "requestQuery": {}
}
2024-11-18T13:10:32.043Z error: دسترسی به این مسیر محدود شده است. لطفاً بعداً تلاش کنید.
Error Location: rateLimiter.middleware.js:176 (Object.handler)
Full Path: /home/mhossein/Desktop/Cooleh.project/app/http/middlewares/rateLimiter.middleware.js
Metadata:
{
  "metadata": {
    "service": "user-service",
    "environment": "info",
    "trackingId": "9bd308e6-880a-4b88-a588-b2d5d8fda5d3",
    "errorName": "RateLimitError",
    "statusCode": 429,
    "path": "/",
    "method": "GET",
    "ip": "::1",
    "userAgent": "Mozilla/5.0 (X11; Linux x86_64) AppleWebKit/537.36 (KHTML, like Gecko) Chrome/130.0.0.0 Safari/537.36",
    "requestQuery": {}
  },
  "trackingId": "9bd308e6-880a-4b88-a588-b2d5d8fda5d3",
  "errorName": "RateLimitError",
  "statusCode": 429,
  "path": "/",
  "method": "GET",
  "ip": "::1",
  "userAgent": "Mozilla/5.0 (X11; Linux x86_64) AppleWebKit/537.36 (KHTML, like Gecko) Chrome/130.0.0.0 Safari/537.36",
  "environment": "info",
  "requestQuery": {}
}
2024-11-18T13:10:32.195Z error: دسترسی به این مسیر محدود شده است. لطفاً بعداً تلاش کنید.
Error Location: rateLimiter.middleware.js:176 (Object.handler)
Full Path: /home/mhossein/Desktop/Cooleh.project/app/http/middlewares/rateLimiter.middleware.js
Metadata:
{
  "metadata": {
    "service": "user-service",
    "environment": "info",
    "trackingId": "130f5c40-6325-4718-ba35-5ea23c54874c",
    "errorName": "RateLimitError",
    "statusCode": 429,
    "path": "/",
    "method": "GET",
    "ip": "::1",
    "userAgent": "Mozilla/5.0 (X11; Linux x86_64) AppleWebKit/537.36 (KHTML, like Gecko) Chrome/130.0.0.0 Safari/537.36",
    "requestQuery": {}
  },
  "trackingId": "130f5c40-6325-4718-ba35-5ea23c54874c",
  "errorName": "RateLimitError",
  "statusCode": 429,
  "path": "/",
  "method": "GET",
  "ip": "::1",
  "userAgent": "Mozilla/5.0 (X11; Linux x86_64) AppleWebKit/537.36 (KHTML, like Gecko) Chrome/130.0.0.0 Safari/537.36",
  "environment": "info",
  "requestQuery": {}
}
2024-11-18T13:10:32.346Z error: دسترسی به این مسیر محدود شده است. لطفاً بعداً تلاش کنید.
Error Location: rateLimiter.middleware.js:176 (Object.handler)
Full Path: /home/mhossein/Desktop/Cooleh.project/app/http/middlewares/rateLimiter.middleware.js
Metadata:
{
  "metadata": {
    "service": "user-service",
    "environment": "info",
    "trackingId": "ac434810-b904-474c-9b0b-ca3f0820f502",
    "errorName": "RateLimitError",
    "statusCode": 429,
    "path": "/",
    "method": "GET",
    "ip": "::1",
    "userAgent": "Mozilla/5.0 (X11; Linux x86_64) AppleWebKit/537.36 (KHTML, like Gecko) Chrome/130.0.0.0 Safari/537.36",
    "requestQuery": {}
  },
  "trackingId": "ac434810-b904-474c-9b0b-ca3f0820f502",
  "errorName": "RateLimitError",
  "statusCode": 429,
  "path": "/",
  "method": "GET",
  "ip": "::1",
  "userAgent": "Mozilla/5.0 (X11; Linux x86_64) AppleWebKit/537.36 (KHTML, like Gecko) Chrome/130.0.0.0 Safari/537.36",
  "environment": "info",
  "requestQuery": {}
}
2024-11-18T13:10:32.501Z error: دسترسی به این مسیر محدود شده است. لطفاً بعداً تلاش کنید.
Error Location: rateLimiter.middleware.js:176 (Object.handler)
Full Path: /home/mhossein/Desktop/Cooleh.project/app/http/middlewares/rateLimiter.middleware.js
Metadata:
{
  "metadata": {
    "service": "user-service",
    "environment": "info",
    "trackingId": "0beafd51-338a-4914-8015-b37bc6bffea9",
    "errorName": "RateLimitError",
    "statusCode": 429,
    "path": "/",
    "method": "GET",
    "ip": "::1",
    "userAgent": "Mozilla/5.0 (X11; Linux x86_64) AppleWebKit/537.36 (KHTML, like Gecko) Chrome/130.0.0.0 Safari/537.36",
    "requestQuery": {}
  },
  "trackingId": "0beafd51-338a-4914-8015-b37bc6bffea9",
  "errorName": "RateLimitError",
  "statusCode": 429,
  "path": "/",
  "method": "GET",
  "ip": "::1",
  "userAgent": "Mozilla/5.0 (X11; Linux x86_64) AppleWebKit/537.36 (KHTML, like Gecko) Chrome/130.0.0.0 Safari/537.36",
  "environment": "info",
  "requestQuery": {}
}
2024-11-18T13:10:32.661Z error: دسترسی به این مسیر محدود شده است. لطفاً بعداً تلاش کنید.
Error Location: rateLimiter.middleware.js:176 (Object.handler)
Full Path: /home/mhossein/Desktop/Cooleh.project/app/http/middlewares/rateLimiter.middleware.js
Metadata:
{
  "metadata": {
    "service": "user-service",
    "environment": "info",
    "trackingId": "869c4963-9599-43d3-98a4-1112bfa721a1",
    "errorName": "RateLimitError",
    "statusCode": 429,
    "path": "/",
    "method": "GET",
    "ip": "::1",
    "userAgent": "Mozilla/5.0 (X11; Linux x86_64) AppleWebKit/537.36 (KHTML, like Gecko) Chrome/130.0.0.0 Safari/537.36",
    "requestQuery": {}
  },
  "trackingId": "869c4963-9599-43d3-98a4-1112bfa721a1",
  "errorName": "RateLimitError",
  "statusCode": 429,
  "path": "/",
  "method": "GET",
  "ip": "::1",
  "userAgent": "Mozilla/5.0 (X11; Linux x86_64) AppleWebKit/537.36 (KHTML, like Gecko) Chrome/130.0.0.0 Safari/537.36",
  "environment": "info",
  "requestQuery": {}
}
2024-11-18T13:10:32.817Z error: دسترسی به این مسیر محدود شده است. لطفاً بعداً تلاش کنید.
Error Location: rateLimiter.middleware.js:176 (Object.handler)
Full Path: /home/mhossein/Desktop/Cooleh.project/app/http/middlewares/rateLimiter.middleware.js
Metadata:
{
  "metadata": {
    "service": "user-service",
    "environment": "info",
    "trackingId": "1640884d-6f1b-4d8f-8706-eab541cdd862",
    "errorName": "RateLimitError",
    "statusCode": 429,
    "path": "/",
    "method": "GET",
    "ip": "::1",
    "userAgent": "Mozilla/5.0 (X11; Linux x86_64) AppleWebKit/537.36 (KHTML, like Gecko) Chrome/130.0.0.0 Safari/537.36",
    "requestQuery": {}
  },
  "trackingId": "1640884d-6f1b-4d8f-8706-eab541cdd862",
  "errorName": "RateLimitError",
  "statusCode": 429,
  "path": "/",
  "method": "GET",
  "ip": "::1",
  "userAgent": "Mozilla/5.0 (X11; Linux x86_64) AppleWebKit/537.36 (KHTML, like Gecko) Chrome/130.0.0.0 Safari/537.36",
  "environment": "info",
  "requestQuery": {}
}
2024-11-18T13:10:32.988Z error: دسترسی به این مسیر محدود شده است. لطفاً بعداً تلاش کنید.
Error Location: rateLimiter.middleware.js:176 (Object.handler)
Full Path: /home/mhossein/Desktop/Cooleh.project/app/http/middlewares/rateLimiter.middleware.js
Metadata:
{
  "metadata": {
    "service": "user-service",
    "environment": "info",
    "trackingId": "680e617c-7b1c-4b84-9535-c18e4e4d4953",
    "errorName": "RateLimitError",
    "statusCode": 429,
    "path": "/",
    "method": "GET",
    "ip": "::1",
    "userAgent": "Mozilla/5.0 (X11; Linux x86_64) AppleWebKit/537.36 (KHTML, like Gecko) Chrome/130.0.0.0 Safari/537.36",
    "requestQuery": {}
  },
  "trackingId": "680e617c-7b1c-4b84-9535-c18e4e4d4953",
  "errorName": "RateLimitError",
  "statusCode": 429,
  "path": "/",
  "method": "GET",
  "ip": "::1",
  "userAgent": "Mozilla/5.0 (X11; Linux x86_64) AppleWebKit/537.36 (KHTML, like Gecko) Chrome/130.0.0.0 Safari/537.36",
  "environment": "info",
  "requestQuery": {}
}
2024-11-18T13:10:33.139Z error: دسترسی به این مسیر محدود شده است. لطفاً بعداً تلاش کنید.
Error Location: rateLimiter.middleware.js:176 (Object.handler)
Full Path: /home/mhossein/Desktop/Cooleh.project/app/http/middlewares/rateLimiter.middleware.js
Metadata:
{
  "metadata": {
    "service": "user-service",
    "environment": "info",
    "trackingId": "c3ec4337-0e77-4fef-97b6-b43fa2462ec5",
    "errorName": "RateLimitError",
    "statusCode": 429,
    "path": "/",
    "method": "GET",
    "ip": "::1",
    "userAgent": "Mozilla/5.0 (X11; Linux x86_64) AppleWebKit/537.36 (KHTML, like Gecko) Chrome/130.0.0.0 Safari/537.36",
    "requestQuery": {}
  },
  "trackingId": "c3ec4337-0e77-4fef-97b6-b43fa2462ec5",
  "errorName": "RateLimitError",
  "statusCode": 429,
  "path": "/",
  "method": "GET",
  "ip": "::1",
  "userAgent": "Mozilla/5.0 (X11; Linux x86_64) AppleWebKit/537.36 (KHTML, like Gecko) Chrome/130.0.0.0 Safari/537.36",
  "environment": "info",
  "requestQuery": {}
}
2024-11-18T13:10:33.291Z error: دسترسی به این مسیر محدود شده است. لطفاً بعداً تلاش کنید.
Error Location: rateLimiter.middleware.js:176 (Object.handler)
Full Path: /home/mhossein/Desktop/Cooleh.project/app/http/middlewares/rateLimiter.middleware.js
Metadata:
{
  "metadata": {
    "service": "user-service",
    "environment": "info",
    "trackingId": "13f02ea9-57d1-42f2-b902-b1392949225b",
    "errorName": "RateLimitError",
    "statusCode": 429,
    "path": "/",
    "method": "GET",
    "ip": "::1",
    "userAgent": "Mozilla/5.0 (X11; Linux x86_64) AppleWebKit/537.36 (KHTML, like Gecko) Chrome/130.0.0.0 Safari/537.36",
    "requestQuery": {}
  },
  "trackingId": "13f02ea9-57d1-42f2-b902-b1392949225b",
  "errorName": "RateLimitError",
  "statusCode": 429,
  "path": "/",
  "method": "GET",
  "ip": "::1",
  "userAgent": "Mozilla/5.0 (X11; Linux x86_64) AppleWebKit/537.36 (KHTML, like Gecko) Chrome/130.0.0.0 Safari/537.36",
  "environment": "info",
  "requestQuery": {}
}
2024-11-18T13:10:33.447Z error: دسترسی به این مسیر محدود شده است. لطفاً بعداً تلاش کنید.
Error Location: rateLimiter.middleware.js:176 (Object.handler)
Full Path: /home/mhossein/Desktop/Cooleh.project/app/http/middlewares/rateLimiter.middleware.js
Metadata:
{
  "metadata": {
    "service": "user-service",
    "environment": "info",
    "trackingId": "f396c095-41b3-4460-9a95-d9453224991f",
    "errorName": "RateLimitError",
    "statusCode": 429,
    "path": "/",
    "method": "GET",
    "ip": "::1",
    "userAgent": "Mozilla/5.0 (X11; Linux x86_64) AppleWebKit/537.36 (KHTML, like Gecko) Chrome/130.0.0.0 Safari/537.36",
    "requestQuery": {}
  },
  "trackingId": "f396c095-41b3-4460-9a95-d9453224991f",
  "errorName": "RateLimitError",
  "statusCode": 429,
  "path": "/",
  "method": "GET",
  "ip": "::1",
  "userAgent": "Mozilla/5.0 (X11; Linux x86_64) AppleWebKit/537.36 (KHTML, like Gecko) Chrome/130.0.0.0 Safari/537.36",
  "environment": "info",
  "requestQuery": {}
}
2024-11-18T13:10:33.612Z error: دسترسی به این مسیر محدود شده است. لطفاً بعداً تلاش کنید.
Error Location: rateLimiter.middleware.js:176 (Object.handler)
Full Path: /home/mhossein/Desktop/Cooleh.project/app/http/middlewares/rateLimiter.middleware.js
Metadata:
{
  "metadata": {
    "service": "user-service",
    "environment": "info",
    "trackingId": "fff9f21b-ceaa-4e29-9ddd-6ddd29ac27a4",
    "errorName": "RateLimitError",
    "statusCode": 429,
    "path": "/",
    "method": "GET",
    "ip": "::1",
    "userAgent": "Mozilla/5.0 (X11; Linux x86_64) AppleWebKit/537.36 (KHTML, like Gecko) Chrome/130.0.0.0 Safari/537.36",
    "requestQuery": {}
  },
  "trackingId": "fff9f21b-ceaa-4e29-9ddd-6ddd29ac27a4",
  "errorName": "RateLimitError",
  "statusCode": 429,
  "path": "/",
  "method": "GET",
  "ip": "::1",
  "userAgent": "Mozilla/5.0 (X11; Linux x86_64) AppleWebKit/537.36 (KHTML, like Gecko) Chrome/130.0.0.0 Safari/537.36",
  "environment": "info",
  "requestQuery": {}
}
2024-11-18T13:10:33.772Z error: دسترسی به این مسیر محدود شده است. لطفاً بعداً تلاش کنید.
Error Location: rateLimiter.middleware.js:176 (Object.handler)
Full Path: /home/mhossein/Desktop/Cooleh.project/app/http/middlewares/rateLimiter.middleware.js
Metadata:
{
  "metadata": {
    "service": "user-service",
    "environment": "info",
    "trackingId": "7cc2536c-7b91-48fd-b001-8ba82d97c782",
    "errorName": "RateLimitError",
    "statusCode": 429,
    "path": "/",
    "method": "GET",
    "ip": "::1",
    "userAgent": "Mozilla/5.0 (X11; Linux x86_64) AppleWebKit/537.36 (KHTML, like Gecko) Chrome/130.0.0.0 Safari/537.36",
    "requestQuery": {}
  },
  "trackingId": "7cc2536c-7b91-48fd-b001-8ba82d97c782",
  "errorName": "RateLimitError",
  "statusCode": 429,
  "path": "/",
  "method": "GET",
  "ip": "::1",
  "userAgent": "Mozilla/5.0 (X11; Linux x86_64) AppleWebKit/537.36 (KHTML, like Gecko) Chrome/130.0.0.0 Safari/537.36",
  "environment": "info",
  "requestQuery": {}
}
2024-11-18T13:10:33.916Z error: دسترسی به این مسیر محدود شده است. لطفاً بعداً تلاش کنید.
Error Location: rateLimiter.middleware.js:176 (Object.handler)
Full Path: /home/mhossein/Desktop/Cooleh.project/app/http/middlewares/rateLimiter.middleware.js
Metadata:
{
  "metadata": {
    "service": "user-service",
    "environment": "info",
    "trackingId": "2c5fcf8f-2fdd-434b-bc0c-778b0ccfc664",
    "errorName": "RateLimitError",
    "statusCode": 429,
    "path": "/",
    "method": "GET",
    "ip": "::1",
    "userAgent": "Mozilla/5.0 (X11; Linux x86_64) AppleWebKit/537.36 (KHTML, like Gecko) Chrome/130.0.0.0 Safari/537.36",
    "requestQuery": {}
  },
  "trackingId": "2c5fcf8f-2fdd-434b-bc0c-778b0ccfc664",
  "errorName": "RateLimitError",
  "statusCode": 429,
  "path": "/",
  "method": "GET",
  "ip": "::1",
  "userAgent": "Mozilla/5.0 (X11; Linux x86_64) AppleWebKit/537.36 (KHTML, like Gecko) Chrome/130.0.0.0 Safari/537.36",
  "environment": "info",
  "requestQuery": {}
}
2024-11-18T13:10:34.084Z error: دسترسی به این مسیر محدود شده است. لطفاً بعداً تلاش کنید.
Error Location: rateLimiter.middleware.js:176 (Object.handler)
Full Path: /home/mhossein/Desktop/Cooleh.project/app/http/middlewares/rateLimiter.middleware.js
Metadata:
{
  "metadata": {
    "service": "user-service",
    "environment": "info",
    "trackingId": "62a12158-7217-4a5f-8a87-2b497bc79384",
    "errorName": "RateLimitError",
    "statusCode": 429,
    "path": "/",
    "method": "GET",
    "ip": "::1",
    "userAgent": "Mozilla/5.0 (X11; Linux x86_64) AppleWebKit/537.36 (KHTML, like Gecko) Chrome/130.0.0.0 Safari/537.36",
    "requestQuery": {}
  },
  "trackingId": "62a12158-7217-4a5f-8a87-2b497bc79384",
  "errorName": "RateLimitError",
  "statusCode": 429,
  "path": "/",
  "method": "GET",
  "ip": "::1",
  "userAgent": "Mozilla/5.0 (X11; Linux x86_64) AppleWebKit/537.36 (KHTML, like Gecko) Chrome/130.0.0.0 Safari/537.36",
  "environment": "info",
  "requestQuery": {}
}
2024-11-18T13:10:34.245Z error: دسترسی به این مسیر محدود شده است. لطفاً بعداً تلاش کنید.
Error Location: rateLimiter.middleware.js:176 (Object.handler)
Full Path: /home/mhossein/Desktop/Cooleh.project/app/http/middlewares/rateLimiter.middleware.js
Metadata:
{
  "metadata": {
    "service": "user-service",
    "environment": "info",
    "trackingId": "e7075c85-ba44-4f54-8ed2-f758c0a9bd09",
    "errorName": "RateLimitError",
    "statusCode": 429,
    "path": "/",
    "method": "GET",
    "ip": "::1",
    "userAgent": "Mozilla/5.0 (X11; Linux x86_64) AppleWebKit/537.36 (KHTML, like Gecko) Chrome/130.0.0.0 Safari/537.36",
    "requestQuery": {}
  },
  "trackingId": "e7075c85-ba44-4f54-8ed2-f758c0a9bd09",
  "errorName": "RateLimitError",
  "statusCode": 429,
  "path": "/",
  "method": "GET",
  "ip": "::1",
  "userAgent": "Mozilla/5.0 (X11; Linux x86_64) AppleWebKit/537.36 (KHTML, like Gecko) Chrome/130.0.0.0 Safari/537.36",
  "environment": "info",
  "requestQuery": {}
}
2024-11-18T13:10:34.394Z error: دسترسی به این مسیر محدود شده است. لطفاً بعداً تلاش کنید.
Error Location: rateLimiter.middleware.js:176 (Object.handler)
Full Path: /home/mhossein/Desktop/Cooleh.project/app/http/middlewares/rateLimiter.middleware.js
Metadata:
{
  "metadata": {
    "service": "user-service",
    "environment": "info",
    "trackingId": "ea4cbf89-397a-4c14-89cb-0ac00b6d0531",
    "errorName": "RateLimitError",
    "statusCode": 429,
    "path": "/",
    "method": "GET",
    "ip": "::1",
    "userAgent": "Mozilla/5.0 (X11; Linux x86_64) AppleWebKit/537.36 (KHTML, like Gecko) Chrome/130.0.0.0 Safari/537.36",
    "requestQuery": {}
  },
  "trackingId": "ea4cbf89-397a-4c14-89cb-0ac00b6d0531",
  "errorName": "RateLimitError",
  "statusCode": 429,
  "path": "/",
  "method": "GET",
  "ip": "::1",
  "userAgent": "Mozilla/5.0 (X11; Linux x86_64) AppleWebKit/537.36 (KHTML, like Gecko) Chrome/130.0.0.0 Safari/537.36",
  "environment": "info",
  "requestQuery": {}
}
2024-11-18T13:10:34.556Z error: دسترسی به این مسیر محدود شده است. لطفاً بعداً تلاش کنید.
Error Location: rateLimiter.middleware.js:176 (Object.handler)
Full Path: /home/mhossein/Desktop/Cooleh.project/app/http/middlewares/rateLimiter.middleware.js
Metadata:
{
  "metadata": {
    "service": "user-service",
    "environment": "info",
    "trackingId": "9074fc62-34e2-4a2e-98bd-23c45b7d8c90",
    "errorName": "RateLimitError",
    "statusCode": 429,
    "path": "/",
    "method": "GET",
    "ip": "::1",
    "userAgent": "Mozilla/5.0 (X11; Linux x86_64) AppleWebKit/537.36 (KHTML, like Gecko) Chrome/130.0.0.0 Safari/537.36",
    "requestQuery": {}
  },
  "trackingId": "9074fc62-34e2-4a2e-98bd-23c45b7d8c90",
  "errorName": "RateLimitError",
  "statusCode": 429,
  "path": "/",
  "method": "GET",
  "ip": "::1",
  "userAgent": "Mozilla/5.0 (X11; Linux x86_64) AppleWebKit/537.36 (KHTML, like Gecko) Chrome/130.0.0.0 Safari/537.36",
  "environment": "info",
  "requestQuery": {}
}
2024-11-18T13:10:34.729Z error: دسترسی به این مسیر محدود شده است. لطفاً بعداً تلاش کنید.
Error Location: rateLimiter.middleware.js:176 (Object.handler)
Full Path: /home/mhossein/Desktop/Cooleh.project/app/http/middlewares/rateLimiter.middleware.js
Metadata:
{
  "metadata": {
    "service": "user-service",
    "environment": "info",
    "trackingId": "c4da991e-0187-4f6d-983c-4f2da9da1747",
    "errorName": "RateLimitError",
    "statusCode": 429,
    "path": "/",
    "method": "GET",
    "ip": "::1",
    "userAgent": "Mozilla/5.0 (X11; Linux x86_64) AppleWebKit/537.36 (KHTML, like Gecko) Chrome/130.0.0.0 Safari/537.36",
    "requestQuery": {}
  },
  "trackingId": "c4da991e-0187-4f6d-983c-4f2da9da1747",
  "errorName": "RateLimitError",
  "statusCode": 429,
  "path": "/",
  "method": "GET",
  "ip": "::1",
  "userAgent": "Mozilla/5.0 (X11; Linux x86_64) AppleWebKit/537.36 (KHTML, like Gecko) Chrome/130.0.0.0 Safari/537.36",
  "environment": "info",
  "requestQuery": {}
}
2024-11-18T13:10:34.894Z error: دسترسی به این مسیر محدود شده است. لطفاً بعداً تلاش کنید.
Error Location: rateLimiter.middleware.js:176 (Object.handler)
Full Path: /home/mhossein/Desktop/Cooleh.project/app/http/middlewares/rateLimiter.middleware.js
Metadata:
{
  "metadata": {
    "service": "user-service",
    "environment": "info",
    "trackingId": "de116c52-08d9-4c8f-b068-63c6824edb81",
    "errorName": "RateLimitError",
    "statusCode": 429,
    "path": "/",
    "method": "GET",
    "ip": "::1",
    "userAgent": "Mozilla/5.0 (X11; Linux x86_64) AppleWebKit/537.36 (KHTML, like Gecko) Chrome/130.0.0.0 Safari/537.36",
    "requestQuery": {}
  },
  "trackingId": "de116c52-08d9-4c8f-b068-63c6824edb81",
  "errorName": "RateLimitError",
  "statusCode": 429,
  "path": "/",
  "method": "GET",
  "ip": "::1",
  "userAgent": "Mozilla/5.0 (X11; Linux x86_64) AppleWebKit/537.36 (KHTML, like Gecko) Chrome/130.0.0.0 Safari/537.36",
  "environment": "info",
  "requestQuery": {}
}
2024-11-18T13:10:35.044Z error: دسترسی به این مسیر محدود شده است. لطفاً بعداً تلاش کنید.
Error Location: rateLimiter.middleware.js:176 (Object.handler)
Full Path: /home/mhossein/Desktop/Cooleh.project/app/http/middlewares/rateLimiter.middleware.js
Metadata:
{
  "metadata": {
    "service": "user-service",
    "environment": "info",
    "trackingId": "7e322a4d-8cfb-4f30-8fb6-0d9e55b43808",
    "errorName": "RateLimitError",
    "statusCode": 429,
    "path": "/",
    "method": "GET",
    "ip": "::1",
    "userAgent": "Mozilla/5.0 (X11; Linux x86_64) AppleWebKit/537.36 (KHTML, like Gecko) Chrome/130.0.0.0 Safari/537.36",
    "requestQuery": {}
  },
  "trackingId": "7e322a4d-8cfb-4f30-8fb6-0d9e55b43808",
  "errorName": "RateLimitError",
  "statusCode": 429,
  "path": "/",
  "method": "GET",
  "ip": "::1",
  "userAgent": "Mozilla/5.0 (X11; Linux x86_64) AppleWebKit/537.36 (KHTML, like Gecko) Chrome/130.0.0.0 Safari/537.36",
  "environment": "info",
  "requestQuery": {}
}
2024-11-18T13:10:35.209Z error: دسترسی به این مسیر محدود شده است. لطفاً بعداً تلاش کنید.
Error Location: rateLimiter.middleware.js:176 (Object.handler)
Full Path: /home/mhossein/Desktop/Cooleh.project/app/http/middlewares/rateLimiter.middleware.js
Metadata:
{
  "metadata": {
    "service": "user-service",
    "environment": "info",
    "trackingId": "4fb1b2a3-e8e1-4618-a486-c16a44d9a23b",
    "errorName": "RateLimitError",
    "statusCode": 429,
    "path": "/",
    "method": "GET",
    "ip": "::1",
    "userAgent": "Mozilla/5.0 (X11; Linux x86_64) AppleWebKit/537.36 (KHTML, like Gecko) Chrome/130.0.0.0 Safari/537.36",
    "requestQuery": {}
  },
  "trackingId": "4fb1b2a3-e8e1-4618-a486-c16a44d9a23b",
  "errorName": "RateLimitError",
  "statusCode": 429,
  "path": "/",
  "method": "GET",
  "ip": "::1",
  "userAgent": "Mozilla/5.0 (X11; Linux x86_64) AppleWebKit/537.36 (KHTML, like Gecko) Chrome/130.0.0.0 Safari/537.36",
  "environment": "info",
  "requestQuery": {}
}
2024-11-18T13:10:35.375Z error: دسترسی به این مسیر محدود شده است. لطفاً بعداً تلاش کنید.
Error Location: rateLimiter.middleware.js:176 (Object.handler)
Full Path: /home/mhossein/Desktop/Cooleh.project/app/http/middlewares/rateLimiter.middleware.js
Metadata:
{
  "metadata": {
    "service": "user-service",
    "environment": "info",
    "trackingId": "b8595974-dccc-4d64-9979-44b63ae29ed9",
    "errorName": "RateLimitError",
    "statusCode": 429,
    "path": "/",
    "method": "GET",
    "ip": "::1",
    "userAgent": "Mozilla/5.0 (X11; Linux x86_64) AppleWebKit/537.36 (KHTML, like Gecko) Chrome/130.0.0.0 Safari/537.36",
    "requestQuery": {}
  },
  "trackingId": "b8595974-dccc-4d64-9979-44b63ae29ed9",
  "errorName": "RateLimitError",
  "statusCode": 429,
  "path": "/",
  "method": "GET",
  "ip": "::1",
  "userAgent": "Mozilla/5.0 (X11; Linux x86_64) AppleWebKit/537.36 (KHTML, like Gecko) Chrome/130.0.0.0 Safari/537.36",
  "environment": "info",
  "requestQuery": {}
}
2024-11-18T13:10:35.543Z error: دسترسی به این مسیر محدود شده است. لطفاً بعداً تلاش کنید.
Error Location: rateLimiter.middleware.js:176 (Object.handler)
Full Path: /home/mhossein/Desktop/Cooleh.project/app/http/middlewares/rateLimiter.middleware.js
Metadata:
{
  "metadata": {
    "service": "user-service",
    "environment": "info",
    "trackingId": "f208a0e5-efe7-41a8-958c-d4d018390e35",
    "errorName": "RateLimitError",
    "statusCode": 429,
    "path": "/",
    "method": "GET",
    "ip": "::1",
    "userAgent": "Mozilla/5.0 (X11; Linux x86_64) AppleWebKit/537.36 (KHTML, like Gecko) Chrome/130.0.0.0 Safari/537.36",
    "requestQuery": {}
  },
  "trackingId": "f208a0e5-efe7-41a8-958c-d4d018390e35",
  "errorName": "RateLimitError",
  "statusCode": 429,
  "path": "/",
  "method": "GET",
  "ip": "::1",
  "userAgent": "Mozilla/5.0 (X11; Linux x86_64) AppleWebKit/537.36 (KHTML, like Gecko) Chrome/130.0.0.0 Safari/537.36",
  "environment": "info",
  "requestQuery": {}
}
2024-11-18T13:10:35.703Z error: دسترسی به این مسیر محدود شده است. لطفاً بعداً تلاش کنید.
Error Location: rateLimiter.middleware.js:176 (Object.handler)
Full Path: /home/mhossein/Desktop/Cooleh.project/app/http/middlewares/rateLimiter.middleware.js
Metadata:
{
  "metadata": {
    "service": "user-service",
    "environment": "info",
    "trackingId": "1ebc62bb-837d-4c2b-9ad3-cf2b6eda6812",
    "errorName": "RateLimitError",
    "statusCode": 429,
    "path": "/",
    "method": "GET",
    "ip": "::1",
    "userAgent": "Mozilla/5.0 (X11; Linux x86_64) AppleWebKit/537.36 (KHTML, like Gecko) Chrome/130.0.0.0 Safari/537.36",
    "requestQuery": {}
  },
  "trackingId": "1ebc62bb-837d-4c2b-9ad3-cf2b6eda6812",
  "errorName": "RateLimitError",
  "statusCode": 429,
  "path": "/",
  "method": "GET",
  "ip": "::1",
  "userAgent": "Mozilla/5.0 (X11; Linux x86_64) AppleWebKit/537.36 (KHTML, like Gecko) Chrome/130.0.0.0 Safari/537.36",
  "environment": "info",
  "requestQuery": {}
}
2024-11-18T13:10:35.863Z error: دسترسی به این مسیر محدود شده است. لطفاً بعداً تلاش کنید.
Error Location: rateLimiter.middleware.js:176 (Object.handler)
Full Path: /home/mhossein/Desktop/Cooleh.project/app/http/middlewares/rateLimiter.middleware.js
Metadata:
{
  "metadata": {
    "service": "user-service",
    "environment": "info",
    "trackingId": "1e11d6df-b954-41cc-8ce4-990626476102",
    "errorName": "RateLimitError",
    "statusCode": 429,
    "path": "/",
    "method": "GET",
    "ip": "::1",
    "userAgent": "Mozilla/5.0 (X11; Linux x86_64) AppleWebKit/537.36 (KHTML, like Gecko) Chrome/130.0.0.0 Safari/537.36",
    "requestQuery": {}
  },
  "trackingId": "1e11d6df-b954-41cc-8ce4-990626476102",
  "errorName": "RateLimitError",
  "statusCode": 429,
  "path": "/",
  "method": "GET",
  "ip": "::1",
  "userAgent": "Mozilla/5.0 (X11; Linux x86_64) AppleWebKit/537.36 (KHTML, like Gecko) Chrome/130.0.0.0 Safari/537.36",
  "environment": "info",
  "requestQuery": {}
}
2024-11-18T13:10:36.048Z error: دسترسی به این مسیر محدود شده است. لطفاً بعداً تلاش کنید.
Error Location: rateLimiter.middleware.js:176 (Object.handler)
Full Path: /home/mhossein/Desktop/Cooleh.project/app/http/middlewares/rateLimiter.middleware.js
Metadata:
{
  "metadata": {
    "service": "user-service",
    "environment": "info",
    "trackingId": "77b606f2-a62b-4647-9b75-4461293de32a",
    "errorName": "RateLimitError",
    "statusCode": 429,
    "path": "/",
    "method": "GET",
    "ip": "::1",
    "userAgent": "Mozilla/5.0 (X11; Linux x86_64) AppleWebKit/537.36 (KHTML, like Gecko) Chrome/130.0.0.0 Safari/537.36",
    "requestQuery": {}
  },
  "trackingId": "77b606f2-a62b-4647-9b75-4461293de32a",
  "errorName": "RateLimitError",
  "statusCode": 429,
  "path": "/",
  "method": "GET",
  "ip": "::1",
  "userAgent": "Mozilla/5.0 (X11; Linux x86_64) AppleWebKit/537.36 (KHTML, like Gecko) Chrome/130.0.0.0 Safari/537.36",
  "environment": "info",
  "requestQuery": {}
}
2024-11-18T13:10:36.221Z error: دسترسی به این مسیر محدود شده است. لطفاً بعداً تلاش کنید.
Error Location: rateLimiter.middleware.js:176 (Object.handler)
Full Path: /home/mhossein/Desktop/Cooleh.project/app/http/middlewares/rateLimiter.middleware.js
Metadata:
{
  "metadata": {
    "service": "user-service",
    "environment": "info",
    "trackingId": "4c7d9edf-be69-4084-a2fa-0a6662102770",
    "errorName": "RateLimitError",
    "statusCode": 429,
    "path": "/",
    "method": "GET",
    "ip": "::1",
    "userAgent": "Mozilla/5.0 (X11; Linux x86_64) AppleWebKit/537.36 (KHTML, like Gecko) Chrome/130.0.0.0 Safari/537.36",
    "requestQuery": {}
  },
  "trackingId": "4c7d9edf-be69-4084-a2fa-0a6662102770",
  "errorName": "RateLimitError",
  "statusCode": 429,
  "path": "/",
  "method": "GET",
  "ip": "::1",
  "userAgent": "Mozilla/5.0 (X11; Linux x86_64) AppleWebKit/537.36 (KHTML, like Gecko) Chrome/130.0.0.0 Safari/537.36",
  "environment": "info",
  "requestQuery": {}
}
2024-11-18T13:10:36.368Z error: دسترسی به این مسیر محدود شده است. لطفاً بعداً تلاش کنید.
Error Location: rateLimiter.middleware.js:176 (Object.handler)
Full Path: /home/mhossein/Desktop/Cooleh.project/app/http/middlewares/rateLimiter.middleware.js
Metadata:
{
  "metadata": {
    "service": "user-service",
    "environment": "info",
    "trackingId": "8dd40331-d954-4e0b-a422-368df9d7bb7e",
    "errorName": "RateLimitError",
    "statusCode": 429,
    "path": "/",
    "method": "GET",
    "ip": "::1",
    "userAgent": "Mozilla/5.0 (X11; Linux x86_64) AppleWebKit/537.36 (KHTML, like Gecko) Chrome/130.0.0.0 Safari/537.36",
    "requestQuery": {}
  },
  "trackingId": "8dd40331-d954-4e0b-a422-368df9d7bb7e",
  "errorName": "RateLimitError",
  "statusCode": 429,
  "path": "/",
  "method": "GET",
  "ip": "::1",
  "userAgent": "Mozilla/5.0 (X11; Linux x86_64) AppleWebKit/537.36 (KHTML, like Gecko) Chrome/130.0.0.0 Safari/537.36",
  "environment": "info",
  "requestQuery": {}
}
2024-11-18T13:10:36.535Z error: دسترسی به این مسیر محدود شده است. لطفاً بعداً تلاش کنید.
Error Location: rateLimiter.middleware.js:176 (Object.handler)
Full Path: /home/mhossein/Desktop/Cooleh.project/app/http/middlewares/rateLimiter.middleware.js
Metadata:
{
  "metadata": {
    "service": "user-service",
    "environment": "info",
    "trackingId": "6d48d258-3251-452c-9e41-682368228cf6",
    "errorName": "RateLimitError",
    "statusCode": 429,
    "path": "/",
    "method": "GET",
    "ip": "::1",
    "userAgent": "Mozilla/5.0 (X11; Linux x86_64) AppleWebKit/537.36 (KHTML, like Gecko) Chrome/130.0.0.0 Safari/537.36",
    "requestQuery": {}
  },
  "trackingId": "6d48d258-3251-452c-9e41-682368228cf6",
  "errorName": "RateLimitError",
  "statusCode": 429,
  "path": "/",
  "method": "GET",
  "ip": "::1",
  "userAgent": "Mozilla/5.0 (X11; Linux x86_64) AppleWebKit/537.36 (KHTML, like Gecko) Chrome/130.0.0.0 Safari/537.36",
  "environment": "info",
  "requestQuery": {}
}
2024-11-18T13:10:36.701Z error: دسترسی به این مسیر محدود شده است. لطفاً بعداً تلاش کنید.
Error Location: rateLimiter.middleware.js:176 (Object.handler)
Full Path: /home/mhossein/Desktop/Cooleh.project/app/http/middlewares/rateLimiter.middleware.js
Metadata:
{
  "metadata": {
    "service": "user-service",
    "environment": "info",
    "trackingId": "06943805-9d7c-439e-a6ec-8e0cbe9eb46f",
    "errorName": "RateLimitError",
    "statusCode": 429,
    "path": "/",
    "method": "GET",
    "ip": "::1",
    "userAgent": "Mozilla/5.0 (X11; Linux x86_64) AppleWebKit/537.36 (KHTML, like Gecko) Chrome/130.0.0.0 Safari/537.36",
    "requestQuery": {}
  },
  "trackingId": "06943805-9d7c-439e-a6ec-8e0cbe9eb46f",
  "errorName": "RateLimitError",
  "statusCode": 429,
  "path": "/",
  "method": "GET",
  "ip": "::1",
  "userAgent": "Mozilla/5.0 (X11; Linux x86_64) AppleWebKit/537.36 (KHTML, like Gecko) Chrome/130.0.0.0 Safari/537.36",
  "environment": "info",
  "requestQuery": {}
}
2024-11-18T13:10:36.862Z error: دسترسی به این مسیر محدود شده است. لطفاً بعداً تلاش کنید.
Error Location: rateLimiter.middleware.js:176 (Object.handler)
Full Path: /home/mhossein/Desktop/Cooleh.project/app/http/middlewares/rateLimiter.middleware.js
Metadata:
{
  "metadata": {
    "service": "user-service",
    "environment": "info",
    "trackingId": "1a37ccdf-9f0c-4d57-8fd8-f20fddfc0f71",
    "errorName": "RateLimitError",
    "statusCode": 429,
    "path": "/",
    "method": "GET",
    "ip": "::1",
    "userAgent": "Mozilla/5.0 (X11; Linux x86_64) AppleWebKit/537.36 (KHTML, like Gecko) Chrome/130.0.0.0 Safari/537.36",
    "requestQuery": {}
  },
  "trackingId": "1a37ccdf-9f0c-4d57-8fd8-f20fddfc0f71",
  "errorName": "RateLimitError",
  "statusCode": 429,
  "path": "/",
  "method": "GET",
  "ip": "::1",
  "userAgent": "Mozilla/5.0 (X11; Linux x86_64) AppleWebKit/537.36 (KHTML, like Gecko) Chrome/130.0.0.0 Safari/537.36",
  "environment": "info",
  "requestQuery": {}
}
2024-11-18T13:10:37.032Z error: دسترسی به این مسیر محدود شده است. لطفاً بعداً تلاش کنید.
Error Location: rateLimiter.middleware.js:176 (Object.handler)
Full Path: /home/mhossein/Desktop/Cooleh.project/app/http/middlewares/rateLimiter.middleware.js
Metadata:
{
  "metadata": {
    "service": "user-service",
    "environment": "info",
    "trackingId": "65252655-ea42-432a-8e04-221a62ae28ad",
    "errorName": "RateLimitError",
    "statusCode": 429,
    "path": "/",
    "method": "GET",
    "ip": "::1",
    "userAgent": "Mozilla/5.0 (X11; Linux x86_64) AppleWebKit/537.36 (KHTML, like Gecko) Chrome/130.0.0.0 Safari/537.36",
    "requestQuery": {}
  },
  "trackingId": "65252655-ea42-432a-8e04-221a62ae28ad",
  "errorName": "RateLimitError",
  "statusCode": 429,
  "path": "/",
  "method": "GET",
  "ip": "::1",
  "userAgent": "Mozilla/5.0 (X11; Linux x86_64) AppleWebKit/537.36 (KHTML, like Gecko) Chrome/130.0.0.0 Safari/537.36",
  "environment": "info",
  "requestQuery": {}
}
2024-11-18T13:10:37.189Z error: دسترسی به این مسیر محدود شده است. لطفاً بعداً تلاش کنید.
Error Location: rateLimiter.middleware.js:176 (Object.handler)
Full Path: /home/mhossein/Desktop/Cooleh.project/app/http/middlewares/rateLimiter.middleware.js
Metadata:
{
  "metadata": {
    "service": "user-service",
    "environment": "info",
    "trackingId": "28997dc3-8bb8-4ef9-a693-aa1388ed2fea",
    "errorName": "RateLimitError",
    "statusCode": 429,
    "path": "/",
    "method": "GET",
    "ip": "::1",
    "userAgent": "Mozilla/5.0 (X11; Linux x86_64) AppleWebKit/537.36 (KHTML, like Gecko) Chrome/130.0.0.0 Safari/537.36",
    "requestQuery": {}
  },
  "trackingId": "28997dc3-8bb8-4ef9-a693-aa1388ed2fea",
  "errorName": "RateLimitError",
  "statusCode": 429,
  "path": "/",
  "method": "GET",
  "ip": "::1",
  "userAgent": "Mozilla/5.0 (X11; Linux x86_64) AppleWebKit/537.36 (KHTML, like Gecko) Chrome/130.0.0.0 Safari/537.36",
  "environment": "info",
  "requestQuery": {}
}
2024-11-18T13:10:37.362Z error: دسترسی به این مسیر محدود شده است. لطفاً بعداً تلاش کنید.
Error Location: rateLimiter.middleware.js:176 (Object.handler)
Full Path: /home/mhossein/Desktop/Cooleh.project/app/http/middlewares/rateLimiter.middleware.js
Metadata:
{
  "metadata": {
    "service": "user-service",
    "environment": "info",
    "trackingId": "35e5aaf7-5acd-4df6-9b9d-6bf400184b1e",
    "errorName": "RateLimitError",
    "statusCode": 429,
    "path": "/",
    "method": "GET",
    "ip": "::1",
    "userAgent": "Mozilla/5.0 (X11; Linux x86_64) AppleWebKit/537.36 (KHTML, like Gecko) Chrome/130.0.0.0 Safari/537.36",
    "requestQuery": {}
  },
  "trackingId": "35e5aaf7-5acd-4df6-9b9d-6bf400184b1e",
  "errorName": "RateLimitError",
  "statusCode": 429,
  "path": "/",
  "method": "GET",
  "ip": "::1",
  "userAgent": "Mozilla/5.0 (X11; Linux x86_64) AppleWebKit/537.36 (KHTML, like Gecko) Chrome/130.0.0.0 Safari/537.36",
  "environment": "info",
  "requestQuery": {}
}
2024-11-18T13:10:37.518Z error: دسترسی به این مسیر محدود شده است. لطفاً بعداً تلاش کنید.
Error Location: rateLimiter.middleware.js:176 (Object.handler)
Full Path: /home/mhossein/Desktop/Cooleh.project/app/http/middlewares/rateLimiter.middleware.js
Metadata:
{
  "metadata": {
    "service": "user-service",
    "environment": "info",
    "trackingId": "71a534f4-52e7-4e55-baa9-757d2cde7b7f",
    "errorName": "RateLimitError",
    "statusCode": 429,
    "path": "/",
    "method": "GET",
    "ip": "::1",
    "userAgent": "Mozilla/5.0 (X11; Linux x86_64) AppleWebKit/537.36 (KHTML, like Gecko) Chrome/130.0.0.0 Safari/537.36",
    "requestQuery": {}
  },
  "trackingId": "71a534f4-52e7-4e55-baa9-757d2cde7b7f",
  "errorName": "RateLimitError",
  "statusCode": 429,
  "path": "/",
  "method": "GET",
  "ip": "::1",
  "userAgent": "Mozilla/5.0 (X11; Linux x86_64) AppleWebKit/537.36 (KHTML, like Gecko) Chrome/130.0.0.0 Safari/537.36",
  "environment": "info",
  "requestQuery": {}
}
2024-11-18T13:10:37.692Z error: دسترسی به این مسیر محدود شده است. لطفاً بعداً تلاش کنید.
Error Location: rateLimiter.middleware.js:176 (Object.handler)
Full Path: /home/mhossein/Desktop/Cooleh.project/app/http/middlewares/rateLimiter.middleware.js
Metadata:
{
  "metadata": {
    "service": "user-service",
    "environment": "info",
    "trackingId": "7014ae6e-f428-43c5-a186-083695ad7bca",
    "errorName": "RateLimitError",
    "statusCode": 429,
    "path": "/",
    "method": "GET",
    "ip": "::1",
    "userAgent": "Mozilla/5.0 (X11; Linux x86_64) AppleWebKit/537.36 (KHTML, like Gecko) Chrome/130.0.0.0 Safari/537.36",
    "requestQuery": {}
  },
  "trackingId": "7014ae6e-f428-43c5-a186-083695ad7bca",
  "errorName": "RateLimitError",
  "statusCode": 429,
  "path": "/",
  "method": "GET",
  "ip": "::1",
  "userAgent": "Mozilla/5.0 (X11; Linux x86_64) AppleWebKit/537.36 (KHTML, like Gecko) Chrome/130.0.0.0 Safari/537.36",
  "environment": "info",
  "requestQuery": {}
}
2024-11-18T13:10:37.880Z error: دسترسی به این مسیر محدود شده است. لطفاً بعداً تلاش کنید.
Error Location: rateLimiter.middleware.js:176 (Object.handler)
Full Path: /home/mhossein/Desktop/Cooleh.project/app/http/middlewares/rateLimiter.middleware.js
Metadata:
{
  "metadata": {
    "service": "user-service",
    "environment": "info",
    "trackingId": "8606e5f8-5c53-4a5c-ac29-a72df8380eac",
    "errorName": "RateLimitError",
    "statusCode": 429,
    "path": "/",
    "method": "GET",
    "ip": "::1",
    "userAgent": "Mozilla/5.0 (X11; Linux x86_64) AppleWebKit/537.36 (KHTML, like Gecko) Chrome/130.0.0.0 Safari/537.36",
    "requestQuery": {}
  },
  "trackingId": "8606e5f8-5c53-4a5c-ac29-a72df8380eac",
  "errorName": "RateLimitError",
  "statusCode": 429,
  "path": "/",
  "method": "GET",
  "ip": "::1",
  "userAgent": "Mozilla/5.0 (X11; Linux x86_64) AppleWebKit/537.36 (KHTML, like Gecko) Chrome/130.0.0.0 Safari/537.36",
  "environment": "info",
  "requestQuery": {}
}
2024-11-18T13:10:38.038Z error: دسترسی به این مسیر محدود شده است. لطفاً بعداً تلاش کنید.
Error Location: rateLimiter.middleware.js:176 (Object.handler)
Full Path: /home/mhossein/Desktop/Cooleh.project/app/http/middlewares/rateLimiter.middleware.js
Metadata:
{
  "metadata": {
    "service": "user-service",
    "environment": "info",
    "trackingId": "f99d462f-b152-4cd0-89a8-115e8c2f5450",
    "errorName": "RateLimitError",
    "statusCode": 429,
    "path": "/",
    "method": "GET",
    "ip": "::1",
    "userAgent": "Mozilla/5.0 (X11; Linux x86_64) AppleWebKit/537.36 (KHTML, like Gecko) Chrome/130.0.0.0 Safari/537.36",
    "requestQuery": {}
  },
  "trackingId": "f99d462f-b152-4cd0-89a8-115e8c2f5450",
  "errorName": "RateLimitError",
  "statusCode": 429,
  "path": "/",
  "method": "GET",
  "ip": "::1",
  "userAgent": "Mozilla/5.0 (X11; Linux x86_64) AppleWebKit/537.36 (KHTML, like Gecko) Chrome/130.0.0.0 Safari/537.36",
  "environment": "info",
  "requestQuery": {}
}
2024-11-18T13:10:38.194Z error: دسترسی به این مسیر محدود شده است. لطفاً بعداً تلاش کنید.
Error Location: rateLimiter.middleware.js:176 (Object.handler)
Full Path: /home/mhossein/Desktop/Cooleh.project/app/http/middlewares/rateLimiter.middleware.js
Metadata:
{
  "metadata": {
    "service": "user-service",
    "environment": "info",
    "trackingId": "74f37161-bcc7-4350-8668-4f2227eadae8",
    "errorName": "RateLimitError",
    "statusCode": 429,
    "path": "/",
    "method": "GET",
    "ip": "::1",
    "userAgent": "Mozilla/5.0 (X11; Linux x86_64) AppleWebKit/537.36 (KHTML, like Gecko) Chrome/130.0.0.0 Safari/537.36",
    "requestQuery": {}
  },
  "trackingId": "74f37161-bcc7-4350-8668-4f2227eadae8",
  "errorName": "RateLimitError",
  "statusCode": 429,
  "path": "/",
  "method": "GET",
  "ip": "::1",
  "userAgent": "Mozilla/5.0 (X11; Linux x86_64) AppleWebKit/537.36 (KHTML, like Gecko) Chrome/130.0.0.0 Safari/537.36",
  "environment": "info",
  "requestQuery": {}
}
2024-11-18T13:10:38.359Z error: دسترسی به این مسیر محدود شده است. لطفاً بعداً تلاش کنید.
Error Location: rateLimiter.middleware.js:176 (Object.handler)
Full Path: /home/mhossein/Desktop/Cooleh.project/app/http/middlewares/rateLimiter.middleware.js
Metadata:
{
  "metadata": {
    "service": "user-service",
    "environment": "info",
    "trackingId": "11044075-e89b-4366-9fb6-f27182a73552",
    "errorName": "RateLimitError",
    "statusCode": 429,
    "path": "/",
    "method": "GET",
    "ip": "::1",
    "userAgent": "Mozilla/5.0 (X11; Linux x86_64) AppleWebKit/537.36 (KHTML, like Gecko) Chrome/130.0.0.0 Safari/537.36",
    "requestQuery": {}
  },
  "trackingId": "11044075-e89b-4366-9fb6-f27182a73552",
  "errorName": "RateLimitError",
  "statusCode": 429,
  "path": "/",
  "method": "GET",
  "ip": "::1",
  "userAgent": "Mozilla/5.0 (X11; Linux x86_64) AppleWebKit/537.36 (KHTML, like Gecko) Chrome/130.0.0.0 Safari/537.36",
  "environment": "info",
  "requestQuery": {}
}
2024-11-18T13:10:38.516Z error: دسترسی به این مسیر محدود شده است. لطفاً بعداً تلاش کنید.
Error Location: rateLimiter.middleware.js:176 (Object.handler)
Full Path: /home/mhossein/Desktop/Cooleh.project/app/http/middlewares/rateLimiter.middleware.js
Metadata:
{
  "metadata": {
    "service": "user-service",
    "environment": "info",
    "trackingId": "cb11e430-2b9e-4474-9465-1ef11c619518",
    "errorName": "RateLimitError",
    "statusCode": 429,
    "path": "/",
    "method": "GET",
    "ip": "::1",
    "userAgent": "Mozilla/5.0 (X11; Linux x86_64) AppleWebKit/537.36 (KHTML, like Gecko) Chrome/130.0.0.0 Safari/537.36",
    "requestQuery": {}
  },
  "trackingId": "cb11e430-2b9e-4474-9465-1ef11c619518",
  "errorName": "RateLimitError",
  "statusCode": 429,
  "path": "/",
  "method": "GET",
  "ip": "::1",
  "userAgent": "Mozilla/5.0 (X11; Linux x86_64) AppleWebKit/537.36 (KHTML, like Gecko) Chrome/130.0.0.0 Safari/537.36",
  "environment": "info",
  "requestQuery": {}
}
2024-11-18T13:10:38.690Z error: دسترسی به این مسیر محدود شده است. لطفاً بعداً تلاش کنید.
Error Location: rateLimiter.middleware.js:176 (Object.handler)
Full Path: /home/mhossein/Desktop/Cooleh.project/app/http/middlewares/rateLimiter.middleware.js
Metadata:
{
  "metadata": {
    "service": "user-service",
    "environment": "info",
    "trackingId": "76e5c405-38ee-46eb-8ad4-f9a216079d35",
    "errorName": "RateLimitError",
    "statusCode": 429,
    "path": "/",
    "method": "GET",
    "ip": "::1",
    "userAgent": "Mozilla/5.0 (X11; Linux x86_64) AppleWebKit/537.36 (KHTML, like Gecko) Chrome/130.0.0.0 Safari/537.36",
    "requestQuery": {}
  },
  "trackingId": "76e5c405-38ee-46eb-8ad4-f9a216079d35",
  "errorName": "RateLimitError",
  "statusCode": 429,
  "path": "/",
  "method": "GET",
  "ip": "::1",
  "userAgent": "Mozilla/5.0 (X11; Linux x86_64) AppleWebKit/537.36 (KHTML, like Gecko) Chrome/130.0.0.0 Safari/537.36",
  "environment": "info",
  "requestQuery": {}
}
2024-11-18T13:10:38.864Z error: دسترسی به این مسیر محدود شده است. لطفاً بعداً تلاش کنید.
Error Location: rateLimiter.middleware.js:176 (Object.handler)
Full Path: /home/mhossein/Desktop/Cooleh.project/app/http/middlewares/rateLimiter.middleware.js
Metadata:
{
  "metadata": {
    "service": "user-service",
    "environment": "info",
    "trackingId": "3beba2ce-aafd-44c4-b36d-b59cc56afce1",
    "errorName": "RateLimitError",
    "statusCode": 429,
    "path": "/",
    "method": "GET",
    "ip": "::1",
    "userAgent": "Mozilla/5.0 (X11; Linux x86_64) AppleWebKit/537.36 (KHTML, like Gecko) Chrome/130.0.0.0 Safari/537.36",
    "requestQuery": {}
  },
  "trackingId": "3beba2ce-aafd-44c4-b36d-b59cc56afce1",
  "errorName": "RateLimitError",
  "statusCode": 429,
  "path": "/",
  "method": "GET",
  "ip": "::1",
  "userAgent": "Mozilla/5.0 (X11; Linux x86_64) AppleWebKit/537.36 (KHTML, like Gecko) Chrome/130.0.0.0 Safari/537.36",
  "environment": "info",
  "requestQuery": {}
}
2024-11-18T13:10:39.013Z error: دسترسی به این مسیر محدود شده است. لطفاً بعداً تلاش کنید.
Error Location: rateLimiter.middleware.js:176 (Object.handler)
Full Path: /home/mhossein/Desktop/Cooleh.project/app/http/middlewares/rateLimiter.middleware.js
Metadata:
{
  "metadata": {
    "service": "user-service",
    "environment": "info",
    "trackingId": "62c51cd9-ced3-4238-89c5-aa86abf19979",
    "errorName": "RateLimitError",
    "statusCode": 429,
    "path": "/",
    "method": "GET",
    "ip": "::1",
    "userAgent": "Mozilla/5.0 (X11; Linux x86_64) AppleWebKit/537.36 (KHTML, like Gecko) Chrome/130.0.0.0 Safari/537.36",
    "requestQuery": {}
  },
  "trackingId": "62c51cd9-ced3-4238-89c5-aa86abf19979",
  "errorName": "RateLimitError",
  "statusCode": 429,
  "path": "/",
  "method": "GET",
  "ip": "::1",
  "userAgent": "Mozilla/5.0 (X11; Linux x86_64) AppleWebKit/537.36 (KHTML, like Gecko) Chrome/130.0.0.0 Safari/537.36",
  "environment": "info",
  "requestQuery": {}
}
2024-11-18T13:10:39.169Z error: دسترسی به این مسیر محدود شده است. لطفاً بعداً تلاش کنید.
Error Location: rateLimiter.middleware.js:176 (Object.handler)
Full Path: /home/mhossein/Desktop/Cooleh.project/app/http/middlewares/rateLimiter.middleware.js
Metadata:
{
  "metadata": {
    "service": "user-service",
    "environment": "info",
    "trackingId": "1ea9c3c8-226d-4c29-914f-2cd91d1d173e",
    "errorName": "RateLimitError",
    "statusCode": 429,
    "path": "/",
    "method": "GET",
    "ip": "::1",
    "userAgent": "Mozilla/5.0 (X11; Linux x86_64) AppleWebKit/537.36 (KHTML, like Gecko) Chrome/130.0.0.0 Safari/537.36",
    "requestQuery": {}
  },
  "trackingId": "1ea9c3c8-226d-4c29-914f-2cd91d1d173e",
  "errorName": "RateLimitError",
  "statusCode": 429,
  "path": "/",
  "method": "GET",
  "ip": "::1",
  "userAgent": "Mozilla/5.0 (X11; Linux x86_64) AppleWebKit/537.36 (KHTML, like Gecko) Chrome/130.0.0.0 Safari/537.36",
  "environment": "info",
  "requestQuery": {}
}
2024-11-18T13:10:39.365Z error: دسترسی به این مسیر محدود شده است. لطفاً بعداً تلاش کنید.
Error Location: rateLimiter.middleware.js:176 (Object.handler)
Full Path: /home/mhossein/Desktop/Cooleh.project/app/http/middlewares/rateLimiter.middleware.js
Metadata:
{
  "metadata": {
    "service": "user-service",
    "environment": "info",
    "trackingId": "340a2243-c6c6-4787-98e8-1c3b22c6c829",
    "errorName": "RateLimitError",
    "statusCode": 429,
    "path": "/",
    "method": "GET",
    "ip": "::1",
    "userAgent": "Mozilla/5.0 (X11; Linux x86_64) AppleWebKit/537.36 (KHTML, like Gecko) Chrome/130.0.0.0 Safari/537.36",
    "requestQuery": {}
  },
  "trackingId": "340a2243-c6c6-4787-98e8-1c3b22c6c829",
  "errorName": "RateLimitError",
  "statusCode": 429,
  "path": "/",
  "method": "GET",
  "ip": "::1",
  "userAgent": "Mozilla/5.0 (X11; Linux x86_64) AppleWebKit/537.36 (KHTML, like Gecko) Chrome/130.0.0.0 Safari/537.36",
  "environment": "info",
  "requestQuery": {}
}
2024-11-18T13:10:39.648Z error: دسترسی به این مسیر محدود شده است. لطفاً بعداً تلاش کنید.
Error Location: rateLimiter.middleware.js:176 (Object.handler)
Full Path: /home/mhossein/Desktop/Cooleh.project/app/http/middlewares/rateLimiter.middleware.js
Metadata:
{
  "metadata": {
    "service": "user-service",
    "environment": "info",
    "trackingId": "e9437b57-8d2a-4c20-a301-ef40d93434a3",
    "errorName": "RateLimitError",
    "statusCode": 429,
    "path": "/",
    "method": "GET",
    "ip": "::1",
    "userAgent": "Mozilla/5.0 (X11; Linux x86_64) AppleWebKit/537.36 (KHTML, like Gecko) Chrome/130.0.0.0 Safari/537.36",
    "requestQuery": {}
  },
  "trackingId": "e9437b57-8d2a-4c20-a301-ef40d93434a3",
  "errorName": "RateLimitError",
  "statusCode": 429,
  "path": "/",
  "method": "GET",
  "ip": "::1",
  "userAgent": "Mozilla/5.0 (X11; Linux x86_64) AppleWebKit/537.36 (KHTML, like Gecko) Chrome/130.0.0.0 Safari/537.36",
  "environment": "info",
  "requestQuery": {}
}
2024-11-18T13:10:39.823Z error: دسترسی به این مسیر محدود شده است. لطفاً بعداً تلاش کنید.
Error Location: rateLimiter.middleware.js:176 (Object.handler)
Full Path: /home/mhossein/Desktop/Cooleh.project/app/http/middlewares/rateLimiter.middleware.js
Metadata:
{
  "metadata": {
    "service": "user-service",
    "environment": "info",
    "trackingId": "7e08727e-d907-4b99-a66e-3371cd9c881c",
    "errorName": "RateLimitError",
    "statusCode": 429,
    "path": "/",
    "method": "GET",
    "ip": "::1",
    "userAgent": "Mozilla/5.0 (X11; Linux x86_64) AppleWebKit/537.36 (KHTML, like Gecko) Chrome/130.0.0.0 Safari/537.36",
    "requestQuery": {}
  },
  "trackingId": "7e08727e-d907-4b99-a66e-3371cd9c881c",
  "errorName": "RateLimitError",
  "statusCode": 429,
  "path": "/",
  "method": "GET",
  "ip": "::1",
  "userAgent": "Mozilla/5.0 (X11; Linux x86_64) AppleWebKit/537.36 (KHTML, like Gecko) Chrome/130.0.0.0 Safari/537.36",
  "environment": "info",
  "requestQuery": {}
}
2024-11-18T13:10:39.987Z error: دسترسی به این مسیر محدود شده است. لطفاً بعداً تلاش کنید.
Error Location: rateLimiter.middleware.js:176 (Object.handler)
Full Path: /home/mhossein/Desktop/Cooleh.project/app/http/middlewares/rateLimiter.middleware.js
Metadata:
{
  "metadata": {
    "service": "user-service",
    "environment": "info",
    "trackingId": "c9551bdc-fece-49d8-ad51-a31cb60ceb83",
    "errorName": "RateLimitError",
    "statusCode": 429,
    "path": "/",
    "method": "GET",
    "ip": "::1",
    "userAgent": "Mozilla/5.0 (X11; Linux x86_64) AppleWebKit/537.36 (KHTML, like Gecko) Chrome/130.0.0.0 Safari/537.36",
    "requestQuery": {}
  },
  "trackingId": "c9551bdc-fece-49d8-ad51-a31cb60ceb83",
  "errorName": "RateLimitError",
  "statusCode": 429,
  "path": "/",
  "method": "GET",
  "ip": "::1",
  "userAgent": "Mozilla/5.0 (X11; Linux x86_64) AppleWebKit/537.36 (KHTML, like Gecko) Chrome/130.0.0.0 Safari/537.36",
  "environment": "info",
  "requestQuery": {}
}
2024-11-18T13:10:40.139Z error: دسترسی به این مسیر محدود شده است. لطفاً بعداً تلاش کنید.
Error Location: rateLimiter.middleware.js:176 (Object.handler)
Full Path: /home/mhossein/Desktop/Cooleh.project/app/http/middlewares/rateLimiter.middleware.js
Metadata:
{
  "metadata": {
    "service": "user-service",
    "environment": "info",
    "trackingId": "2146fd84-aac7-4bfe-9191-cecb5260507f",
    "errorName": "RateLimitError",
    "statusCode": 429,
    "path": "/",
    "method": "GET",
    "ip": "::1",
    "userAgent": "Mozilla/5.0 (X11; Linux x86_64) AppleWebKit/537.36 (KHTML, like Gecko) Chrome/130.0.0.0 Safari/537.36",
    "requestQuery": {}
  },
  "trackingId": "2146fd84-aac7-4bfe-9191-cecb5260507f",
  "errorName": "RateLimitError",
  "statusCode": 429,
  "path": "/",
  "method": "GET",
  "ip": "::1",
  "userAgent": "Mozilla/5.0 (X11; Linux x86_64) AppleWebKit/537.36 (KHTML, like Gecko) Chrome/130.0.0.0 Safari/537.36",
  "environment": "info",
  "requestQuery": {}
}
2024-11-18T13:10:40.309Z error: دسترسی به این مسیر محدود شده است. لطفاً بعداً تلاش کنید.
Error Location: rateLimiter.middleware.js:176 (Object.handler)
Full Path: /home/mhossein/Desktop/Cooleh.project/app/http/middlewares/rateLimiter.middleware.js
Metadata:
{
  "metadata": {
    "service": "user-service",
    "environment": "info",
    "trackingId": "45a109f4-2d08-4a05-a52e-34f1a48a4cc6",
    "errorName": "RateLimitError",
    "statusCode": 429,
    "path": "/",
    "method": "GET",
    "ip": "::1",
    "userAgent": "Mozilla/5.0 (X11; Linux x86_64) AppleWebKit/537.36 (KHTML, like Gecko) Chrome/130.0.0.0 Safari/537.36",
    "requestQuery": {}
  },
  "trackingId": "45a109f4-2d08-4a05-a52e-34f1a48a4cc6",
  "errorName": "RateLimitError",
  "statusCode": 429,
  "path": "/",
  "method": "GET",
  "ip": "::1",
  "userAgent": "Mozilla/5.0 (X11; Linux x86_64) AppleWebKit/537.36 (KHTML, like Gecko) Chrome/130.0.0.0 Safari/537.36",
  "environment": "info",
  "requestQuery": {}
}
2024-11-18T13:10:40.482Z error: دسترسی به این مسیر محدود شده است. لطفاً بعداً تلاش کنید.
Error Location: rateLimiter.middleware.js:176 (Object.handler)
Full Path: /home/mhossein/Desktop/Cooleh.project/app/http/middlewares/rateLimiter.middleware.js
Metadata:
{
  "metadata": {
    "service": "user-service",
    "environment": "info",
    "trackingId": "dd0828df-94e6-4f9f-b792-24d0aac25ed3",
    "errorName": "RateLimitError",
    "statusCode": 429,
    "path": "/",
    "method": "GET",
    "ip": "::1",
    "userAgent": "Mozilla/5.0 (X11; Linux x86_64) AppleWebKit/537.36 (KHTML, like Gecko) Chrome/130.0.0.0 Safari/537.36",
    "requestQuery": {}
  },
  "trackingId": "dd0828df-94e6-4f9f-b792-24d0aac25ed3",
  "errorName": "RateLimitError",
  "statusCode": 429,
  "path": "/",
  "method": "GET",
  "ip": "::1",
  "userAgent": "Mozilla/5.0 (X11; Linux x86_64) AppleWebKit/537.36 (KHTML, like Gecko) Chrome/130.0.0.0 Safari/537.36",
  "environment": "info",
  "requestQuery": {}
}
2024-11-18T13:10:40.638Z error: دسترسی به این مسیر محدود شده است. لطفاً بعداً تلاش کنید.
Error Location: rateLimiter.middleware.js:176 (Object.handler)
Full Path: /home/mhossein/Desktop/Cooleh.project/app/http/middlewares/rateLimiter.middleware.js
Metadata:
{
  "metadata": {
    "service": "user-service",
    "environment": "info",
    "trackingId": "1a9fba6e-3cdd-404e-9703-f14ae9a621fe",
    "errorName": "RateLimitError",
    "statusCode": 429,
    "path": "/",
    "method": "GET",
    "ip": "::1",
    "userAgent": "Mozilla/5.0 (X11; Linux x86_64) AppleWebKit/537.36 (KHTML, like Gecko) Chrome/130.0.0.0 Safari/537.36",
    "requestQuery": {}
  },
  "trackingId": "1a9fba6e-3cdd-404e-9703-f14ae9a621fe",
  "errorName": "RateLimitError",
  "statusCode": 429,
  "path": "/",
  "method": "GET",
  "ip": "::1",
  "userAgent": "Mozilla/5.0 (X11; Linux x86_64) AppleWebKit/537.36 (KHTML, like Gecko) Chrome/130.0.0.0 Safari/537.36",
  "environment": "info",
  "requestQuery": {}
}
2024-11-18T13:10:40.803Z error: دسترسی به این مسیر محدود شده است. لطفاً بعداً تلاش کنید.
Error Location: rateLimiter.middleware.js:176 (Object.handler)
Full Path: /home/mhossein/Desktop/Cooleh.project/app/http/middlewares/rateLimiter.middleware.js
Metadata:
{
  "metadata": {
    "service": "user-service",
    "environment": "info",
    "trackingId": "88bda512-f135-44f2-b123-a09dd830c5d6",
    "errorName": "RateLimitError",
    "statusCode": 429,
    "path": "/",
    "method": "GET",
    "ip": "::1",
    "userAgent": "Mozilla/5.0 (X11; Linux x86_64) AppleWebKit/537.36 (KHTML, like Gecko) Chrome/130.0.0.0 Safari/537.36",
    "requestQuery": {}
  },
  "trackingId": "88bda512-f135-44f2-b123-a09dd830c5d6",
  "errorName": "RateLimitError",
  "statusCode": 429,
  "path": "/",
  "method": "GET",
  "ip": "::1",
  "userAgent": "Mozilla/5.0 (X11; Linux x86_64) AppleWebKit/537.36 (KHTML, like Gecko) Chrome/130.0.0.0 Safari/537.36",
  "environment": "info",
  "requestQuery": {}
}
2024-11-18T13:10:40.963Z error: دسترسی به این مسیر محدود شده است. لطفاً بعداً تلاش کنید.
Error Location: rateLimiter.middleware.js:176 (Object.handler)
Full Path: /home/mhossein/Desktop/Cooleh.project/app/http/middlewares/rateLimiter.middleware.js
Metadata:
{
  "metadata": {
    "service": "user-service",
    "environment": "info",
    "trackingId": "39b3f716-100b-4aef-bec1-5846121b46ff",
    "errorName": "RateLimitError",
    "statusCode": 429,
    "path": "/",
    "method": "GET",
    "ip": "::1",
    "userAgent": "Mozilla/5.0 (X11; Linux x86_64) AppleWebKit/537.36 (KHTML, like Gecko) Chrome/130.0.0.0 Safari/537.36",
    "requestQuery": {}
  },
  "trackingId": "39b3f716-100b-4aef-bec1-5846121b46ff",
  "errorName": "RateLimitError",
  "statusCode": 429,
  "path": "/",
  "method": "GET",
  "ip": "::1",
  "userAgent": "Mozilla/5.0 (X11; Linux x86_64) AppleWebKit/537.36 (KHTML, like Gecko) Chrome/130.0.0.0 Safari/537.36",
  "environment": "info",
  "requestQuery": {}
}
2024-11-18T13:10:41.119Z error: دسترسی به این مسیر محدود شده است. لطفاً بعداً تلاش کنید.
Error Location: rateLimiter.middleware.js:176 (Object.handler)
Full Path: /home/mhossein/Desktop/Cooleh.project/app/http/middlewares/rateLimiter.middleware.js
Metadata:
{
  "metadata": {
    "service": "user-service",
    "environment": "info",
    "trackingId": "960ab34f-4575-4de9-afbc-a7d323b1726a",
    "errorName": "RateLimitError",
    "statusCode": 429,
    "path": "/",
    "method": "GET",
    "ip": "::1",
    "userAgent": "Mozilla/5.0 (X11; Linux x86_64) AppleWebKit/537.36 (KHTML, like Gecko) Chrome/130.0.0.0 Safari/537.36",
    "requestQuery": {}
  },
  "trackingId": "960ab34f-4575-4de9-afbc-a7d323b1726a",
  "errorName": "RateLimitError",
  "statusCode": 429,
  "path": "/",
  "method": "GET",
  "ip": "::1",
  "userAgent": "Mozilla/5.0 (X11; Linux x86_64) AppleWebKit/537.36 (KHTML, like Gecko) Chrome/130.0.0.0 Safari/537.36",
  "environment": "info",
  "requestQuery": {}
}
2024-11-18T13:10:41.270Z error: دسترسی به این مسیر محدود شده است. لطفاً بعداً تلاش کنید.
Error Location: rateLimiter.middleware.js:176 (Object.handler)
Full Path: /home/mhossein/Desktop/Cooleh.project/app/http/middlewares/rateLimiter.middleware.js
Metadata:
{
  "metadata": {
    "service": "user-service",
    "environment": "info",
    "trackingId": "1a7ce2a4-512a-4875-8775-eb601344304a",
    "errorName": "RateLimitError",
    "statusCode": 429,
    "path": "/",
    "method": "GET",
    "ip": "::1",
    "userAgent": "Mozilla/5.0 (X11; Linux x86_64) AppleWebKit/537.36 (KHTML, like Gecko) Chrome/130.0.0.0 Safari/537.36",
    "requestQuery": {}
  },
  "trackingId": "1a7ce2a4-512a-4875-8775-eb601344304a",
  "errorName": "RateLimitError",
  "statusCode": 429,
  "path": "/",
  "method": "GET",
  "ip": "::1",
  "userAgent": "Mozilla/5.0 (X11; Linux x86_64) AppleWebKit/537.36 (KHTML, like Gecko) Chrome/130.0.0.0 Safari/537.36",
  "environment": "info",
  "requestQuery": {}
}
2024-11-18T13:10:41.406Z error: دسترسی به این مسیر محدود شده است. لطفاً بعداً تلاش کنید.
Error Location: rateLimiter.middleware.js:176 (Object.handler)
Full Path: /home/mhossein/Desktop/Cooleh.project/app/http/middlewares/rateLimiter.middleware.js
Metadata:
{
  "metadata": {
    "service": "user-service",
    "environment": "info",
    "trackingId": "255a9da4-ad5f-42ca-a41d-4b030268949d",
    "errorName": "RateLimitError",
    "statusCode": 429,
    "path": "/",
    "method": "GET",
    "ip": "::1",
    "userAgent": "Mozilla/5.0 (X11; Linux x86_64) AppleWebKit/537.36 (KHTML, like Gecko) Chrome/130.0.0.0 Safari/537.36",
    "requestQuery": {}
  },
  "trackingId": "255a9da4-ad5f-42ca-a41d-4b030268949d",
  "errorName": "RateLimitError",
  "statusCode": 429,
  "path": "/",
  "method": "GET",
  "ip": "::1",
  "userAgent": "Mozilla/5.0 (X11; Linux x86_64) AppleWebKit/537.36 (KHTML, like Gecko) Chrome/130.0.0.0 Safari/537.36",
  "environment": "info",
  "requestQuery": {}
}
2024-11-18 16:45:07 info: Server is running at http://localhost:7000
Metadata:
{
  "metadata": {
    "service": "user-service",
    "environment": "info"
  }
}
2024-11-18 16:45:07 info: Connected to MongoDB
Metadata:
{
  "metadata": {
    "service": "user-service",
    "environment": "info"
  }
}
2024-11-18 16:45:08 info: PrismaORM connected to MariaDB
Metadata:
{
  "metadata": {
    "service": "user-service",
    "environment": "info"
  }
}
2024-11-18 16:45:37 info: ::1 - - [18/Nov/2024:13:15:37 +0000] "GET / HTTP/1.1" 200 NaNs "-" "Mozilla/5.0 (X11; Linux x86_64) AppleWebKit/537.36 (KHTML, like Gecko) Chrome/130.0.0.0 Safari/537.36"
Metadata:
{
  "metadata": {
    "service": "user-service",
    "environment": "info",
    "type": "access_log",
    "component": "morgan"
  },
  "type": "access_log",
  "component": "morgan"
}
2024-11-18 16:45:37 info: ::1 - - [18/Nov/2024:13:15:37 +0000] "GET / HTTP/1.1" 304 NaNs "-" "Mozilla/5.0 (X11; Linux x86_64) AppleWebKit/537.36 (KHTML, like Gecko) Chrome/130.0.0.0 Safari/537.36"
Metadata:
{
  "metadata": {
    "service": "user-service",
    "environment": "info",
    "type": "access_log",
    "component": "morgan"
  },
  "type": "access_log",
  "component": "morgan"
}
2024-11-18 16:45:38 info: ::1 - - [18/Nov/2024:13:15:38 +0000] "GET / HTTP/1.1" 304 NaNs "-" "Mozilla/5.0 (X11; Linux x86_64) AppleWebKit/537.36 (KHTML, like Gecko) Chrome/130.0.0.0 Safari/537.36"
Metadata:
{
  "metadata": {
    "service": "user-service",
    "environment": "info",
    "type": "access_log",
    "component": "morgan"
  },
  "type": "access_log",
  "component": "morgan"
}
2024-11-18 16:45:38 info: ::1 - - [18/Nov/2024:13:15:38 +0000] "GET / HTTP/1.1" 304 NaNs "-" "Mozilla/5.0 (X11; Linux x86_64) AppleWebKit/537.36 (KHTML, like Gecko) Chrome/130.0.0.0 Safari/537.36"
Metadata:
{
  "metadata": {
    "service": "user-service",
    "environment": "info",
    "type": "access_log",
    "component": "morgan"
  },
  "type": "access_log",
  "component": "morgan"
}
2024-11-18 16:45:38 info: ::1 - - [18/Nov/2024:13:15:38 +0000] "GET / HTTP/1.1" 304 NaNs "-" "Mozilla/5.0 (X11; Linux x86_64) AppleWebKit/537.36 (KHTML, like Gecko) Chrome/130.0.0.0 Safari/537.36"
Metadata:
{
  "metadata": {
    "service": "user-service",
    "environment": "info",
    "type": "access_log",
    "component": "morgan"
  },
  "type": "access_log",
  "component": "morgan"
}
2024-11-18 16:45:38 info: ::1 - - [18/Nov/2024:13:15:38 +0000] "GET / HTTP/1.1" 304 NaNs "-" "Mozilla/5.0 (X11; Linux x86_64) AppleWebKit/537.36 (KHTML, like Gecko) Chrome/130.0.0.0 Safari/537.36"
Metadata:
{
  "metadata": {
    "service": "user-service",
    "environment": "info",
    "type": "access_log",
    "component": "morgan"
  },
  "type": "access_log",
  "component": "morgan"
}
2024-11-18 16:45:38 info: ::1 - - [18/Nov/2024:13:15:38 +0000] "GET / HTTP/1.1" 304 NaNs "-" "Mozilla/5.0 (X11; Linux x86_64) AppleWebKit/537.36 (KHTML, like Gecko) Chrome/130.0.0.0 Safari/537.36"
Metadata:
{
  "metadata": {
    "service": "user-service",
    "environment": "info",
    "type": "access_log",
    "component": "morgan"
  },
  "type": "access_log",
  "component": "morgan"
}
2024-11-18 16:45:39 info: ::1 - - [18/Nov/2024:13:15:39 +0000] "GET / HTTP/1.1" 304 NaNs "-" "Mozilla/5.0 (X11; Linux x86_64) AppleWebKit/537.36 (KHTML, like Gecko) Chrome/130.0.0.0 Safari/537.36"
Metadata:
{
  "metadata": {
    "service": "user-service",
    "environment": "info",
    "type": "access_log",
    "component": "morgan"
  },
  "type": "access_log",
  "component": "morgan"
}
2024-11-18 16:45:39 info: ::1 - - [18/Nov/2024:13:15:39 +0000] "GET / HTTP/1.1" 304 NaNs "-" "Mozilla/5.0 (X11; Linux x86_64) AppleWebKit/537.36 (KHTML, like Gecko) Chrome/130.0.0.0 Safari/537.36"
Metadata:
{
  "metadata": {
    "service": "user-service",
    "environment": "info",
    "type": "access_log",
    "component": "morgan"
  },
  "type": "access_log",
  "component": "morgan"
}
2024-11-18 16:45:39 info: ::1 - - [18/Nov/2024:13:15:39 +0000] "GET / HTTP/1.1" 304 NaNs "-" "Mozilla/5.0 (X11; Linux x86_64) AppleWebKit/537.36 (KHTML, like Gecko) Chrome/130.0.0.0 Safari/537.36"
Metadata:
{
  "metadata": {
    "service": "user-service",
    "environment": "info",
    "type": "access_log",
    "component": "morgan"
  },
  "type": "access_log",
  "component": "morgan"
}
2024-11-18 16:45:39 info: ::1 - - [18/Nov/2024:13:15:39 +0000] "GET / HTTP/1.1" 304 NaNs "-" "Mozilla/5.0 (X11; Linux x86_64) AppleWebKit/537.36 (KHTML, like Gecko) Chrome/130.0.0.0 Safari/537.36"
Metadata:
{
  "metadata": {
    "service": "user-service",
    "environment": "info",
    "type": "access_log",
    "component": "morgan"
  },
  "type": "access_log",
  "component": "morgan"
}
2024-11-18 16:45:39 info: ::1 - - [18/Nov/2024:13:15:39 +0000] "GET / HTTP/1.1" 304 NaNs "-" "Mozilla/5.0 (X11; Linux x86_64) AppleWebKit/537.36 (KHTML, like Gecko) Chrome/130.0.0.0 Safari/537.36"
Metadata:
{
  "metadata": {
    "service": "user-service",
    "environment": "info",
    "type": "access_log",
    "component": "morgan"
  },
  "type": "access_log",
  "component": "morgan"
}
2024-11-18 16:45:39 info: ::1 - - [18/Nov/2024:13:15:39 +0000] "GET / HTTP/1.1" 304 NaNs "-" "Mozilla/5.0 (X11; Linux x86_64) AppleWebKit/537.36 (KHTML, like Gecko) Chrome/130.0.0.0 Safari/537.36"
Metadata:
{
  "metadata": {
    "service": "user-service",
    "environment": "info",
    "type": "access_log",
    "component": "morgan"
  },
  "type": "access_log",
  "component": "morgan"
}
2024-11-18 16:45:40 info: ::1 - - [18/Nov/2024:13:15:40 +0000] "GET / HTTP/1.1" 304 NaNs "-" "Mozilla/5.0 (X11; Linux x86_64) AppleWebKit/537.36 (KHTML, like Gecko) Chrome/130.0.0.0 Safari/537.36"
Metadata:
{
  "metadata": {
    "service": "user-service",
    "environment": "info",
    "type": "access_log",
    "component": "morgan"
  },
  "type": "access_log",
  "component": "morgan"
}
2024-11-18 16:45:40 info: ::1 - - [18/Nov/2024:13:15:40 +0000] "GET / HTTP/1.1" 304 NaNs "-" "Mozilla/5.0 (X11; Linux x86_64) AppleWebKit/537.36 (KHTML, like Gecko) Chrome/130.0.0.0 Safari/537.36"
Metadata:
{
  "metadata": {
    "service": "user-service",
    "environment": "info",
    "type": "access_log",
    "component": "morgan"
  },
  "type": "access_log",
  "component": "morgan"
}
2024-11-18 16:45:40 info: ::1 - - [18/Nov/2024:13:15:40 +0000] "GET / HTTP/1.1" 304 NaNs "-" "Mozilla/5.0 (X11; Linux x86_64) AppleWebKit/537.36 (KHTML, like Gecko) Chrome/130.0.0.0 Safari/537.36"
Metadata:
{
  "metadata": {
    "service": "user-service",
    "environment": "info",
    "type": "access_log",
    "component": "morgan"
  },
  "type": "access_log",
  "component": "morgan"
}
2024-11-18 16:45:40 info: ::1 - - [18/Nov/2024:13:15:40 +0000] "GET / HTTP/1.1" 304 NaNs "-" "Mozilla/5.0 (X11; Linux x86_64) AppleWebKit/537.36 (KHTML, like Gecko) Chrome/130.0.0.0 Safari/537.36"
Metadata:
{
  "metadata": {
    "service": "user-service",
    "environment": "info",
    "type": "access_log",
    "component": "morgan"
  },
  "type": "access_log",
  "component": "morgan"
}
2024-11-18 16:45:40 info: ::1 - - [18/Nov/2024:13:15:40 +0000] "GET / HTTP/1.1" 304 NaNs "-" "Mozilla/5.0 (X11; Linux x86_64) AppleWebKit/537.36 (KHTML, like Gecko) Chrome/130.0.0.0 Safari/537.36"
Metadata:
{
  "metadata": {
    "service": "user-service",
    "environment": "info",
    "type": "access_log",
    "component": "morgan"
  },
  "type": "access_log",
  "component": "morgan"
}
2024-11-18 16:45:40 info: ::1 - - [18/Nov/2024:13:15:40 +0000] "GET / HTTP/1.1" 304 NaNs "-" "Mozilla/5.0 (X11; Linux x86_64) AppleWebKit/537.36 (KHTML, like Gecko) Chrome/130.0.0.0 Safari/537.36"
Metadata:
{
  "metadata": {
    "service": "user-service",
    "environment": "info",
    "type": "access_log",
    "component": "morgan"
  },
  "type": "access_log",
  "component": "morgan"
}
2024-11-18 16:45:41 info: ::1 - - [18/Nov/2024:13:15:41 +0000] "GET / HTTP/1.1" 304 NaNs "-" "Mozilla/5.0 (X11; Linux x86_64) AppleWebKit/537.36 (KHTML, like Gecko) Chrome/130.0.0.0 Safari/537.36"
Metadata:
{
  "metadata": {
    "service": "user-service",
    "environment": "info",
    "type": "access_log",
    "component": "morgan"
  },
  "type": "access_log",
  "component": "morgan"
}
2024-11-18 16:45:41 info: ::1 - - [18/Nov/2024:13:15:41 +0000] "GET / HTTP/1.1" 304 NaNs "-" "Mozilla/5.0 (X11; Linux x86_64) AppleWebKit/537.36 (KHTML, like Gecko) Chrome/130.0.0.0 Safari/537.36"
Metadata:
{
  "metadata": {
    "service": "user-service",
    "environment": "info",
    "type": "access_log",
    "component": "morgan"
  },
  "type": "access_log",
  "component": "morgan"
}
2024-11-18 16:45:41 info: ::1 - - [18/Nov/2024:13:15:41 +0000] "GET / HTTP/1.1" 304 NaNs "-" "Mozilla/5.0 (X11; Linux x86_64) AppleWebKit/537.36 (KHTML, like Gecko) Chrome/130.0.0.0 Safari/537.36"
Metadata:
{
  "metadata": {
    "service": "user-service",
    "environment": "info",
    "type": "access_log",
    "component": "morgan"
  },
  "type": "access_log",
  "component": "morgan"
}
2024-11-18 16:45:41 info: ::1 - - [18/Nov/2024:13:15:41 +0000] "GET / HTTP/1.1" 304 NaNs "-" "Mozilla/5.0 (X11; Linux x86_64) AppleWebKit/537.36 (KHTML, like Gecko) Chrome/130.0.0.0 Safari/537.36"
Metadata:
{
  "metadata": {
    "service": "user-service",
    "environment": "info",
    "type": "access_log",
    "component": "morgan"
  },
  "type": "access_log",
  "component": "morgan"
}
2024-11-18 16:45:41 info: ::1 - - [18/Nov/2024:13:15:41 +0000] "GET / HTTP/1.1" 304 NaNs "-" "Mozilla/5.0 (X11; Linux x86_64) AppleWebKit/537.36 (KHTML, like Gecko) Chrome/130.0.0.0 Safari/537.36"
Metadata:
{
  "metadata": {
    "service": "user-service",
    "environment": "info",
    "type": "access_log",
    "component": "morgan"
  },
  "type": "access_log",
  "component": "morgan"
}
2024-11-18 16:45:42 info: ::1 - - [18/Nov/2024:13:15:42 +0000] "GET / HTTP/1.1" 304 NaNs "-" "Mozilla/5.0 (X11; Linux x86_64) AppleWebKit/537.36 (KHTML, like Gecko) Chrome/130.0.0.0 Safari/537.36"
Metadata:
{
  "metadata": {
    "service": "user-service",
    "environment": "info",
    "type": "access_log",
    "component": "morgan"
  },
  "type": "access_log",
  "component": "morgan"
}
2024-11-18 16:45:42 info: ::1 - - [18/Nov/2024:13:15:42 +0000] "GET / HTTP/1.1" 304 NaNs "-" "Mozilla/5.0 (X11; Linux x86_64) AppleWebKit/537.36 (KHTML, like Gecko) Chrome/130.0.0.0 Safari/537.36"
Metadata:
{
  "metadata": {
    "service": "user-service",
    "environment": "info",
    "type": "access_log",
    "component": "morgan"
  },
  "type": "access_log",
  "component": "morgan"
}
2024-11-18 16:45:42 info: ::1 - - [18/Nov/2024:13:15:42 +0000] "GET / HTTP/1.1" 304 NaNs "-" "Mozilla/5.0 (X11; Linux x86_64) AppleWebKit/537.36 (KHTML, like Gecko) Chrome/130.0.0.0 Safari/537.36"
Metadata:
{
  "metadata": {
    "service": "user-service",
    "environment": "info",
    "type": "access_log",
    "component": "morgan"
  },
  "type": "access_log",
  "component": "morgan"
}
2024-11-18 16:45:42 info: ::1 - - [18/Nov/2024:13:15:42 +0000] "GET / HTTP/1.1" 304 NaNs "-" "Mozilla/5.0 (X11; Linux x86_64) AppleWebKit/537.36 (KHTML, like Gecko) Chrome/130.0.0.0 Safari/537.36"
Metadata:
{
  "metadata": {
    "service": "user-service",
    "environment": "info",
    "type": "access_log",
    "component": "morgan"
  },
  "type": "access_log",
  "component": "morgan"
}
2024-11-18 16:45:42 info: ::1 - - [18/Nov/2024:13:15:42 +0000] "GET / HTTP/1.1" 304 NaNs "-" "Mozilla/5.0 (X11; Linux x86_64) AppleWebKit/537.36 (KHTML, like Gecko) Chrome/130.0.0.0 Safari/537.36"
Metadata:
{
  "metadata": {
    "service": "user-service",
    "environment": "info",
    "type": "access_log",
    "component": "morgan"
  },
  "type": "access_log",
  "component": "morgan"
}
2024-11-18 16:45:42 info: ::1 - - [18/Nov/2024:13:15:42 +0000] "GET / HTTP/1.1" 304 NaNs "-" "Mozilla/5.0 (X11; Linux x86_64) AppleWebKit/537.36 (KHTML, like Gecko) Chrome/130.0.0.0 Safari/537.36"
Metadata:
{
  "metadata": {
    "service": "user-service",
    "environment": "info",
    "type": "access_log",
    "component": "morgan"
  },
  "type": "access_log",
  "component": "morgan"
}
2024-11-18T13:15:42.958Z error: دسترسی به این مسیر محدود شده است. لطفاً بعداً تلاش کنید.
Error Location: rateLimiter.middleware.js:173 (Object.handler)
Full Path: /home/mhossein/Desktop/Cooleh.project/app/http/middlewares/rateLimiter.middleware.js
Metadata:
{
  "metadata": {
    "service": "user-service",
    "environment": "info",
    "trackingId": "83712812-35d1-4cb0-9f83-e930efa12a6e",
    "errorName": "RateLimitError",
    "statusCode": 429,
    "path": "/",
    "method": "GET",
    "ip": "::1",
    "userAgent": "Mozilla/5.0 (X11; Linux x86_64) AppleWebKit/537.36 (KHTML, like Gecko) Chrome/130.0.0.0 Safari/537.36",
    "requestQuery": {}
  },
  "trackingId": "83712812-35d1-4cb0-9f83-e930efa12a6e",
  "errorName": "RateLimitError",
  "statusCode": 429,
  "path": "/",
  "method": "GET",
  "ip": "::1",
  "userAgent": "Mozilla/5.0 (X11; Linux x86_64) AppleWebKit/537.36 (KHTML, like Gecko) Chrome/130.0.0.0 Safari/537.36",
  "environment": "info",
  "requestQuery": {}
}
2024-11-18T13:15:43.123Z error: دسترسی به این مسیر محدود شده است. لطفاً بعداً تلاش کنید.
Error Location: rateLimiter.middleware.js:173 (Object.handler)
Full Path: /home/mhossein/Desktop/Cooleh.project/app/http/middlewares/rateLimiter.middleware.js
Metadata:
{
  "metadata": {
    "service": "user-service",
    "environment": "info",
    "trackingId": "6e66c5ef-964a-4dd0-8852-aac8115f8b47",
    "errorName": "RateLimitError",
    "statusCode": 429,
    "path": "/",
    "method": "GET",
    "ip": "::1",
    "userAgent": "Mozilla/5.0 (X11; Linux x86_64) AppleWebKit/537.36 (KHTML, like Gecko) Chrome/130.0.0.0 Safari/537.36",
    "requestQuery": {}
  },
  "trackingId": "6e66c5ef-964a-4dd0-8852-aac8115f8b47",
  "errorName": "RateLimitError",
  "statusCode": 429,
  "path": "/",
  "method": "GET",
  "ip": "::1",
  "userAgent": "Mozilla/5.0 (X11; Linux x86_64) AppleWebKit/537.36 (KHTML, like Gecko) Chrome/130.0.0.0 Safari/537.36",
  "environment": "info",
  "requestQuery": {}
}
2024-11-18T13:15:43.281Z error: دسترسی به این مسیر محدود شده است. لطفاً بعداً تلاش کنید.
Error Location: rateLimiter.middleware.js:173 (Object.handler)
Full Path: /home/mhossein/Desktop/Cooleh.project/app/http/middlewares/rateLimiter.middleware.js
Metadata:
{
  "metadata": {
    "service": "user-service",
    "environment": "info",
    "trackingId": "11486daa-6d7c-4c08-816d-a4242d2230e0",
    "errorName": "RateLimitError",
    "statusCode": 429,
    "path": "/",
    "method": "GET",
    "ip": "::1",
    "userAgent": "Mozilla/5.0 (X11; Linux x86_64) AppleWebKit/537.36 (KHTML, like Gecko) Chrome/130.0.0.0 Safari/537.36",
    "requestQuery": {}
  },
  "trackingId": "11486daa-6d7c-4c08-816d-a4242d2230e0",
  "errorName": "RateLimitError",
  "statusCode": 429,
  "path": "/",
  "method": "GET",
  "ip": "::1",
  "userAgent": "Mozilla/5.0 (X11; Linux x86_64) AppleWebKit/537.36 (KHTML, like Gecko) Chrome/130.0.0.0 Safari/537.36",
  "environment": "info",
  "requestQuery": {}
}
2024-11-18T13:15:46.762Z error: دسترسی به این مسیر محدود شده است. لطفاً بعداً تلاش کنید.
Error Location: rateLimiter.middleware.js:173 (Object.handler)
Full Path: /home/mhossein/Desktop/Cooleh.project/app/http/middlewares/rateLimiter.middleware.js
Metadata:
{
  "metadata": {
    "service": "user-service",
    "environment": "info",
    "trackingId": "d8751aac-3a07-4e0c-896d-5929d1260409",
    "errorName": "RateLimitError",
    "statusCode": 429,
    "path": "/",
    "method": "GET",
    "ip": "::1",
    "userAgent": "Mozilla/5.0 (X11; Linux x86_64) AppleWebKit/537.36 (KHTML, like Gecko) Chrome/130.0.0.0 Safari/537.36",
    "requestQuery": {}
  },
  "trackingId": "d8751aac-3a07-4e0c-896d-5929d1260409",
  "errorName": "RateLimitError",
  "statusCode": 429,
  "path": "/",
  "method": "GET",
  "ip": "::1",
  "userAgent": "Mozilla/5.0 (X11; Linux x86_64) AppleWebKit/537.36 (KHTML, like Gecko) Chrome/130.0.0.0 Safari/537.36",
  "environment": "info",
  "requestQuery": {}
}
2024-11-18T13:15:47.233Z error: دسترسی به این مسیر محدود شده است. لطفاً بعداً تلاش کنید.
Error Location: rateLimiter.middleware.js:173 (Object.handler)
Full Path: /home/mhossein/Desktop/Cooleh.project/app/http/middlewares/rateLimiter.middleware.js
Metadata:
{
  "metadata": {
    "service": "user-service",
    "environment": "info",
    "trackingId": "981241cc-6400-435c-a37f-8732c9bc2bf8",
    "errorName": "RateLimitError",
    "statusCode": 429,
    "path": "/",
    "method": "GET",
    "ip": "::1",
    "userAgent": "Mozilla/5.0 (X11; Linux x86_64) AppleWebKit/537.36 (KHTML, like Gecko) Chrome/130.0.0.0 Safari/537.36",
    "requestQuery": {}
  },
  "trackingId": "981241cc-6400-435c-a37f-8732c9bc2bf8",
  "errorName": "RateLimitError",
  "statusCode": 429,
  "path": "/",
  "method": "GET",
  "ip": "::1",
  "userAgent": "Mozilla/5.0 (X11; Linux x86_64) AppleWebKit/537.36 (KHTML, like Gecko) Chrome/130.0.0.0 Safari/537.36",
  "environment": "info",
  "requestQuery": {}
}
2024-11-18 16:46:47 info: Server is running at http://localhost:7000
Metadata:
{
  "metadata": {
    "service": "user-service",
    "environment": "development"
  }
}
2024-11-18 16:46:47 info: Connected to MongoDB
Metadata:
{
  "metadata": {
    "service": "user-service",
    "environment": "development"
  }
}
2024-11-18 16:46:47 info: PrismaORM connected to MariaDB
Metadata:
{
  "metadata": {
    "service": "user-service",
    "environment": "development"
  }
}
2024-11-18 16:46:51 info: ::1 - - [18/Nov/2024:13:16:51 +0000] "GET / HTTP/1.1" 200 NaNs "-" "Mozilla/5.0 (X11; Linux x86_64) AppleWebKit/537.36 (KHTML, like Gecko) Chrome/130.0.0.0 Safari/537.36"
Metadata:
{
  "metadata": {
    "service": "user-service",
    "environment": "development",
    "type": "access_log",
    "component": "morgan"
  },
  "type": "access_log",
  "component": "morgan"
}
2024-11-18 16:46:51 info: ::1 - - [18/Nov/2024:13:16:51 +0000] "GET / HTTP/1.1" 304 NaNs "-" "Mozilla/5.0 (X11; Linux x86_64) AppleWebKit/537.36 (KHTML, like Gecko) Chrome/130.0.0.0 Safari/537.36"
Metadata:
{
  "metadata": {
    "service": "user-service",
    "environment": "development",
    "type": "access_log",
    "component": "morgan"
  },
  "type": "access_log",
  "component": "morgan"
}
2024-11-18 16:46:51 info: ::1 - - [18/Nov/2024:13:16:51 +0000] "GET / HTTP/1.1" 304 NaNs "-" "Mozilla/5.0 (X11; Linux x86_64) AppleWebKit/537.36 (KHTML, like Gecko) Chrome/130.0.0.0 Safari/537.36"
Metadata:
{
  "metadata": {
    "service": "user-service",
    "environment": "development",
    "type": "access_log",
    "component": "morgan"
  },
  "type": "access_log",
  "component": "morgan"
}
2024-11-18 16:46:52 info: ::1 - - [18/Nov/2024:13:16:52 +0000] "GET / HTTP/1.1" 304 NaNs "-" "Mozilla/5.0 (X11; Linux x86_64) AppleWebKit/537.36 (KHTML, like Gecko) Chrome/130.0.0.0 Safari/537.36"
Metadata:
{
  "metadata": {
    "service": "user-service",
    "environment": "development",
    "type": "access_log",
    "component": "morgan"
  },
  "type": "access_log",
  "component": "morgan"
}
2024-11-18 16:46:52 info: ::1 - - [18/Nov/2024:13:16:52 +0000] "GET / HTTP/1.1" 304 NaNs "-" "Mozilla/5.0 (X11; Linux x86_64) AppleWebKit/537.36 (KHTML, like Gecko) Chrome/130.0.0.0 Safari/537.36"
Metadata:
{
  "metadata": {
    "service": "user-service",
    "environment": "development",
    "type": "access_log",
    "component": "morgan"
  },
  "type": "access_log",
  "component": "morgan"
}
2024-11-18 16:46:52 info: ::1 - - [18/Nov/2024:13:16:52 +0000] "GET / HTTP/1.1" 304 NaNs "-" "Mozilla/5.0 (X11; Linux x86_64) AppleWebKit/537.36 (KHTML, like Gecko) Chrome/130.0.0.0 Safari/537.36"
Metadata:
{
  "metadata": {
    "service": "user-service",
    "environment": "development",
    "type": "access_log",
    "component": "morgan"
  },
  "type": "access_log",
  "component": "morgan"
}
2024-11-18 16:46:52 info: ::1 - - [18/Nov/2024:13:16:52 +0000] "GET / HTTP/1.1" 304 NaNs "-" "Mozilla/5.0 (X11; Linux x86_64) AppleWebKit/537.36 (KHTML, like Gecko) Chrome/130.0.0.0 Safari/537.36"
Metadata:
{
  "metadata": {
    "service": "user-service",
    "environment": "development",
    "type": "access_log",
    "component": "morgan"
  },
  "type": "access_log",
  "component": "morgan"
}
2024-11-18 16:46:52 info: ::1 - - [18/Nov/2024:13:16:52 +0000] "GET / HTTP/1.1" 304 NaNs "-" "Mozilla/5.0 (X11; Linux x86_64) AppleWebKit/537.36 (KHTML, like Gecko) Chrome/130.0.0.0 Safari/537.36"
Metadata:
{
  "metadata": {
    "service": "user-service",
    "environment": "development",
    "type": "access_log",
    "component": "morgan"
  },
  "type": "access_log",
  "component": "morgan"
}
2024-11-18 16:46:52 info: ::1 - - [18/Nov/2024:13:16:52 +0000] "GET / HTTP/1.1" 304 NaNs "-" "Mozilla/5.0 (X11; Linux x86_64) AppleWebKit/537.36 (KHTML, like Gecko) Chrome/130.0.0.0 Safari/537.36"
Metadata:
{
  "metadata": {
    "service": "user-service",
    "environment": "development",
    "type": "access_log",
    "component": "morgan"
  },
  "type": "access_log",
  "component": "morgan"
}
2024-11-18 16:46:52 info: ::1 - - [18/Nov/2024:13:16:52 +0000] "GET / HTTP/1.1" 304 NaNs "-" "Mozilla/5.0 (X11; Linux x86_64) AppleWebKit/537.36 (KHTML, like Gecko) Chrome/130.0.0.0 Safari/537.36"
Metadata:
{
  "metadata": {
    "service": "user-service",
    "environment": "development",
    "type": "access_log",
    "component": "morgan"
  },
  "type": "access_log",
  "component": "morgan"
}
2024-11-18 16:46:53 info: ::1 - - [18/Nov/2024:13:16:53 +0000] "GET / HTTP/1.1" 304 NaNs "-" "Mozilla/5.0 (X11; Linux x86_64) AppleWebKit/537.36 (KHTML, like Gecko) Chrome/130.0.0.0 Safari/537.36"
Metadata:
{
  "metadata": {
    "service": "user-service",
    "environment": "development",
    "type": "access_log",
    "component": "morgan"
  },
  "type": "access_log",
  "component": "morgan"
}
2024-11-18 16:46:53 info: ::1 - - [18/Nov/2024:13:16:53 +0000] "GET / HTTP/1.1" 304 NaNs "-" "Mozilla/5.0 (X11; Linux x86_64) AppleWebKit/537.36 (KHTML, like Gecko) Chrome/130.0.0.0 Safari/537.36"
Metadata:
{
  "metadata": {
    "service": "user-service",
    "environment": "development",
    "type": "access_log",
    "component": "morgan"
  },
  "type": "access_log",
  "component": "morgan"
}
2024-11-18 16:46:53 info: ::1 - - [18/Nov/2024:13:16:53 +0000] "GET / HTTP/1.1" 304 NaNs "-" "Mozilla/5.0 (X11; Linux x86_64) AppleWebKit/537.36 (KHTML, like Gecko) Chrome/130.0.0.0 Safari/537.36"
Metadata:
{
  "metadata": {
    "service": "user-service",
    "environment": "development",
    "type": "access_log",
    "component": "morgan"
  },
  "type": "access_log",
  "component": "morgan"
}
2024-11-18 16:46:53 info: ::1 - - [18/Nov/2024:13:16:53 +0000] "GET / HTTP/1.1" 304 NaNs "-" "Mozilla/5.0 (X11; Linux x86_64) AppleWebKit/537.36 (KHTML, like Gecko) Chrome/130.0.0.0 Safari/537.36"
Metadata:
{
  "metadata": {
    "service": "user-service",
    "environment": "development",
    "type": "access_log",
    "component": "morgan"
  },
  "type": "access_log",
  "component": "morgan"
}
2024-11-18 16:46:53 info: ::1 - - [18/Nov/2024:13:16:53 +0000] "GET / HTTP/1.1" 304 NaNs "-" "Mozilla/5.0 (X11; Linux x86_64) AppleWebKit/537.36 (KHTML, like Gecko) Chrome/130.0.0.0 Safari/537.36"
Metadata:
{
  "metadata": {
    "service": "user-service",
    "environment": "development",
    "type": "access_log",
    "component": "morgan"
  },
  "type": "access_log",
  "component": "morgan"
}
2024-11-18 16:46:53 info: ::1 - - [18/Nov/2024:13:16:53 +0000] "GET / HTTP/1.1" 304 NaNs "-" "Mozilla/5.0 (X11; Linux x86_64) AppleWebKit/537.36 (KHTML, like Gecko) Chrome/130.0.0.0 Safari/537.36"
Metadata:
{
  "metadata": {
    "service": "user-service",
    "environment": "development",
    "type": "access_log",
    "component": "morgan"
  },
  "type": "access_log",
  "component": "morgan"
}
2024-11-18 16:46:53 info: ::1 - - [18/Nov/2024:13:16:53 +0000] "GET / HTTP/1.1" 304 NaNs "-" "Mozilla/5.0 (X11; Linux x86_64) AppleWebKit/537.36 (KHTML, like Gecko) Chrome/130.0.0.0 Safari/537.36"
Metadata:
{
  "metadata": {
    "service": "user-service",
    "environment": "development",
    "type": "access_log",
    "component": "morgan"
  },
  "type": "access_log",
  "component": "morgan"
}
2024-11-18 16:46:54 info: ::1 - - [18/Nov/2024:13:16:54 +0000] "GET / HTTP/1.1" 304 NaNs "-" "Mozilla/5.0 (X11; Linux x86_64) AppleWebKit/537.36 (KHTML, like Gecko) Chrome/130.0.0.0 Safari/537.36"
Metadata:
{
  "metadata": {
    "service": "user-service",
    "environment": "development",
    "type": "access_log",
    "component": "morgan"
  },
  "type": "access_log",
  "component": "morgan"
}
2024-11-18 16:46:54 info: ::1 - - [18/Nov/2024:13:16:54 +0000] "GET / HTTP/1.1" 304 NaNs "-" "Mozilla/5.0 (X11; Linux x86_64) AppleWebKit/537.36 (KHTML, like Gecko) Chrome/130.0.0.0 Safari/537.36"
Metadata:
{
  "metadata": {
    "service": "user-service",
    "environment": "development",
    "type": "access_log",
    "component": "morgan"
  },
  "type": "access_log",
  "component": "morgan"
}
2024-11-18 16:46:54 info: ::1 - - [18/Nov/2024:13:16:54 +0000] "GET / HTTP/1.1" 304 NaNs "-" "Mozilla/5.0 (X11; Linux x86_64) AppleWebKit/537.36 (KHTML, like Gecko) Chrome/130.0.0.0 Safari/537.36"
Metadata:
{
  "metadata": {
    "service": "user-service",
    "environment": "development",
    "type": "access_log",
    "component": "morgan"
  },
  "type": "access_log",
  "component": "morgan"
}
2024-11-18 16:46:54 info: ::1 - - [18/Nov/2024:13:16:54 +0000] "GET / HTTP/1.1" 304 NaNs "-" "Mozilla/5.0 (X11; Linux x86_64) AppleWebKit/537.36 (KHTML, like Gecko) Chrome/130.0.0.0 Safari/537.36"
Metadata:
{
  "metadata": {
    "service": "user-service",
    "environment": "development",
    "type": "access_log",
    "component": "morgan"
  },
  "type": "access_log",
  "component": "morgan"
}
2024-11-18 16:46:54 info: ::1 - - [18/Nov/2024:13:16:54 +0000] "GET / HTTP/1.1" 304 NaNs "-" "Mozilla/5.0 (X11; Linux x86_64) AppleWebKit/537.36 (KHTML, like Gecko) Chrome/130.0.0.0 Safari/537.36"
Metadata:
{
  "metadata": {
    "service": "user-service",
    "environment": "development",
    "type": "access_log",
    "component": "morgan"
  },
  "type": "access_log",
  "component": "morgan"
}
2024-11-18 16:46:54 info: ::1 - - [18/Nov/2024:13:16:54 +0000] "GET / HTTP/1.1" 304 NaNs "-" "Mozilla/5.0 (X11; Linux x86_64) AppleWebKit/537.36 (KHTML, like Gecko) Chrome/130.0.0.0 Safari/537.36"
Metadata:
{
  "metadata": {
    "service": "user-service",
    "environment": "development",
    "type": "access_log",
    "component": "morgan"
  },
  "type": "access_log",
  "component": "morgan"
}
2024-11-18 16:46:54 info: ::1 - - [18/Nov/2024:13:16:54 +0000] "GET / HTTP/1.1" 304 NaNs "-" "Mozilla/5.0 (X11; Linux x86_64) AppleWebKit/537.36 (KHTML, like Gecko) Chrome/130.0.0.0 Safari/537.36"
Metadata:
{
  "metadata": {
    "service": "user-service",
    "environment": "development",
    "type": "access_log",
    "component": "morgan"
  },
  "type": "access_log",
  "component": "morgan"
}
2024-11-18 16:46:55 info: ::1 - - [18/Nov/2024:13:16:55 +0000] "GET / HTTP/1.1" 304 NaNs "-" "Mozilla/5.0 (X11; Linux x86_64) AppleWebKit/537.36 (KHTML, like Gecko) Chrome/130.0.0.0 Safari/537.36"
Metadata:
{
  "metadata": {
    "service": "user-service",
    "environment": "development",
    "type": "access_log",
    "component": "morgan"
  },
  "type": "access_log",
  "component": "morgan"
}
2024-11-18 16:46:55 info: ::1 - - [18/Nov/2024:13:16:55 +0000] "GET / HTTP/1.1" 304 NaNs "-" "Mozilla/5.0 (X11; Linux x86_64) AppleWebKit/537.36 (KHTML, like Gecko) Chrome/130.0.0.0 Safari/537.36"
Metadata:
{
  "metadata": {
    "service": "user-service",
    "environment": "development",
    "type": "access_log",
    "component": "morgan"
  },
  "type": "access_log",
  "component": "morgan"
}
2024-11-18 16:46:55 info: ::1 - - [18/Nov/2024:13:16:55 +0000] "GET / HTTP/1.1" 304 NaNs "-" "Mozilla/5.0 (X11; Linux x86_64) AppleWebKit/537.36 (KHTML, like Gecko) Chrome/130.0.0.0 Safari/537.36"
Metadata:
{
  "metadata": {
    "service": "user-service",
    "environment": "development",
    "type": "access_log",
    "component": "morgan"
  },
  "type": "access_log",
  "component": "morgan"
}
2024-11-18 16:46:55 info: ::1 - - [18/Nov/2024:13:16:55 +0000] "GET / HTTP/1.1" 304 NaNs "-" "Mozilla/5.0 (X11; Linux x86_64) AppleWebKit/537.36 (KHTML, like Gecko) Chrome/130.0.0.0 Safari/537.36"
Metadata:
{
  "metadata": {
    "service": "user-service",
    "environment": "development",
    "type": "access_log",
    "component": "morgan"
  },
  "type": "access_log",
  "component": "morgan"
}
2024-11-18 16:46:55 info: ::1 - - [18/Nov/2024:13:16:55 +0000] "GET / HTTP/1.1" 304 NaNs "-" "Mozilla/5.0 (X11; Linux x86_64) AppleWebKit/537.36 (KHTML, like Gecko) Chrome/130.0.0.0 Safari/537.36"
Metadata:
{
  "metadata": {
    "service": "user-service",
    "environment": "development",
    "type": "access_log",
    "component": "morgan"
  },
  "type": "access_log",
  "component": "morgan"
}
2024-11-18 16:46:55 info: ::1 - - [18/Nov/2024:13:16:55 +0000] "GET / HTTP/1.1" 304 NaNs "-" "Mozilla/5.0 (X11; Linux x86_64) AppleWebKit/537.36 (KHTML, like Gecko) Chrome/130.0.0.0 Safari/537.36"
Metadata:
{
  "metadata": {
    "service": "user-service",
    "environment": "development",
    "type": "access_log",
    "component": "morgan"
  },
  "type": "access_log",
  "component": "morgan"
}
2024-11-18T13:16:56.153Z error: تعداد درخواست‌های شما از حد مجاز بیشتر شده است.
Error Location: rateLimiter.middleware.js:51 (Object.handler)
Full Path: /home/mhossein/Desktop/Cooleh.project/app/http/middlewares/rateLimiter.middleware.js
Stack Trace:
RateLimitError: تعداد درخواست‌های شما از حد مجاز بیشتر شده است.
    at Object.handler (/home/mhossein/Desktop/Cooleh.project/app/http/middlewares/rateLimiter.middleware.js:51:15)
    at /home/mhossein/Desktop/Cooleh.project/node_modules/express-rate-limit/dist/index.cjs:749:16
    at processTicksAndRejections (node:internal/process/task_queues:95:5)
    at /home/mhossein/Desktop/Cooleh.project/node_modules/express-rate-limit/dist/index.cjs:650:5
Metadata:
{
  "metadata": {
    "service": "user-service",
    "environment": "development",
    "trackingId": "75542036-bec4-47e0-a2bc-08c3891afa76",
    "errorName": "RateLimitError",
    "statusCode": 429,
    "path": "/",
    "method": "GET",
    "ip": "::1",
    "userAgent": "Mozilla/5.0 (X11; Linux x86_64) AppleWebKit/537.36 (KHTML, like Gecko) Chrome/130.0.0.0 Safari/537.36",
    "requestBody": {},
    "requestQuery": {},
    "requestHeaders": {
      "host": "localhost:7000",
      "connection": "keep-alive",
      "cache-control": "max-age=0",
      "sec-ch-ua": "\"Chromium\";v=\"130\", \"Google Chrome\";v=\"130\", \"Not?A_Brand\";v=\"99\"",
      "sec-ch-ua-mobile": "?0",
      "sec-ch-ua-platform": "\"Linux\"",
      "upgrade-insecure-requests": "1",
      "user-agent": "Mozilla/5.0 (X11; Linux x86_64) AppleWebKit/537.36 (KHTML, like Gecko) Chrome/130.0.0.0 Safari/537.36",
      "accept": "text/html,application/xhtml+xml,application/xml;q=0.9,image/avif,image/webp,image/apng,*/*;q=0.8,application/signed-exchange;v=b3;q=0.7",
      "sec-fetch-site": "none",
      "sec-fetch-mode": "navigate",
      "sec-fetch-user": "?1",
      "sec-fetch-dest": "document",
      "accept-encoding": "gzip, deflate, br, zstd",
      "accept-language": "en-US,en;q=0.9,fa;q=0.8",
      "cookie": "openrouter-api-key=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; openrouter-model=meta-llama/llama-3.1-405b-instruct:free; _csrf=-6LD5lyGNZmnOODBcveUpkuN",
      "if-none-match": "W/\"24f-GF4jL3Cb127EP+SzJFiCo0Q9AAI\""
    }
  },
  "trackingId": "75542036-bec4-47e0-a2bc-08c3891afa76",
  "errorName": "RateLimitError",
  "statusCode": 429,
  "path": "/",
  "method": "GET",
  "ip": "::1",
  "userAgent": "Mozilla/5.0 (X11; Linux x86_64) AppleWebKit/537.36 (KHTML, like Gecko) Chrome/130.0.0.0 Safari/537.36",
  "environment": "development",
  "requestBody": {},
  "requestQuery": {},
  "requestHeaders": {
    "host": "localhost:7000",
    "connection": "keep-alive",
    "cache-control": "max-age=0",
    "sec-ch-ua": "\"Chromium\";v=\"130\", \"Google Chrome\";v=\"130\", \"Not?A_Brand\";v=\"99\"",
    "sec-ch-ua-mobile": "?0",
    "sec-ch-ua-platform": "\"Linux\"",
    "upgrade-insecure-requests": "1",
    "user-agent": "Mozilla/5.0 (X11; Linux x86_64) AppleWebKit/537.36 (KHTML, like Gecko) Chrome/130.0.0.0 Safari/537.36",
    "accept": "text/html,application/xhtml+xml,application/xml;q=0.9,image/avif,image/webp,image/apng,*/*;q=0.8,application/signed-exchange;v=b3;q=0.7",
    "sec-fetch-site": "none",
    "sec-fetch-mode": "navigate",
    "sec-fetch-user": "?1",
    "sec-fetch-dest": "document",
    "accept-encoding": "gzip, deflate, br, zstd",
    "accept-language": "en-US,en;q=0.9,fa;q=0.8",
    "cookie": "openrouter-api-key=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; openrouter-model=meta-llama/llama-3.1-405b-instruct:free; _csrf=-6LD5lyGNZmnOODBcveUpkuN",
    "if-none-match": "W/\"24f-GF4jL3Cb127EP+SzJFiCo0Q9AAI\""
  }
}
2024-11-18T13:16:56.308Z error: تعداد درخواست‌های شما از حد مجاز بیشتر شده است.
Error Location: rateLimiter.middleware.js:51 (Object.handler)
Full Path: /home/mhossein/Desktop/Cooleh.project/app/http/middlewares/rateLimiter.middleware.js
Stack Trace:
RateLimitError: تعداد درخواست‌های شما از حد مجاز بیشتر شده است.
    at Object.handler (/home/mhossein/Desktop/Cooleh.project/app/http/middlewares/rateLimiter.middleware.js:51:15)
    at /home/mhossein/Desktop/Cooleh.project/node_modules/express-rate-limit/dist/index.cjs:749:16
    at processTicksAndRejections (node:internal/process/task_queues:95:5)
    at /home/mhossein/Desktop/Cooleh.project/node_modules/express-rate-limit/dist/index.cjs:650:5
Metadata:
{
  "metadata": {
    "service": "user-service",
    "environment": "development",
    "trackingId": "7ce8813b-e6ed-4797-b5b5-af8d992f3626",
    "errorName": "RateLimitError",
    "statusCode": 429,
    "path": "/",
    "method": "GET",
    "ip": "::1",
    "userAgent": "Mozilla/5.0 (X11; Linux x86_64) AppleWebKit/537.36 (KHTML, like Gecko) Chrome/130.0.0.0 Safari/537.36",
    "requestBody": {},
    "requestQuery": {},
    "requestHeaders": {
      "host": "localhost:7000",
      "connection": "keep-alive",
      "cache-control": "max-age=0",
      "sec-ch-ua": "\"Chromium\";v=\"130\", \"Google Chrome\";v=\"130\", \"Not?A_Brand\";v=\"99\"",
      "sec-ch-ua-mobile": "?0",
      "sec-ch-ua-platform": "\"Linux\"",
      "upgrade-insecure-requests": "1",
      "user-agent": "Mozilla/5.0 (X11; Linux x86_64) AppleWebKit/537.36 (KHTML, like Gecko) Chrome/130.0.0.0 Safari/537.36",
      "accept": "text/html,application/xhtml+xml,application/xml;q=0.9,image/avif,image/webp,image/apng,*/*;q=0.8,application/signed-exchange;v=b3;q=0.7",
      "sec-fetch-site": "none",
      "sec-fetch-mode": "navigate",
      "sec-fetch-user": "?1",
      "sec-fetch-dest": "document",
      "accept-encoding": "gzip, deflate, br, zstd",
      "accept-language": "en-US,en;q=0.9,fa;q=0.8",
      "cookie": "openrouter-api-key=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; openrouter-model=meta-llama/llama-3.1-405b-instruct:free; _csrf=-6LD5lyGNZmnOODBcveUpkuN"
    }
  },
  "trackingId": "7ce8813b-e6ed-4797-b5b5-af8d992f3626",
  "errorName": "RateLimitError",
  "statusCode": 429,
  "path": "/",
  "method": "GET",
  "ip": "::1",
  "userAgent": "Mozilla/5.0 (X11; Linux x86_64) AppleWebKit/537.36 (KHTML, like Gecko) Chrome/130.0.0.0 Safari/537.36",
  "environment": "development",
  "requestBody": {},
  "requestQuery": {},
  "requestHeaders": {
    "host": "localhost:7000",
    "connection": "keep-alive",
    "cache-control": "max-age=0",
    "sec-ch-ua": "\"Chromium\";v=\"130\", \"Google Chrome\";v=\"130\", \"Not?A_Brand\";v=\"99\"",
    "sec-ch-ua-mobile": "?0",
    "sec-ch-ua-platform": "\"Linux\"",
    "upgrade-insecure-requests": "1",
    "user-agent": "Mozilla/5.0 (X11; Linux x86_64) AppleWebKit/537.36 (KHTML, like Gecko) Chrome/130.0.0.0 Safari/537.36",
    "accept": "text/html,application/xhtml+xml,application/xml;q=0.9,image/avif,image/webp,image/apng,*/*;q=0.8,application/signed-exchange;v=b3;q=0.7",
    "sec-fetch-site": "none",
    "sec-fetch-mode": "navigate",
    "sec-fetch-user": "?1",
    "sec-fetch-dest": "document",
    "accept-encoding": "gzip, deflate, br, zstd",
    "accept-language": "en-US,en;q=0.9,fa;q=0.8",
    "cookie": "openrouter-api-key=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; openrouter-model=meta-llama/llama-3.1-405b-instruct:free; _csrf=-6LD5lyGNZmnOODBcveUpkuN"
  }
}
2024-11-18T13:16:56.459Z error: تعداد درخواست‌های شما از حد مجاز بیشتر شده است.
Error Location: rateLimiter.middleware.js:51 (Object.handler)
Full Path: /home/mhossein/Desktop/Cooleh.project/app/http/middlewares/rateLimiter.middleware.js
Stack Trace:
RateLimitError: تعداد درخواست‌های شما از حد مجاز بیشتر شده است.
    at Object.handler (/home/mhossein/Desktop/Cooleh.project/app/http/middlewares/rateLimiter.middleware.js:51:15)
    at /home/mhossein/Desktop/Cooleh.project/node_modules/express-rate-limit/dist/index.cjs:749:16
    at processTicksAndRejections (node:internal/process/task_queues:95:5)
    at /home/mhossein/Desktop/Cooleh.project/node_modules/express-rate-limit/dist/index.cjs:650:5
Metadata:
{
  "metadata": {
    "service": "user-service",
    "environment": "development",
    "trackingId": "93f9458a-9d89-4f02-acf2-4c70dba61e90",
    "errorName": "RateLimitError",
    "statusCode": 429,
    "path": "/",
    "method": "GET",
    "ip": "::1",
    "userAgent": "Mozilla/5.0 (X11; Linux x86_64) AppleWebKit/537.36 (KHTML, like Gecko) Chrome/130.0.0.0 Safari/537.36",
    "requestBody": {},
    "requestQuery": {},
    "requestHeaders": {
      "host": "localhost:7000",
      "connection": "keep-alive",
      "cache-control": "max-age=0",
      "sec-ch-ua": "\"Chromium\";v=\"130\", \"Google Chrome\";v=\"130\", \"Not?A_Brand\";v=\"99\"",
      "sec-ch-ua-mobile": "?0",
      "sec-ch-ua-platform": "\"Linux\"",
      "upgrade-insecure-requests": "1",
      "user-agent": "Mozilla/5.0 (X11; Linux x86_64) AppleWebKit/537.36 (KHTML, like Gecko) Chrome/130.0.0.0 Safari/537.36",
      "accept": "text/html,application/xhtml+xml,application/xml;q=0.9,image/avif,image/webp,image/apng,*/*;q=0.8,application/signed-exchange;v=b3;q=0.7",
      "sec-fetch-site": "none",
      "sec-fetch-mode": "navigate",
      "sec-fetch-user": "?1",
      "sec-fetch-dest": "document",
      "accept-encoding": "gzip, deflate, br, zstd",
      "accept-language": "en-US,en;q=0.9,fa;q=0.8",
      "cookie": "openrouter-api-key=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; openrouter-model=meta-llama/llama-3.1-405b-instruct:free; _csrf=-6LD5lyGNZmnOODBcveUpkuN"
    }
  },
  "trackingId": "93f9458a-9d89-4f02-acf2-4c70dba61e90",
  "errorName": "RateLimitError",
  "statusCode": 429,
  "path": "/",
  "method": "GET",
  "ip": "::1",
  "userAgent": "Mozilla/5.0 (X11; Linux x86_64) AppleWebKit/537.36 (KHTML, like Gecko) Chrome/130.0.0.0 Safari/537.36",
  "environment": "development",
  "requestBody": {},
  "requestQuery": {},
  "requestHeaders": {
    "host": "localhost:7000",
    "connection": "keep-alive",
    "cache-control": "max-age=0",
    "sec-ch-ua": "\"Chromium\";v=\"130\", \"Google Chrome\";v=\"130\", \"Not?A_Brand\";v=\"99\"",
    "sec-ch-ua-mobile": "?0",
    "sec-ch-ua-platform": "\"Linux\"",
    "upgrade-insecure-requests": "1",
    "user-agent": "Mozilla/5.0 (X11; Linux x86_64) AppleWebKit/537.36 (KHTML, like Gecko) Chrome/130.0.0.0 Safari/537.36",
    "accept": "text/html,application/xhtml+xml,application/xml;q=0.9,image/avif,image/webp,image/apng,*/*;q=0.8,application/signed-exchange;v=b3;q=0.7",
    "sec-fetch-site": "none",
    "sec-fetch-mode": "navigate",
    "sec-fetch-user": "?1",
    "sec-fetch-dest": "document",
    "accept-encoding": "gzip, deflate, br, zstd",
    "accept-language": "en-US,en;q=0.9,fa;q=0.8",
    "cookie": "openrouter-api-key=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; openrouter-model=meta-llama/llama-3.1-405b-instruct:free; _csrf=-6LD5lyGNZmnOODBcveUpkuN"
  }
}
2024-11-18 16:47:54 info: Server is running at http://localhost:7000
Metadata:
{
  "metadata": {
    "service": "user-service",
    "environment": "development"
  }
}
2024-11-18 16:47:54 info: Connected to MongoDB
Metadata:
{
  "metadata": {
    "service": "user-service",
    "environment": "development"
  }
}
2024-11-18 16:47:54 info: PrismaORM connected to MariaDB
Metadata:
{
  "metadata": {
    "service": "user-service",
    "environment": "development"
  }
}
2024-11-18 16:48:03 info: ::1 - - [18/Nov/2024:13:18:03 +0000] "GET / HTTP/1.1" 200 NaNs "-" "Mozilla/5.0 (X11; Linux x86_64) AppleWebKit/537.36 (KHTML, like Gecko) Chrome/130.0.0.0 Safari/537.36"
Metadata:
{
  "metadata": {
    "service": "user-service",
    "environment": "development",
    "type": "access_log",
    "component": "morgan"
  },
  "type": "access_log",
  "component": "morgan"
}
2024-11-18 16:48:04 info: ::1 - - [18/Nov/2024:13:18:04 +0000] "GET / HTTP/1.1" 304 NaNs "-" "Mozilla/5.0 (X11; Linux x86_64) AppleWebKit/537.36 (KHTML, like Gecko) Chrome/130.0.0.0 Safari/537.36"
Metadata:
{
  "metadata": {
    "service": "user-service",
    "environment": "development",
    "type": "access_log",
    "component": "morgan"
  },
  "type": "access_log",
  "component": "morgan"
}
2024-11-18 16:48:04 info: ::1 - - [18/Nov/2024:13:18:04 +0000] "GET / HTTP/1.1" 304 NaNs "-" "Mozilla/5.0 (X11; Linux x86_64) AppleWebKit/537.36 (KHTML, like Gecko) Chrome/130.0.0.0 Safari/537.36"
Metadata:
{
  "metadata": {
    "service": "user-service",
    "environment": "development",
    "type": "access_log",
    "component": "morgan"
  },
  "type": "access_log",
  "component": "morgan"
}
2024-11-18 16:48:04 info: ::1 - - [18/Nov/2024:13:18:04 +0000] "GET / HTTP/1.1" 304 NaNs "-" "Mozilla/5.0 (X11; Linux x86_64) AppleWebKit/537.36 (KHTML, like Gecko) Chrome/130.0.0.0 Safari/537.36"
Metadata:
{
  "metadata": {
    "service": "user-service",
    "environment": "development",
    "type": "access_log",
    "component": "morgan"
  },
  "type": "access_log",
  "component": "morgan"
}
2024-11-18 16:48:05 info: ::1 - - [18/Nov/2024:13:18:05 +0000] "GET / HTTP/1.1" 304 NaNs "-" "Mozilla/5.0 (X11; Linux x86_64) AppleWebKit/537.36 (KHTML, like Gecko) Chrome/130.0.0.0 Safari/537.36"
Metadata:
{
  "metadata": {
    "service": "user-service",
    "environment": "development",
    "type": "access_log",
    "component": "morgan"
  },
  "type": "access_log",
  "component": "morgan"
}
2024-11-18 16:48:05 info: ::1 - - [18/Nov/2024:13:18:05 +0000] "GET / HTTP/1.1" 304 NaNs "-" "Mozilla/5.0 (X11; Linux x86_64) AppleWebKit/537.36 (KHTML, like Gecko) Chrome/130.0.0.0 Safari/537.36"
Metadata:
{
  "metadata": {
    "service": "user-service",
    "environment": "development",
    "type": "access_log",
    "component": "morgan"
  },
  "type": "access_log",
  "component": "morgan"
}
2024-11-18 16:48:05 info: ::1 - - [18/Nov/2024:13:18:05 +0000] "GET / HTTP/1.1" 304 NaNs "-" "Mozilla/5.0 (X11; Linux x86_64) AppleWebKit/537.36 (KHTML, like Gecko) Chrome/130.0.0.0 Safari/537.36"
Metadata:
{
  "metadata": {
    "service": "user-service",
    "environment": "development",
    "type": "access_log",
    "component": "morgan"
  },
  "type": "access_log",
  "component": "morgan"
}
2024-11-18 16:48:05 info: ::1 - - [18/Nov/2024:13:18:05 +0000] "GET / HTTP/1.1" 304 NaNs "-" "Mozilla/5.0 (X11; Linux x86_64) AppleWebKit/537.36 (KHTML, like Gecko) Chrome/130.0.0.0 Safari/537.36"
Metadata:
{
  "metadata": {
    "service": "user-service",
    "environment": "development",
    "type": "access_log",
    "component": "morgan"
  },
  "type": "access_log",
  "component": "morgan"
}
2024-11-18 16:48:05 info: ::1 - - [18/Nov/2024:13:18:05 +0000] "GET / HTTP/1.1" 304 NaNs "-" "Mozilla/5.0 (X11; Linux x86_64) AppleWebKit/537.36 (KHTML, like Gecko) Chrome/130.0.0.0 Safari/537.36"
Metadata:
{
  "metadata": {
    "service": "user-service",
    "environment": "development",
    "type": "access_log",
    "component": "morgan"
  },
  "type": "access_log",
  "component": "morgan"
}
2024-11-18 16:48:05 info: ::1 - - [18/Nov/2024:13:18:05 +0000] "GET / HTTP/1.1" 304 NaNs "-" "Mozilla/5.0 (X11; Linux x86_64) AppleWebKit/537.36 (KHTML, like Gecko) Chrome/130.0.0.0 Safari/537.36"
Metadata:
{
  "metadata": {
    "service": "user-service",
    "environment": "development",
    "type": "access_log",
    "component": "morgan"
  },
  "type": "access_log",
  "component": "morgan"
}
2024-11-18 16:48:05 info: ::1 - - [18/Nov/2024:13:18:05 +0000] "GET / HTTP/1.1" 304 NaNs "-" "Mozilla/5.0 (X11; Linux x86_64) AppleWebKit/537.36 (KHTML, like Gecko) Chrome/130.0.0.0 Safari/537.36"
Metadata:
{
  "metadata": {
    "service": "user-service",
    "environment": "development",
    "type": "access_log",
    "component": "morgan"
  },
  "type": "access_log",
  "component": "morgan"
}
2024-11-18 16:48:06 info: ::1 - - [18/Nov/2024:13:18:06 +0000] "GET / HTTP/1.1" 304 NaNs "-" "Mozilla/5.0 (X11; Linux x86_64) AppleWebKit/537.36 (KHTML, like Gecko) Chrome/130.0.0.0 Safari/537.36"
Metadata:
{
  "metadata": {
    "service": "user-service",
    "environment": "development",
    "type": "access_log",
    "component": "morgan"
  },
  "type": "access_log",
  "component": "morgan"
}
2024-11-18 16:48:06 info: ::1 - - [18/Nov/2024:13:18:06 +0000] "GET / HTTP/1.1" 304 NaNs "-" "Mozilla/5.0 (X11; Linux x86_64) AppleWebKit/537.36 (KHTML, like Gecko) Chrome/130.0.0.0 Safari/537.36"
Metadata:
{
  "metadata": {
    "service": "user-service",
    "environment": "development",
    "type": "access_log",
    "component": "morgan"
  },
  "type": "access_log",
  "component": "morgan"
}
2024-11-18 16:48:06 info: ::1 - - [18/Nov/2024:13:18:06 +0000] "GET / HTTP/1.1" 304 NaNs "-" "Mozilla/5.0 (X11; Linux x86_64) AppleWebKit/537.36 (KHTML, like Gecko) Chrome/130.0.0.0 Safari/537.36"
Metadata:
{
  "metadata": {
    "service": "user-service",
    "environment": "development",
    "type": "access_log",
    "component": "morgan"
  },
  "type": "access_log",
  "component": "morgan"
}
2024-11-18 16:48:06 info: ::1 - - [18/Nov/2024:13:18:06 +0000] "GET / HTTP/1.1" 304 NaNs "-" "Mozilla/5.0 (X11; Linux x86_64) AppleWebKit/537.36 (KHTML, like Gecko) Chrome/130.0.0.0 Safari/537.36"
Metadata:
{
  "metadata": {
    "service": "user-service",
    "environment": "development",
    "type": "access_log",
    "component": "morgan"
  },
  "type": "access_log",
  "component": "morgan"
}
2024-11-18 16:48:06 info: ::1 - - [18/Nov/2024:13:18:06 +0000] "GET / HTTP/1.1" 304 NaNs "-" "Mozilla/5.0 (X11; Linux x86_64) AppleWebKit/537.36 (KHTML, like Gecko) Chrome/130.0.0.0 Safari/537.36"
Metadata:
{
  "metadata": {
    "service": "user-service",
    "environment": "development",
    "type": "access_log",
    "component": "morgan"
  },
  "type": "access_log",
  "component": "morgan"
}
2024-11-18 16:48:06 info: ::1 - - [18/Nov/2024:13:18:06 +0000] "GET / HTTP/1.1" 304 NaNs "-" "Mozilla/5.0 (X11; Linux x86_64) AppleWebKit/537.36 (KHTML, like Gecko) Chrome/130.0.0.0 Safari/537.36"
Metadata:
{
  "metadata": {
    "service": "user-service",
    "environment": "development",
    "type": "access_log",
    "component": "morgan"
  },
  "type": "access_log",
  "component": "morgan"
}
2024-11-18 16:48:06 info: ::1 - - [18/Nov/2024:13:18:06 +0000] "GET / HTTP/1.1" 304 NaNs "-" "Mozilla/5.0 (X11; Linux x86_64) AppleWebKit/537.36 (KHTML, like Gecko) Chrome/130.0.0.0 Safari/537.36"
Metadata:
{
  "metadata": {
    "service": "user-service",
    "environment": "development",
    "type": "access_log",
    "component": "morgan"
  },
  "type": "access_log",
  "component": "morgan"
}
2024-11-18 16:48:07 info: ::1 - - [18/Nov/2024:13:18:07 +0000] "GET / HTTP/1.1" 304 NaNs "-" "Mozilla/5.0 (X11; Linux x86_64) AppleWebKit/537.36 (KHTML, like Gecko) Chrome/130.0.0.0 Safari/537.36"
Metadata:
{
  "metadata": {
    "service": "user-service",
    "environment": "development",
    "type": "access_log",
    "component": "morgan"
  },
  "type": "access_log",
  "component": "morgan"
}
2024-11-18 16:48:07 info: ::1 - - [18/Nov/2024:13:18:07 +0000] "GET / HTTP/1.1" 304 NaNs "-" "Mozilla/5.0 (X11; Linux x86_64) AppleWebKit/537.36 (KHTML, like Gecko) Chrome/130.0.0.0 Safari/537.36"
Metadata:
{
  "metadata": {
    "service": "user-service",
    "environment": "development",
    "type": "access_log",
    "component": "morgan"
  },
  "type": "access_log",
  "component": "morgan"
}
2024-11-18 16:48:07 info: ::1 - - [18/Nov/2024:13:18:07 +0000] "GET / HTTP/1.1" 304 NaNs "-" "Mozilla/5.0 (X11; Linux x86_64) AppleWebKit/537.36 (KHTML, like Gecko) Chrome/130.0.0.0 Safari/537.36"
Metadata:
{
  "metadata": {
    "service": "user-service",
    "environment": "development",
    "type": "access_log",
    "component": "morgan"
  },
  "type": "access_log",
  "component": "morgan"
}
2024-11-18 16:48:07 info: ::1 - - [18/Nov/2024:13:18:07 +0000] "GET / HTTP/1.1" 304 NaNs "-" "Mozilla/5.0 (X11; Linux x86_64) AppleWebKit/537.36 (KHTML, like Gecko) Chrome/130.0.0.0 Safari/537.36"
Metadata:
{
  "metadata": {
    "service": "user-service",
    "environment": "development",
    "type": "access_log",
    "component": "morgan"
  },
  "type": "access_log",
  "component": "morgan"
}
2024-11-18 16:48:07 info: ::1 - - [18/Nov/2024:13:18:07 +0000] "GET / HTTP/1.1" 304 NaNs "-" "Mozilla/5.0 (X11; Linux x86_64) AppleWebKit/537.36 (KHTML, like Gecko) Chrome/130.0.0.0 Safari/537.36"
Metadata:
{
  "metadata": {
    "service": "user-service",
    "environment": "development",
    "type": "access_log",
    "component": "morgan"
  },
  "type": "access_log",
  "component": "morgan"
}
2024-11-18 16:48:07 info: ::1 - - [18/Nov/2024:13:18:07 +0000] "GET / HTTP/1.1" 304 NaNs "-" "Mozilla/5.0 (X11; Linux x86_64) AppleWebKit/537.36 (KHTML, like Gecko) Chrome/130.0.0.0 Safari/537.36"
Metadata:
{
  "metadata": {
    "service": "user-service",
    "environment": "development",
    "type": "access_log",
    "component": "morgan"
  },
  "type": "access_log",
  "component": "morgan"
}
2024-11-18 16:48:08 info: ::1 - - [18/Nov/2024:13:18:08 +0000] "GET / HTTP/1.1" 304 NaNs "-" "Mozilla/5.0 (X11; Linux x86_64) AppleWebKit/537.36 (KHTML, like Gecko) Chrome/130.0.0.0 Safari/537.36"
Metadata:
{
  "metadata": {
    "service": "user-service",
    "environment": "development",
    "type": "access_log",
    "component": "morgan"
  },
  "type": "access_log",
  "component": "morgan"
}
2024-11-18 16:48:08 info: ::1 - - [18/Nov/2024:13:18:08 +0000] "GET / HTTP/1.1" 304 NaNs "-" "Mozilla/5.0 (X11; Linux x86_64) AppleWebKit/537.36 (KHTML, like Gecko) Chrome/130.0.0.0 Safari/537.36"
Metadata:
{
  "metadata": {
    "service": "user-service",
    "environment": "development",
    "type": "access_log",
    "component": "morgan"
  },
  "type": "access_log",
  "component": "morgan"
}
2024-11-18 16:48:08 info: ::1 - - [18/Nov/2024:13:18:08 +0000] "GET / HTTP/1.1" 304 NaNs "-" "Mozilla/5.0 (X11; Linux x86_64) AppleWebKit/537.36 (KHTML, like Gecko) Chrome/130.0.0.0 Safari/537.36"
Metadata:
{
  "metadata": {
    "service": "user-service",
    "environment": "development",
    "type": "access_log",
    "component": "morgan"
  },
  "type": "access_log",
  "component": "morgan"
}
2024-11-18 16:48:08 info: ::1 - - [18/Nov/2024:13:18:08 +0000] "GET / HTTP/1.1" 304 NaNs "-" "Mozilla/5.0 (X11; Linux x86_64) AppleWebKit/537.36 (KHTML, like Gecko) Chrome/130.0.0.0 Safari/537.36"
Metadata:
{
  "metadata": {
    "service": "user-service",
    "environment": "development",
    "type": "access_log",
    "component": "morgan"
  },
  "type": "access_log",
  "component": "morgan"
}
2024-11-18 16:48:08 info: ::1 - - [18/Nov/2024:13:18:08 +0000] "GET / HTTP/1.1" 304 NaNs "-" "Mozilla/5.0 (X11; Linux x86_64) AppleWebKit/537.36 (KHTML, like Gecko) Chrome/130.0.0.0 Safari/537.36"
Metadata:
{
  "metadata": {
    "service": "user-service",
    "environment": "development",
    "type": "access_log",
    "component": "morgan"
  },
  "type": "access_log",
  "component": "morgan"
}
2024-11-18 16:48:08 info: ::1 - - [18/Nov/2024:13:18:08 +0000] "GET / HTTP/1.1" 304 NaNs "-" "Mozilla/5.0 (X11; Linux x86_64) AppleWebKit/537.36 (KHTML, like Gecko) Chrome/130.0.0.0 Safari/537.36"
Metadata:
{
  "metadata": {
    "service": "user-service",
    "environment": "development",
    "type": "access_log",
    "component": "morgan"
  },
  "type": "access_log",
  "component": "morgan"
}
2024-11-18T13:18:08.965Z error: تعداد درخواست‌های شما از حد مجاز بیشتر شده است.
Error Location: rateLimiter.middleware.js:54 (Object.handler)
Full Path: /home/mhossein/Desktop/Cooleh.project/app/http/middlewares/rateLimiter.middleware.js
Stack Trace:
RateLimitError: تعداد درخواست‌های شما از حد مجاز بیشتر شده است.
    at Object.handler (/home/mhossein/Desktop/Cooleh.project/app/http/middlewares/rateLimiter.middleware.js:54:15)
    at /home/mhossein/Desktop/Cooleh.project/node_modules/express-rate-limit/dist/index.cjs:749:16
    at processTicksAndRejections (node:internal/process/task_queues:95:5)
    at /home/mhossein/Desktop/Cooleh.project/node_modules/express-rate-limit/dist/index.cjs:650:5
Metadata:
{
  "metadata": {
    "service": "user-service",
    "environment": "development",
    "trackingId": "0b0d9e5b-752b-4742-b69c-a8bc53df93a9",
    "errorName": "RateLimitError",
    "statusCode": 429,
    "path": "/",
    "method": "GET",
    "ip": "::1",
    "userAgent": "Mozilla/5.0 (X11; Linux x86_64) AppleWebKit/537.36 (KHTML, like Gecko) Chrome/130.0.0.0 Safari/537.36",
    "requestBody": {},
    "requestQuery": {},
    "requestHeaders": {
      "host": "localhost:7000",
      "connection": "keep-alive",
      "cache-control": "max-age=0",
      "sec-ch-ua": "\"Chromium\";v=\"130\", \"Google Chrome\";v=\"130\", \"Not?A_Brand\";v=\"99\"",
      "sec-ch-ua-mobile": "?0",
      "sec-ch-ua-platform": "\"Linux\"",
      "upgrade-insecure-requests": "1",
      "user-agent": "Mozilla/5.0 (X11; Linux x86_64) AppleWebKit/537.36 (KHTML, like Gecko) Chrome/130.0.0.0 Safari/537.36",
      "accept": "text/html,application/xhtml+xml,application/xml;q=0.9,image/avif,image/webp,image/apng,*/*;q=0.8,application/signed-exchange;v=b3;q=0.7",
      "sec-fetch-site": "none",
      "sec-fetch-mode": "navigate",
      "sec-fetch-user": "?1",
      "sec-fetch-dest": "document",
      "accept-encoding": "gzip, deflate, br, zstd",
      "accept-language": "en-US,en;q=0.9,fa;q=0.8",
      "cookie": "openrouter-api-key=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; openrouter-model=meta-llama/llama-3.1-405b-instruct:free; _csrf=-6LD5lyGNZmnOODBcveUpkuN",
      "if-none-match": "W/\"24f-GF4jL3Cb127EP+SzJFiCo0Q9AAI\""
    }
  },
  "trackingId": "0b0d9e5b-752b-4742-b69c-a8bc53df93a9",
  "errorName": "RateLimitError",
  "statusCode": 429,
  "path": "/",
  "method": "GET",
  "ip": "::1",
  "userAgent": "Mozilla/5.0 (X11; Linux x86_64) AppleWebKit/537.36 (KHTML, like Gecko) Chrome/130.0.0.0 Safari/537.36",
  "environment": "development",
  "requestBody": {},
  "requestQuery": {},
  "requestHeaders": {
    "host": "localhost:7000",
    "connection": "keep-alive",
    "cache-control": "max-age=0",
    "sec-ch-ua": "\"Chromium\";v=\"130\", \"Google Chrome\";v=\"130\", \"Not?A_Brand\";v=\"99\"",
    "sec-ch-ua-mobile": "?0",
    "sec-ch-ua-platform": "\"Linux\"",
    "upgrade-insecure-requests": "1",
    "user-agent": "Mozilla/5.0 (X11; Linux x86_64) AppleWebKit/537.36 (KHTML, like Gecko) Chrome/130.0.0.0 Safari/537.36",
    "accept": "text/html,application/xhtml+xml,application/xml;q=0.9,image/avif,image/webp,image/apng,*/*;q=0.8,application/signed-exchange;v=b3;q=0.7",
    "sec-fetch-site": "none",
    "sec-fetch-mode": "navigate",
    "sec-fetch-user": "?1",
    "sec-fetch-dest": "document",
    "accept-encoding": "gzip, deflate, br, zstd",
    "accept-language": "en-US,en;q=0.9,fa;q=0.8",
    "cookie": "openrouter-api-key=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; openrouter-model=meta-llama/llama-3.1-405b-instruct:free; _csrf=-6LD5lyGNZmnOODBcveUpkuN",
    "if-none-match": "W/\"24f-GF4jL3Cb127EP+SzJFiCo0Q9AAI\""
  }
}
2024-11-18T13:18:09.125Z error: تعداد درخواست‌های شما از حد مجاز بیشتر شده است.
Error Location: rateLimiter.middleware.js:54 (Object.handler)
Full Path: /home/mhossein/Desktop/Cooleh.project/app/http/middlewares/rateLimiter.middleware.js
Stack Trace:
RateLimitError: تعداد درخواست‌های شما از حد مجاز بیشتر شده است.
    at Object.handler (/home/mhossein/Desktop/Cooleh.project/app/http/middlewares/rateLimiter.middleware.js:54:15)
    at /home/mhossein/Desktop/Cooleh.project/node_modules/express-rate-limit/dist/index.cjs:749:16
    at processTicksAndRejections (node:internal/process/task_queues:95:5)
    at /home/mhossein/Desktop/Cooleh.project/node_modules/express-rate-limit/dist/index.cjs:650:5
Metadata:
{
  "metadata": {
    "service": "user-service",
    "environment": "development",
    "trackingId": "e53cc70c-efae-4fec-86cb-86cf84d026b8",
    "errorName": "RateLimitError",
    "statusCode": 429,
    "path": "/",
    "method": "GET",
    "ip": "::1",
    "userAgent": "Mozilla/5.0 (X11; Linux x86_64) AppleWebKit/537.36 (KHTML, like Gecko) Chrome/130.0.0.0 Safari/537.36",
    "requestBody": {},
    "requestQuery": {},
    "requestHeaders": {
      "host": "localhost:7000",
      "connection": "keep-alive",
      "cache-control": "max-age=0",
      "sec-ch-ua": "\"Chromium\";v=\"130\", \"Google Chrome\";v=\"130\", \"Not?A_Brand\";v=\"99\"",
      "sec-ch-ua-mobile": "?0",
      "sec-ch-ua-platform": "\"Linux\"",
      "upgrade-insecure-requests": "1",
      "user-agent": "Mozilla/5.0 (X11; Linux x86_64) AppleWebKit/537.36 (KHTML, like Gecko) Chrome/130.0.0.0 Safari/537.36",
      "accept": "text/html,application/xhtml+xml,application/xml;q=0.9,image/avif,image/webp,image/apng,*/*;q=0.8,application/signed-exchange;v=b3;q=0.7",
      "sec-fetch-site": "none",
      "sec-fetch-mode": "navigate",
      "sec-fetch-user": "?1",
      "sec-fetch-dest": "document",
      "accept-encoding": "gzip, deflate, br, zstd",
      "accept-language": "en-US,en;q=0.9,fa;q=0.8",
      "cookie": "openrouter-api-key=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; openrouter-model=meta-llama/llama-3.1-405b-instruct:free; _csrf=-6LD5lyGNZmnOODBcveUpkuN"
    }
  },
  "trackingId": "e53cc70c-efae-4fec-86cb-86cf84d026b8",
  "errorName": "RateLimitError",
  "statusCode": 429,
  "path": "/",
  "method": "GET",
  "ip": "::1",
  "userAgent": "Mozilla/5.0 (X11; Linux x86_64) AppleWebKit/537.36 (KHTML, like Gecko) Chrome/130.0.0.0 Safari/537.36",
  "environment": "development",
  "requestBody": {},
  "requestQuery": {},
  "requestHeaders": {
    "host": "localhost:7000",
    "connection": "keep-alive",
    "cache-control": "max-age=0",
    "sec-ch-ua": "\"Chromium\";v=\"130\", \"Google Chrome\";v=\"130\", \"Not?A_Brand\";v=\"99\"",
    "sec-ch-ua-mobile": "?0",
    "sec-ch-ua-platform": "\"Linux\"",
    "upgrade-insecure-requests": "1",
    "user-agent": "Mozilla/5.0 (X11; Linux x86_64) AppleWebKit/537.36 (KHTML, like Gecko) Chrome/130.0.0.0 Safari/537.36",
    "accept": "text/html,application/xhtml+xml,application/xml;q=0.9,image/avif,image/webp,image/apng,*/*;q=0.8,application/signed-exchange;v=b3;q=0.7",
    "sec-fetch-site": "none",
    "sec-fetch-mode": "navigate",
    "sec-fetch-user": "?1",
    "sec-fetch-dest": "document",
    "accept-encoding": "gzip, deflate, br, zstd",
    "accept-language": "en-US,en;q=0.9,fa;q=0.8",
    "cookie": "openrouter-api-key=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; openrouter-model=meta-llama/llama-3.1-405b-instruct:free; _csrf=-6LD5lyGNZmnOODBcveUpkuN"
  }
}
2024-11-18T13:18:09.252Z error: تعداد درخواست‌های شما از حد مجاز بیشتر شده است.
Error Location: rateLimiter.middleware.js:54 (Object.handler)
Full Path: /home/mhossein/Desktop/Cooleh.project/app/http/middlewares/rateLimiter.middleware.js
Stack Trace:
RateLimitError: تعداد درخواست‌های شما از حد مجاز بیشتر شده است.
    at Object.handler (/home/mhossein/Desktop/Cooleh.project/app/http/middlewares/rateLimiter.middleware.js:54:15)
    at /home/mhossein/Desktop/Cooleh.project/node_modules/express-rate-limit/dist/index.cjs:749:16
    at processTicksAndRejections (node:internal/process/task_queues:95:5)
    at /home/mhossein/Desktop/Cooleh.project/node_modules/express-rate-limit/dist/index.cjs:650:5
Metadata:
{
  "metadata": {
    "service": "user-service",
    "environment": "development",
    "trackingId": "7fb724d0-daac-48b3-b562-b4efa2767e96",
    "errorName": "RateLimitError",
    "statusCode": 429,
    "path": "/",
    "method": "GET",
    "ip": "::1",
    "userAgent": "Mozilla/5.0 (X11; Linux x86_64) AppleWebKit/537.36 (KHTML, like Gecko) Chrome/130.0.0.0 Safari/537.36",
    "requestBody": {},
    "requestQuery": {},
    "requestHeaders": {
      "host": "localhost:7000",
      "connection": "keep-alive",
      "cache-control": "max-age=0",
      "sec-ch-ua": "\"Chromium\";v=\"130\", \"Google Chrome\";v=\"130\", \"Not?A_Brand\";v=\"99\"",
      "sec-ch-ua-mobile": "?0",
      "sec-ch-ua-platform": "\"Linux\"",
      "upgrade-insecure-requests": "1",
      "user-agent": "Mozilla/5.0 (X11; Linux x86_64) AppleWebKit/537.36 (KHTML, like Gecko) Chrome/130.0.0.0 Safari/537.36",
      "accept": "text/html,application/xhtml+xml,application/xml;q=0.9,image/avif,image/webp,image/apng,*/*;q=0.8,application/signed-exchange;v=b3;q=0.7",
      "sec-fetch-site": "none",
      "sec-fetch-mode": "navigate",
      "sec-fetch-user": "?1",
      "sec-fetch-dest": "document",
      "accept-encoding": "gzip, deflate, br, zstd",
      "accept-language": "en-US,en;q=0.9,fa;q=0.8",
      "cookie": "openrouter-api-key=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; openrouter-model=meta-llama/llama-3.1-405b-instruct:free; _csrf=-6LD5lyGNZmnOODBcveUpkuN"
    }
  },
  "trackingId": "7fb724d0-daac-48b3-b562-b4efa2767e96",
  "errorName": "RateLimitError",
  "statusCode": 429,
  "path": "/",
  "method": "GET",
  "ip": "::1",
  "userAgent": "Mozilla/5.0 (X11; Linux x86_64) AppleWebKit/537.36 (KHTML, like Gecko) Chrome/130.0.0.0 Safari/537.36",
  "environment": "development",
  "requestBody": {},
  "requestQuery": {},
  "requestHeaders": {
    "host": "localhost:7000",
    "connection": "keep-alive",
    "cache-control": "max-age=0",
    "sec-ch-ua": "\"Chromium\";v=\"130\", \"Google Chrome\";v=\"130\", \"Not?A_Brand\";v=\"99\"",
    "sec-ch-ua-mobile": "?0",
    "sec-ch-ua-platform": "\"Linux\"",
    "upgrade-insecure-requests": "1",
    "user-agent": "Mozilla/5.0 (X11; Linux x86_64) AppleWebKit/537.36 (KHTML, like Gecko) Chrome/130.0.0.0 Safari/537.36",
    "accept": "text/html,application/xhtml+xml,application/xml;q=0.9,image/avif,image/webp,image/apng,*/*;q=0.8,application/signed-exchange;v=b3;q=0.7",
    "sec-fetch-site": "none",
    "sec-fetch-mode": "navigate",
    "sec-fetch-user": "?1",
    "sec-fetch-dest": "document",
    "accept-encoding": "gzip, deflate, br, zstd",
    "accept-language": "en-US,en;q=0.9,fa;q=0.8",
    "cookie": "openrouter-api-key=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; openrouter-model=meta-llama/llama-3.1-405b-instruct:free; _csrf=-6LD5lyGNZmnOODBcveUpkuN"
  }
}
2024-11-18T13:18:09.991Z error: تعداد درخواست‌های شما از حد مجاز بیشتر شده است.
Error Location: rateLimiter.middleware.js:54 (Object.handler)
Full Path: /home/mhossein/Desktop/Cooleh.project/app/http/middlewares/rateLimiter.middleware.js
Stack Trace:
RateLimitError: تعداد درخواست‌های شما از حد مجاز بیشتر شده است.
    at Object.handler (/home/mhossein/Desktop/Cooleh.project/app/http/middlewares/rateLimiter.middleware.js:54:15)
    at /home/mhossein/Desktop/Cooleh.project/node_modules/express-rate-limit/dist/index.cjs:749:16
    at processTicksAndRejections (node:internal/process/task_queues:95:5)
    at /home/mhossein/Desktop/Cooleh.project/node_modules/express-rate-limit/dist/index.cjs:650:5
Metadata:
{
  "metadata": {
    "service": "user-service",
    "environment": "development",
    "trackingId": "3c4b91ac-19cc-47cf-9d90-ab32c1316a5f",
    "errorName": "RateLimitError",
    "statusCode": 429,
    "path": "/",
    "method": "GET",
    "ip": "::1",
    "userAgent": "Mozilla/5.0 (X11; Linux x86_64) AppleWebKit/537.36 (KHTML, like Gecko) Chrome/130.0.0.0 Safari/537.36",
    "requestBody": {},
    "requestQuery": {},
    "requestHeaders": {
      "host": "localhost:7000",
      "connection": "keep-alive",
      "cache-control": "max-age=0",
      "sec-ch-ua": "\"Chromium\";v=\"130\", \"Google Chrome\";v=\"130\", \"Not?A_Brand\";v=\"99\"",
      "sec-ch-ua-mobile": "?0",
      "sec-ch-ua-platform": "\"Linux\"",
      "upgrade-insecure-requests": "1",
      "user-agent": "Mozilla/5.0 (X11; Linux x86_64) AppleWebKit/537.36 (KHTML, like Gecko) Chrome/130.0.0.0 Safari/537.36",
      "accept": "text/html,application/xhtml+xml,application/xml;q=0.9,image/avif,image/webp,image/apng,*/*;q=0.8,application/signed-exchange;v=b3;q=0.7",
      "sec-fetch-site": "none",
      "sec-fetch-mode": "navigate",
      "sec-fetch-user": "?1",
      "sec-fetch-dest": "document",
      "accept-encoding": "gzip, deflate, br, zstd",
      "accept-language": "en-US,en;q=0.9,fa;q=0.8",
      "cookie": "openrouter-api-key=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; openrouter-model=meta-llama/llama-3.1-405b-instruct:free; _csrf=-6LD5lyGNZmnOODBcveUpkuN"
    }
  },
  "trackingId": "3c4b91ac-19cc-47cf-9d90-ab32c1316a5f",
  "errorName": "RateLimitError",
  "statusCode": 429,
  "path": "/",
  "method": "GET",
  "ip": "::1",
  "userAgent": "Mozilla/5.0 (X11; Linux x86_64) AppleWebKit/537.36 (KHTML, like Gecko) Chrome/130.0.0.0 Safari/537.36",
  "environment": "development",
  "requestBody": {},
  "requestQuery": {},
  "requestHeaders": {
    "host": "localhost:7000",
    "connection": "keep-alive",
    "cache-control": "max-age=0",
    "sec-ch-ua": "\"Chromium\";v=\"130\", \"Google Chrome\";v=\"130\", \"Not?A_Brand\";v=\"99\"",
    "sec-ch-ua-mobile": "?0",
    "sec-ch-ua-platform": "\"Linux\"",
    "upgrade-insecure-requests": "1",
    "user-agent": "Mozilla/5.0 (X11; Linux x86_64) AppleWebKit/537.36 (KHTML, like Gecko) Chrome/130.0.0.0 Safari/537.36",
    "accept": "text/html,application/xhtml+xml,application/xml;q=0.9,image/avif,image/webp,image/apng,*/*;q=0.8,application/signed-exchange;v=b3;q=0.7",
    "sec-fetch-site": "none",
    "sec-fetch-mode": "navigate",
    "sec-fetch-user": "?1",
    "sec-fetch-dest": "document",
    "accept-encoding": "gzip, deflate, br, zstd",
    "accept-language": "en-US,en;q=0.9,fa;q=0.8",
    "cookie": "openrouter-api-key=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; openrouter-model=meta-llama/llama-3.1-405b-instruct:free; _csrf=-6LD5lyGNZmnOODBcveUpkuN"
  }
}
2024-11-18T13:18:10.139Z error: تعداد درخواست‌های شما از حد مجاز بیشتر شده است.
Error Location: rateLimiter.middleware.js:54 (Object.handler)
Full Path: /home/mhossein/Desktop/Cooleh.project/app/http/middlewares/rateLimiter.middleware.js
Stack Trace:
RateLimitError: تعداد درخواست‌های شما از حد مجاز بیشتر شده است.
    at Object.handler (/home/mhossein/Desktop/Cooleh.project/app/http/middlewares/rateLimiter.middleware.js:54:15)
    at /home/mhossein/Desktop/Cooleh.project/node_modules/express-rate-limit/dist/index.cjs:749:16
    at processTicksAndRejections (node:internal/process/task_queues:95:5)
    at /home/mhossein/Desktop/Cooleh.project/node_modules/express-rate-limit/dist/index.cjs:650:5
Metadata:
{
  "metadata": {
    "service": "user-service",
    "environment": "development",
    "trackingId": "14389510-1b6b-43eb-8add-3990e3cd4fc3",
    "errorName": "RateLimitError",
    "statusCode": 429,
    "path": "/",
    "method": "GET",
    "ip": "::1",
    "userAgent": "Mozilla/5.0 (X11; Linux x86_64) AppleWebKit/537.36 (KHTML, like Gecko) Chrome/130.0.0.0 Safari/537.36",
    "requestBody": {},
    "requestQuery": {},
    "requestHeaders": {
      "host": "localhost:7000",
      "connection": "keep-alive",
      "cache-control": "max-age=0",
      "sec-ch-ua": "\"Chromium\";v=\"130\", \"Google Chrome\";v=\"130\", \"Not?A_Brand\";v=\"99\"",
      "sec-ch-ua-mobile": "?0",
      "sec-ch-ua-platform": "\"Linux\"",
      "upgrade-insecure-requests": "1",
      "user-agent": "Mozilla/5.0 (X11; Linux x86_64) AppleWebKit/537.36 (KHTML, like Gecko) Chrome/130.0.0.0 Safari/537.36",
      "accept": "text/html,application/xhtml+xml,application/xml;q=0.9,image/avif,image/webp,image/apng,*/*;q=0.8,application/signed-exchange;v=b3;q=0.7",
      "sec-fetch-site": "none",
      "sec-fetch-mode": "navigate",
      "sec-fetch-user": "?1",
      "sec-fetch-dest": "document",
      "accept-encoding": "gzip, deflate, br, zstd",
      "accept-language": "en-US,en;q=0.9,fa;q=0.8",
      "cookie": "openrouter-api-key=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; openrouter-model=meta-llama/llama-3.1-405b-instruct:free; _csrf=-6LD5lyGNZmnOODBcveUpkuN"
    }
  },
  "trackingId": "14389510-1b6b-43eb-8add-3990e3cd4fc3",
  "errorName": "RateLimitError",
  "statusCode": 429,
  "path": "/",
  "method": "GET",
  "ip": "::1",
  "userAgent": "Mozilla/5.0 (X11; Linux x86_64) AppleWebKit/537.36 (KHTML, like Gecko) Chrome/130.0.0.0 Safari/537.36",
  "environment": "development",
  "requestBody": {},
  "requestQuery": {},
  "requestHeaders": {
    "host": "localhost:7000",
    "connection": "keep-alive",
    "cache-control": "max-age=0",
    "sec-ch-ua": "\"Chromium\";v=\"130\", \"Google Chrome\";v=\"130\", \"Not?A_Brand\";v=\"99\"",
    "sec-ch-ua-mobile": "?0",
    "sec-ch-ua-platform": "\"Linux\"",
    "upgrade-insecure-requests": "1",
    "user-agent": "Mozilla/5.0 (X11; Linux x86_64) AppleWebKit/537.36 (KHTML, like Gecko) Chrome/130.0.0.0 Safari/537.36",
    "accept": "text/html,application/xhtml+xml,application/xml;q=0.9,image/avif,image/webp,image/apng,*/*;q=0.8,application/signed-exchange;v=b3;q=0.7",
    "sec-fetch-site": "none",
    "sec-fetch-mode": "navigate",
    "sec-fetch-user": "?1",
    "sec-fetch-dest": "document",
    "accept-encoding": "gzip, deflate, br, zstd",
    "accept-language": "en-US,en;q=0.9,fa;q=0.8",
    "cookie": "openrouter-api-key=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; openrouter-model=meta-llama/llama-3.1-405b-instruct:free; _csrf=-6LD5lyGNZmnOODBcveUpkuN"
  }
}
2024-11-18T13:18:10.301Z error: تعداد درخواست‌های شما از حد مجاز بیشتر شده است.
Error Location: rateLimiter.middleware.js:54 (Object.handler)
Full Path: /home/mhossein/Desktop/Cooleh.project/app/http/middlewares/rateLimiter.middleware.js
Stack Trace:
RateLimitError: تعداد درخواست‌های شما از حد مجاز بیشتر شده است.
    at Object.handler (/home/mhossein/Desktop/Cooleh.project/app/http/middlewares/rateLimiter.middleware.js:54:15)
    at /home/mhossein/Desktop/Cooleh.project/node_modules/express-rate-limit/dist/index.cjs:749:16
    at processTicksAndRejections (node:internal/process/task_queues:95:5)
    at /home/mhossein/Desktop/Cooleh.project/node_modules/express-rate-limit/dist/index.cjs:650:5
Metadata:
{
  "metadata": {
    "service": "user-service",
    "environment": "development",
    "trackingId": "406fa9e3-53e0-4d36-929c-3b0e1e5fa774",
    "errorName": "RateLimitError",
    "statusCode": 429,
    "path": "/",
    "method": "GET",
    "ip": "::1",
    "userAgent": "Mozilla/5.0 (X11; Linux x86_64) AppleWebKit/537.36 (KHTML, like Gecko) Chrome/130.0.0.0 Safari/537.36",
    "requestBody": {},
    "requestQuery": {},
    "requestHeaders": {
      "host": "localhost:7000",
      "connection": "keep-alive",
      "cache-control": "max-age=0",
      "sec-ch-ua": "\"Chromium\";v=\"130\", \"Google Chrome\";v=\"130\", \"Not?A_Brand\";v=\"99\"",
      "sec-ch-ua-mobile": "?0",
      "sec-ch-ua-platform": "\"Linux\"",
      "upgrade-insecure-requests": "1",
      "user-agent": "Mozilla/5.0 (X11; Linux x86_64) AppleWebKit/537.36 (KHTML, like Gecko) Chrome/130.0.0.0 Safari/537.36",
      "accept": "text/html,application/xhtml+xml,application/xml;q=0.9,image/avif,image/webp,image/apng,*/*;q=0.8,application/signed-exchange;v=b3;q=0.7",
      "sec-fetch-site": "none",
      "sec-fetch-mode": "navigate",
      "sec-fetch-user": "?1",
      "sec-fetch-dest": "document",
      "accept-encoding": "gzip, deflate, br, zstd",
      "accept-language": "en-US,en;q=0.9,fa;q=0.8",
      "cookie": "openrouter-api-key=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; openrouter-model=meta-llama/llama-3.1-405b-instruct:free; _csrf=-6LD5lyGNZmnOODBcveUpkuN"
    }
  },
  "trackingId": "406fa9e3-53e0-4d36-929c-3b0e1e5fa774",
  "errorName": "RateLimitError",
  "statusCode": 429,
  "path": "/",
  "method": "GET",
  "ip": "::1",
  "userAgent": "Mozilla/5.0 (X11; Linux x86_64) AppleWebKit/537.36 (KHTML, like Gecko) Chrome/130.0.0.0 Safari/537.36",
  "environment": "development",
  "requestBody": {},
  "requestQuery": {},
  "requestHeaders": {
    "host": "localhost:7000",
    "connection": "keep-alive",
    "cache-control": "max-age=0",
    "sec-ch-ua": "\"Chromium\";v=\"130\", \"Google Chrome\";v=\"130\", \"Not?A_Brand\";v=\"99\"",
    "sec-ch-ua-mobile": "?0",
    "sec-ch-ua-platform": "\"Linux\"",
    "upgrade-insecure-requests": "1",
    "user-agent": "Mozilla/5.0 (X11; Linux x86_64) AppleWebKit/537.36 (KHTML, like Gecko) Chrome/130.0.0.0 Safari/537.36",
    "accept": "text/html,application/xhtml+xml,application/xml;q=0.9,image/avif,image/webp,image/apng,*/*;q=0.8,application/signed-exchange;v=b3;q=0.7",
    "sec-fetch-site": "none",
    "sec-fetch-mode": "navigate",
    "sec-fetch-user": "?1",
    "sec-fetch-dest": "document",
    "accept-encoding": "gzip, deflate, br, zstd",
    "accept-language": "en-US,en;q=0.9,fa;q=0.8",
    "cookie": "openrouter-api-key=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; openrouter-model=meta-llama/llama-3.1-405b-instruct:free; _csrf=-6LD5lyGNZmnOODBcveUpkuN"
  }
}
2024-11-18T13:18:10.460Z error: تعداد درخواست‌های شما از حد مجاز بیشتر شده است.
Error Location: rateLimiter.middleware.js:54 (Object.handler)
Full Path: /home/mhossein/Desktop/Cooleh.project/app/http/middlewares/rateLimiter.middleware.js
Stack Trace:
RateLimitError: تعداد درخواست‌های شما از حد مجاز بیشتر شده است.
    at Object.handler (/home/mhossein/Desktop/Cooleh.project/app/http/middlewares/rateLimiter.middleware.js:54:15)
    at /home/mhossein/Desktop/Cooleh.project/node_modules/express-rate-limit/dist/index.cjs:749:16
    at processTicksAndRejections (node:internal/process/task_queues:95:5)
    at /home/mhossein/Desktop/Cooleh.project/node_modules/express-rate-limit/dist/index.cjs:650:5
Metadata:
{
  "metadata": {
    "service": "user-service",
    "environment": "development",
    "trackingId": "bc84e72a-c8b0-4b67-935c-369b7dfa2a94",
    "errorName": "RateLimitError",
    "statusCode": 429,
    "path": "/",
    "method": "GET",
    "ip": "::1",
    "userAgent": "Mozilla/5.0 (X11; Linux x86_64) AppleWebKit/537.36 (KHTML, like Gecko) Chrome/130.0.0.0 Safari/537.36",
    "requestBody": {},
    "requestQuery": {},
    "requestHeaders": {
      "host": "localhost:7000",
      "connection": "keep-alive",
      "cache-control": "max-age=0",
      "sec-ch-ua": "\"Chromium\";v=\"130\", \"Google Chrome\";v=\"130\", \"Not?A_Brand\";v=\"99\"",
      "sec-ch-ua-mobile": "?0",
      "sec-ch-ua-platform": "\"Linux\"",
      "upgrade-insecure-requests": "1",
      "user-agent": "Mozilla/5.0 (X11; Linux x86_64) AppleWebKit/537.36 (KHTML, like Gecko) Chrome/130.0.0.0 Safari/537.36",
      "accept": "text/html,application/xhtml+xml,application/xml;q=0.9,image/avif,image/webp,image/apng,*/*;q=0.8,application/signed-exchange;v=b3;q=0.7",
      "sec-fetch-site": "none",
      "sec-fetch-mode": "navigate",
      "sec-fetch-user": "?1",
      "sec-fetch-dest": "document",
      "accept-encoding": "gzip, deflate, br, zstd",
      "accept-language": "en-US,en;q=0.9,fa;q=0.8",
      "cookie": "openrouter-api-key=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; openrouter-model=meta-llama/llama-3.1-405b-instruct:free; _csrf=-6LD5lyGNZmnOODBcveUpkuN"
    }
  },
  "trackingId": "bc84e72a-c8b0-4b67-935c-369b7dfa2a94",
  "errorName": "RateLimitError",
  "statusCode": 429,
  "path": "/",
  "method": "GET",
  "ip": "::1",
  "userAgent": "Mozilla/5.0 (X11; Linux x86_64) AppleWebKit/537.36 (KHTML, like Gecko) Chrome/130.0.0.0 Safari/537.36",
  "environment": "development",
  "requestBody": {},
  "requestQuery": {},
  "requestHeaders": {
    "host": "localhost:7000",
    "connection": "keep-alive",
    "cache-control": "max-age=0",
    "sec-ch-ua": "\"Chromium\";v=\"130\", \"Google Chrome\";v=\"130\", \"Not?A_Brand\";v=\"99\"",
    "sec-ch-ua-mobile": "?0",
    "sec-ch-ua-platform": "\"Linux\"",
    "upgrade-insecure-requests": "1",
    "user-agent": "Mozilla/5.0 (X11; Linux x86_64) AppleWebKit/537.36 (KHTML, like Gecko) Chrome/130.0.0.0 Safari/537.36",
    "accept": "text/html,application/xhtml+xml,application/xml;q=0.9,image/avif,image/webp,image/apng,*/*;q=0.8,application/signed-exchange;v=b3;q=0.7",
    "sec-fetch-site": "none",
    "sec-fetch-mode": "navigate",
    "sec-fetch-user": "?1",
    "sec-fetch-dest": "document",
    "accept-encoding": "gzip, deflate, br, zstd",
    "accept-language": "en-US,en;q=0.9,fa;q=0.8",
    "cookie": "openrouter-api-key=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; openrouter-model=meta-llama/llama-3.1-405b-instruct:free; _csrf=-6LD5lyGNZmnOODBcveUpkuN"
  }
}
2024-11-18T13:18:10.616Z error: تعداد درخواست‌های شما از حد مجاز بیشتر شده است.
Error Location: rateLimiter.middleware.js:54 (Object.handler)
Full Path: /home/mhossein/Desktop/Cooleh.project/app/http/middlewares/rateLimiter.middleware.js
Stack Trace:
RateLimitError: تعداد درخواست‌های شما از حد مجاز بیشتر شده است.
    at Object.handler (/home/mhossein/Desktop/Cooleh.project/app/http/middlewares/rateLimiter.middleware.js:54:15)
    at /home/mhossein/Desktop/Cooleh.project/node_modules/express-rate-limit/dist/index.cjs:749:16
    at processTicksAndRejections (node:internal/process/task_queues:95:5)
    at /home/mhossein/Desktop/Cooleh.project/node_modules/express-rate-limit/dist/index.cjs:650:5
Metadata:
{
  "metadata": {
    "service": "user-service",
    "environment": "development",
    "trackingId": "d88d9424-d686-4d3e-a8c3-266b97839b0d",
    "errorName": "RateLimitError",
    "statusCode": 429,
    "path": "/",
    "method": "GET",
    "ip": "::1",
    "userAgent": "Mozilla/5.0 (X11; Linux x86_64) AppleWebKit/537.36 (KHTML, like Gecko) Chrome/130.0.0.0 Safari/537.36",
    "requestBody": {},
    "requestQuery": {},
    "requestHeaders": {
      "host": "localhost:7000",
      "connection": "keep-alive",
      "cache-control": "max-age=0",
      "sec-ch-ua": "\"Chromium\";v=\"130\", \"Google Chrome\";v=\"130\", \"Not?A_Brand\";v=\"99\"",
      "sec-ch-ua-mobile": "?0",
      "sec-ch-ua-platform": "\"Linux\"",
      "upgrade-insecure-requests": "1",
      "user-agent": "Mozilla/5.0 (X11; Linux x86_64) AppleWebKit/537.36 (KHTML, like Gecko) Chrome/130.0.0.0 Safari/537.36",
      "accept": "text/html,application/xhtml+xml,application/xml;q=0.9,image/avif,image/webp,image/apng,*/*;q=0.8,application/signed-exchange;v=b3;q=0.7",
      "sec-fetch-site": "none",
      "sec-fetch-mode": "navigate",
      "sec-fetch-user": "?1",
      "sec-fetch-dest": "document",
      "accept-encoding": "gzip, deflate, br, zstd",
      "accept-language": "en-US,en;q=0.9,fa;q=0.8",
      "cookie": "openrouter-api-key=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; openrouter-model=meta-llama/llama-3.1-405b-instruct:free; _csrf=-6LD5lyGNZmnOODBcveUpkuN"
    }
  },
  "trackingId": "d88d9424-d686-4d3e-a8c3-266b97839b0d",
  "errorName": "RateLimitError",
  "statusCode": 429,
  "path": "/",
  "method": "GET",
  "ip": "::1",
  "userAgent": "Mozilla/5.0 (X11; Linux x86_64) AppleWebKit/537.36 (KHTML, like Gecko) Chrome/130.0.0.0 Safari/537.36",
  "environment": "development",
  "requestBody": {},
  "requestQuery": {},
  "requestHeaders": {
    "host": "localhost:7000",
    "connection": "keep-alive",
    "cache-control": "max-age=0",
    "sec-ch-ua": "\"Chromium\";v=\"130\", \"Google Chrome\";v=\"130\", \"Not?A_Brand\";v=\"99\"",
    "sec-ch-ua-mobile": "?0",
    "sec-ch-ua-platform": "\"Linux\"",
    "upgrade-insecure-requests": "1",
    "user-agent": "Mozilla/5.0 (X11; Linux x86_64) AppleWebKit/537.36 (KHTML, like Gecko) Chrome/130.0.0.0 Safari/537.36",
    "accept": "text/html,application/xhtml+xml,application/xml;q=0.9,image/avif,image/webp,image/apng,*/*;q=0.8,application/signed-exchange;v=b3;q=0.7",
    "sec-fetch-site": "none",
    "sec-fetch-mode": "navigate",
    "sec-fetch-user": "?1",
    "sec-fetch-dest": "document",
    "accept-encoding": "gzip, deflate, br, zstd",
    "accept-language": "en-US,en;q=0.9,fa;q=0.8",
    "cookie": "openrouter-api-key=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; openrouter-model=meta-llama/llama-3.1-405b-instruct:free; _csrf=-6LD5lyGNZmnOODBcveUpkuN"
  }
}
2024-11-18T13:18:10.777Z error: تعداد درخواست‌های شما از حد مجاز بیشتر شده است.
Error Location: rateLimiter.middleware.js:54 (Object.handler)
Full Path: /home/mhossein/Desktop/Cooleh.project/app/http/middlewares/rateLimiter.middleware.js
Stack Trace:
RateLimitError: تعداد درخواست‌های شما از حد مجاز بیشتر شده است.
    at Object.handler (/home/mhossein/Desktop/Cooleh.project/app/http/middlewares/rateLimiter.middleware.js:54:15)
    at /home/mhossein/Desktop/Cooleh.project/node_modules/express-rate-limit/dist/index.cjs:749:16
    at processTicksAndRejections (node:internal/process/task_queues:95:5)
    at /home/mhossein/Desktop/Cooleh.project/node_modules/express-rate-limit/dist/index.cjs:650:5
Metadata:
{
  "metadata": {
    "service": "user-service",
    "environment": "development",
    "trackingId": "951c5c42-8519-4150-9c1d-febf0305901e",
    "errorName": "RateLimitError",
    "statusCode": 429,
    "path": "/",
    "method": "GET",
    "ip": "::1",
    "userAgent": "Mozilla/5.0 (X11; Linux x86_64) AppleWebKit/537.36 (KHTML, like Gecko) Chrome/130.0.0.0 Safari/537.36",
    "requestBody": {},
    "requestQuery": {},
    "requestHeaders": {
      "host": "localhost:7000",
      "connection": "keep-alive",
      "cache-control": "max-age=0",
      "sec-ch-ua": "\"Chromium\";v=\"130\", \"Google Chrome\";v=\"130\", \"Not?A_Brand\";v=\"99\"",
      "sec-ch-ua-mobile": "?0",
      "sec-ch-ua-platform": "\"Linux\"",
      "upgrade-insecure-requests": "1",
      "user-agent": "Mozilla/5.0 (X11; Linux x86_64) AppleWebKit/537.36 (KHTML, like Gecko) Chrome/130.0.0.0 Safari/537.36",
      "accept": "text/html,application/xhtml+xml,application/xml;q=0.9,image/avif,image/webp,image/apng,*/*;q=0.8,application/signed-exchange;v=b3;q=0.7",
      "sec-fetch-site": "none",
      "sec-fetch-mode": "navigate",
      "sec-fetch-user": "?1",
      "sec-fetch-dest": "document",
      "accept-encoding": "gzip, deflate, br, zstd",
      "accept-language": "en-US,en;q=0.9,fa;q=0.8",
      "cookie": "openrouter-api-key=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; openrouter-model=meta-llama/llama-3.1-405b-instruct:free; _csrf=-6LD5lyGNZmnOODBcveUpkuN"
    }
  },
  "trackingId": "951c5c42-8519-4150-9c1d-febf0305901e",
  "errorName": "RateLimitError",
  "statusCode": 429,
  "path": "/",
  "method": "GET",
  "ip": "::1",
  "userAgent": "Mozilla/5.0 (X11; Linux x86_64) AppleWebKit/537.36 (KHTML, like Gecko) Chrome/130.0.0.0 Safari/537.36",
  "environment": "development",
  "requestBody": {},
  "requestQuery": {},
  "requestHeaders": {
    "host": "localhost:7000",
    "connection": "keep-alive",
    "cache-control": "max-age=0",
    "sec-ch-ua": "\"Chromium\";v=\"130\", \"Google Chrome\";v=\"130\", \"Not?A_Brand\";v=\"99\"",
    "sec-ch-ua-mobile": "?0",
    "sec-ch-ua-platform": "\"Linux\"",
    "upgrade-insecure-requests": "1",
    "user-agent": "Mozilla/5.0 (X11; Linux x86_64) AppleWebKit/537.36 (KHTML, like Gecko) Chrome/130.0.0.0 Safari/537.36",
    "accept": "text/html,application/xhtml+xml,application/xml;q=0.9,image/avif,image/webp,image/apng,*/*;q=0.8,application/signed-exchange;v=b3;q=0.7",
    "sec-fetch-site": "none",
    "sec-fetch-mode": "navigate",
    "sec-fetch-user": "?1",
    "sec-fetch-dest": "document",
    "accept-encoding": "gzip, deflate, br, zstd",
    "accept-language": "en-US,en;q=0.9,fa;q=0.8",
    "cookie": "openrouter-api-key=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; openrouter-model=meta-llama/llama-3.1-405b-instruct:free; _csrf=-6LD5lyGNZmnOODBcveUpkuN"
  }
}
2024-11-18T13:18:10.932Z error: تعداد درخواست‌های شما از حد مجاز بیشتر شده است.
Error Location: rateLimiter.middleware.js:54 (Object.handler)
Full Path: /home/mhossein/Desktop/Cooleh.project/app/http/middlewares/rateLimiter.middleware.js
Stack Trace:
RateLimitError: تعداد درخواست‌های شما از حد مجاز بیشتر شده است.
    at Object.handler (/home/mhossein/Desktop/Cooleh.project/app/http/middlewares/rateLimiter.middleware.js:54:15)
    at /home/mhossein/Desktop/Cooleh.project/node_modules/express-rate-limit/dist/index.cjs:749:16
    at processTicksAndRejections (node:internal/process/task_queues:95:5)
    at /home/mhossein/Desktop/Cooleh.project/node_modules/express-rate-limit/dist/index.cjs:650:5
Metadata:
{
  "metadata": {
    "service": "user-service",
    "environment": "development",
    "trackingId": "b7b994a5-49da-4441-ac46-862c7784c1bb",
    "errorName": "RateLimitError",
    "statusCode": 429,
    "path": "/",
    "method": "GET",
    "ip": "::1",
    "userAgent": "Mozilla/5.0 (X11; Linux x86_64) AppleWebKit/537.36 (KHTML, like Gecko) Chrome/130.0.0.0 Safari/537.36",
    "requestBody": {},
    "requestQuery": {},
    "requestHeaders": {
      "host": "localhost:7000",
      "connection": "keep-alive",
      "cache-control": "max-age=0",
      "sec-ch-ua": "\"Chromium\";v=\"130\", \"Google Chrome\";v=\"130\", \"Not?A_Brand\";v=\"99\"",
      "sec-ch-ua-mobile": "?0",
      "sec-ch-ua-platform": "\"Linux\"",
      "upgrade-insecure-requests": "1",
      "user-agent": "Mozilla/5.0 (X11; Linux x86_64) AppleWebKit/537.36 (KHTML, like Gecko) Chrome/130.0.0.0 Safari/537.36",
      "accept": "text/html,application/xhtml+xml,application/xml;q=0.9,image/avif,image/webp,image/apng,*/*;q=0.8,application/signed-exchange;v=b3;q=0.7",
      "sec-fetch-site": "none",
      "sec-fetch-mode": "navigate",
      "sec-fetch-user": "?1",
      "sec-fetch-dest": "document",
      "accept-encoding": "gzip, deflate, br, zstd",
      "accept-language": "en-US,en;q=0.9,fa;q=0.8",
      "cookie": "openrouter-api-key=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; openrouter-model=meta-llama/llama-3.1-405b-instruct:free; _csrf=-6LD5lyGNZmnOODBcveUpkuN"
    }
  },
  "trackingId": "b7b994a5-49da-4441-ac46-862c7784c1bb",
  "errorName": "RateLimitError",
  "statusCode": 429,
  "path": "/",
  "method": "GET",
  "ip": "::1",
  "userAgent": "Mozilla/5.0 (X11; Linux x86_64) AppleWebKit/537.36 (KHTML, like Gecko) Chrome/130.0.0.0 Safari/537.36",
  "environment": "development",
  "requestBody": {},
  "requestQuery": {},
  "requestHeaders": {
    "host": "localhost:7000",
    "connection": "keep-alive",
    "cache-control": "max-age=0",
    "sec-ch-ua": "\"Chromium\";v=\"130\", \"Google Chrome\";v=\"130\", \"Not?A_Brand\";v=\"99\"",
    "sec-ch-ua-mobile": "?0",
    "sec-ch-ua-platform": "\"Linux\"",
    "upgrade-insecure-requests": "1",
    "user-agent": "Mozilla/5.0 (X11; Linux x86_64) AppleWebKit/537.36 (KHTML, like Gecko) Chrome/130.0.0.0 Safari/537.36",
    "accept": "text/html,application/xhtml+xml,application/xml;q=0.9,image/avif,image/webp,image/apng,*/*;q=0.8,application/signed-exchange;v=b3;q=0.7",
    "sec-fetch-site": "none",
    "sec-fetch-mode": "navigate",
    "sec-fetch-user": "?1",
    "sec-fetch-dest": "document",
    "accept-encoding": "gzip, deflate, br, zstd",
    "accept-language": "en-US,en;q=0.9,fa;q=0.8",
    "cookie": "openrouter-api-key=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; openrouter-model=meta-llama/llama-3.1-405b-instruct:free; _csrf=-6LD5lyGNZmnOODBcveUpkuN"
  }
}
2024-11-18T13:18:11.082Z error: تعداد درخواست‌های شما از حد مجاز بیشتر شده است.
Error Location: rateLimiter.middleware.js:54 (Object.handler)
Full Path: /home/mhossein/Desktop/Cooleh.project/app/http/middlewares/rateLimiter.middleware.js
Stack Trace:
RateLimitError: تعداد درخواست‌های شما از حد مجاز بیشتر شده است.
    at Object.handler (/home/mhossein/Desktop/Cooleh.project/app/http/middlewares/rateLimiter.middleware.js:54:15)
    at /home/mhossein/Desktop/Cooleh.project/node_modules/express-rate-limit/dist/index.cjs:749:16
    at processTicksAndRejections (node:internal/process/task_queues:95:5)
    at /home/mhossein/Desktop/Cooleh.project/node_modules/express-rate-limit/dist/index.cjs:650:5
Metadata:
{
  "metadata": {
    "service": "user-service",
    "environment": "development",
    "trackingId": "9a539e65-d9f5-4ab7-b080-6fba7cac9ceb",
    "errorName": "RateLimitError",
    "statusCode": 429,
    "path": "/",
    "method": "GET",
    "ip": "::1",
    "userAgent": "Mozilla/5.0 (X11; Linux x86_64) AppleWebKit/537.36 (KHTML, like Gecko) Chrome/130.0.0.0 Safari/537.36",
    "requestBody": {},
    "requestQuery": {},
    "requestHeaders": {
      "host": "localhost:7000",
      "connection": "keep-alive",
      "cache-control": "max-age=0",
      "sec-ch-ua": "\"Chromium\";v=\"130\", \"Google Chrome\";v=\"130\", \"Not?A_Brand\";v=\"99\"",
      "sec-ch-ua-mobile": "?0",
      "sec-ch-ua-platform": "\"Linux\"",
      "upgrade-insecure-requests": "1",
      "user-agent": "Mozilla/5.0 (X11; Linux x86_64) AppleWebKit/537.36 (KHTML, like Gecko) Chrome/130.0.0.0 Safari/537.36",
      "accept": "text/html,application/xhtml+xml,application/xml;q=0.9,image/avif,image/webp,image/apng,*/*;q=0.8,application/signed-exchange;v=b3;q=0.7",
      "sec-fetch-site": "none",
      "sec-fetch-mode": "navigate",
      "sec-fetch-user": "?1",
      "sec-fetch-dest": "document",
      "accept-encoding": "gzip, deflate, br, zstd",
      "accept-language": "en-US,en;q=0.9,fa;q=0.8",
      "cookie": "openrouter-api-key=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; openrouter-model=meta-llama/llama-3.1-405b-instruct:free; _csrf=-6LD5lyGNZmnOODBcveUpkuN"
    }
  },
  "trackingId": "9a539e65-d9f5-4ab7-b080-6fba7cac9ceb",
  "errorName": "RateLimitError",
  "statusCode": 429,
  "path": "/",
  "method": "GET",
  "ip": "::1",
  "userAgent": "Mozilla/5.0 (X11; Linux x86_64) AppleWebKit/537.36 (KHTML, like Gecko) Chrome/130.0.0.0 Safari/537.36",
  "environment": "development",
  "requestBody": {},
  "requestQuery": {},
  "requestHeaders": {
    "host": "localhost:7000",
    "connection": "keep-alive",
    "cache-control": "max-age=0",
    "sec-ch-ua": "\"Chromium\";v=\"130\", \"Google Chrome\";v=\"130\", \"Not?A_Brand\";v=\"99\"",
    "sec-ch-ua-mobile": "?0",
    "sec-ch-ua-platform": "\"Linux\"",
    "upgrade-insecure-requests": "1",
    "user-agent": "Mozilla/5.0 (X11; Linux x86_64) AppleWebKit/537.36 (KHTML, like Gecko) Chrome/130.0.0.0 Safari/537.36",
    "accept": "text/html,application/xhtml+xml,application/xml;q=0.9,image/avif,image/webp,image/apng,*/*;q=0.8,application/signed-exchange;v=b3;q=0.7",
    "sec-fetch-site": "none",
    "sec-fetch-mode": "navigate",
    "sec-fetch-user": "?1",
    "sec-fetch-dest": "document",
    "accept-encoding": "gzip, deflate, br, zstd",
    "accept-language": "en-US,en;q=0.9,fa;q=0.8",
    "cookie": "openrouter-api-key=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; openrouter-model=meta-llama/llama-3.1-405b-instruct:free; _csrf=-6LD5lyGNZmnOODBcveUpkuN"
  }
}
2024-11-18T13:18:11.227Z error: تعداد درخواست‌های شما از حد مجاز بیشتر شده است.
Error Location: rateLimiter.middleware.js:54 (Object.handler)
Full Path: /home/mhossein/Desktop/Cooleh.project/app/http/middlewares/rateLimiter.middleware.js
Stack Trace:
RateLimitError: تعداد درخواست‌های شما از حد مجاز بیشتر شده است.
    at Object.handler (/home/mhossein/Desktop/Cooleh.project/app/http/middlewares/rateLimiter.middleware.js:54:15)
    at /home/mhossein/Desktop/Cooleh.project/node_modules/express-rate-limit/dist/index.cjs:749:16
    at processTicksAndRejections (node:internal/process/task_queues:95:5)
    at /home/mhossein/Desktop/Cooleh.project/node_modules/express-rate-limit/dist/index.cjs:650:5
Metadata:
{
  "metadata": {
    "service": "user-service",
    "environment": "development",
    "trackingId": "89022645-accc-4f9b-b13a-ee94c06091c3",
    "errorName": "RateLimitError",
    "statusCode": 429,
    "path": "/",
    "method": "GET",
    "ip": "::1",
    "userAgent": "Mozilla/5.0 (X11; Linux x86_64) AppleWebKit/537.36 (KHTML, like Gecko) Chrome/130.0.0.0 Safari/537.36",
    "requestBody": {},
    "requestQuery": {},
    "requestHeaders": {
      "host": "localhost:7000",
      "connection": "keep-alive",
      "cache-control": "max-age=0",
      "sec-ch-ua": "\"Chromium\";v=\"130\", \"Google Chrome\";v=\"130\", \"Not?A_Brand\";v=\"99\"",
      "sec-ch-ua-mobile": "?0",
      "sec-ch-ua-platform": "\"Linux\"",
      "upgrade-insecure-requests": "1",
      "user-agent": "Mozilla/5.0 (X11; Linux x86_64) AppleWebKit/537.36 (KHTML, like Gecko) Chrome/130.0.0.0 Safari/537.36",
      "accept": "text/html,application/xhtml+xml,application/xml;q=0.9,image/avif,image/webp,image/apng,*/*;q=0.8,application/signed-exchange;v=b3;q=0.7",
      "sec-fetch-site": "none",
      "sec-fetch-mode": "navigate",
      "sec-fetch-user": "?1",
      "sec-fetch-dest": "document",
      "accept-encoding": "gzip, deflate, br, zstd",
      "accept-language": "en-US,en;q=0.9,fa;q=0.8",
      "cookie": "openrouter-api-key=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; openrouter-model=meta-llama/llama-3.1-405b-instruct:free; _csrf=-6LD5lyGNZmnOODBcveUpkuN"
    }
  },
  "trackingId": "89022645-accc-4f9b-b13a-ee94c06091c3",
  "errorName": "RateLimitError",
  "statusCode": 429,
  "path": "/",
  "method": "GET",
  "ip": "::1",
  "userAgent": "Mozilla/5.0 (X11; Linux x86_64) AppleWebKit/537.36 (KHTML, like Gecko) Chrome/130.0.0.0 Safari/537.36",
  "environment": "development",
  "requestBody": {},
  "requestQuery": {},
  "requestHeaders": {
    "host": "localhost:7000",
    "connection": "keep-alive",
    "cache-control": "max-age=0",
    "sec-ch-ua": "\"Chromium\";v=\"130\", \"Google Chrome\";v=\"130\", \"Not?A_Brand\";v=\"99\"",
    "sec-ch-ua-mobile": "?0",
    "sec-ch-ua-platform": "\"Linux\"",
    "upgrade-insecure-requests": "1",
    "user-agent": "Mozilla/5.0 (X11; Linux x86_64) AppleWebKit/537.36 (KHTML, like Gecko) Chrome/130.0.0.0 Safari/537.36",
    "accept": "text/html,application/xhtml+xml,application/xml;q=0.9,image/avif,image/webp,image/apng,*/*;q=0.8,application/signed-exchange;v=b3;q=0.7",
    "sec-fetch-site": "none",
    "sec-fetch-mode": "navigate",
    "sec-fetch-user": "?1",
    "sec-fetch-dest": "document",
    "accept-encoding": "gzip, deflate, br, zstd",
    "accept-language": "en-US,en;q=0.9,fa;q=0.8",
    "cookie": "openrouter-api-key=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; openrouter-model=meta-llama/llama-3.1-405b-instruct:free; _csrf=-6LD5lyGNZmnOODBcveUpkuN"
  }
}
2024-11-18T13:18:11.366Z error: تعداد درخواست‌های شما از حد مجاز بیشتر شده است.
Error Location: rateLimiter.middleware.js:54 (Object.handler)
Full Path: /home/mhossein/Desktop/Cooleh.project/app/http/middlewares/rateLimiter.middleware.js
Stack Trace:
RateLimitError: تعداد درخواست‌های شما از حد مجاز بیشتر شده است.
    at Object.handler (/home/mhossein/Desktop/Cooleh.project/app/http/middlewares/rateLimiter.middleware.js:54:15)
    at /home/mhossein/Desktop/Cooleh.project/node_modules/express-rate-limit/dist/index.cjs:749:16
    at processTicksAndRejections (node:internal/process/task_queues:95:5)
    at /home/mhossein/Desktop/Cooleh.project/node_modules/express-rate-limit/dist/index.cjs:650:5
Metadata:
{
  "metadata": {
    "service": "user-service",
    "environment": "development",
    "trackingId": "2cb9c969-1a16-4e23-a4c7-ae6eae7fe890",
    "errorName": "RateLimitError",
    "statusCode": 429,
    "path": "/",
    "method": "GET",
    "ip": "::1",
    "userAgent": "Mozilla/5.0 (X11; Linux x86_64) AppleWebKit/537.36 (KHTML, like Gecko) Chrome/130.0.0.0 Safari/537.36",
    "requestBody": {},
    "requestQuery": {},
    "requestHeaders": {
      "host": "localhost:7000",
      "connection": "keep-alive",
      "cache-control": "max-age=0",
      "sec-ch-ua": "\"Chromium\";v=\"130\", \"Google Chrome\";v=\"130\", \"Not?A_Brand\";v=\"99\"",
      "sec-ch-ua-mobile": "?0",
      "sec-ch-ua-platform": "\"Linux\"",
      "upgrade-insecure-requests": "1",
      "user-agent": "Mozilla/5.0 (X11; Linux x86_64) AppleWebKit/537.36 (KHTML, like Gecko) Chrome/130.0.0.0 Safari/537.36",
      "accept": "text/html,application/xhtml+xml,application/xml;q=0.9,image/avif,image/webp,image/apng,*/*;q=0.8,application/signed-exchange;v=b3;q=0.7",
      "sec-fetch-site": "none",
      "sec-fetch-mode": "navigate",
      "sec-fetch-user": "?1",
      "sec-fetch-dest": "document",
      "accept-encoding": "gzip, deflate, br, zstd",
      "accept-language": "en-US,en;q=0.9,fa;q=0.8",
      "cookie": "openrouter-api-key=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; openrouter-model=meta-llama/llama-3.1-405b-instruct:free; _csrf=-6LD5lyGNZmnOODBcveUpkuN"
    }
  },
  "trackingId": "2cb9c969-1a16-4e23-a4c7-ae6eae7fe890",
  "errorName": "RateLimitError",
  "statusCode": 429,
  "path": "/",
  "method": "GET",
  "ip": "::1",
  "userAgent": "Mozilla/5.0 (X11; Linux x86_64) AppleWebKit/537.36 (KHTML, like Gecko) Chrome/130.0.0.0 Safari/537.36",
  "environment": "development",
  "requestBody": {},
  "requestQuery": {},
  "requestHeaders": {
    "host": "localhost:7000",
    "connection": "keep-alive",
    "cache-control": "max-age=0",
    "sec-ch-ua": "\"Chromium\";v=\"130\", \"Google Chrome\";v=\"130\", \"Not?A_Brand\";v=\"99\"",
    "sec-ch-ua-mobile": "?0",
    "sec-ch-ua-platform": "\"Linux\"",
    "upgrade-insecure-requests": "1",
    "user-agent": "Mozilla/5.0 (X11; Linux x86_64) AppleWebKit/537.36 (KHTML, like Gecko) Chrome/130.0.0.0 Safari/537.36",
    "accept": "text/html,application/xhtml+xml,application/xml;q=0.9,image/avif,image/webp,image/apng,*/*;q=0.8,application/signed-exchange;v=b3;q=0.7",
    "sec-fetch-site": "none",
    "sec-fetch-mode": "navigate",
    "sec-fetch-user": "?1",
    "sec-fetch-dest": "document",
    "accept-encoding": "gzip, deflate, br, zstd",
    "accept-language": "en-US,en;q=0.9,fa;q=0.8",
    "cookie": "openrouter-api-key=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; openrouter-model=meta-llama/llama-3.1-405b-instruct:free; _csrf=-6LD5lyGNZmnOODBcveUpkuN"
  }
}
2024-11-18T13:18:11.516Z error: تعداد درخواست‌های شما از حد مجاز بیشتر شده است.
Error Location: rateLimiter.middleware.js:54 (Object.handler)
Full Path: /home/mhossein/Desktop/Cooleh.project/app/http/middlewares/rateLimiter.middleware.js
Stack Trace:
RateLimitError: تعداد درخواست‌های شما از حد مجاز بیشتر شده است.
    at Object.handler (/home/mhossein/Desktop/Cooleh.project/app/http/middlewares/rateLimiter.middleware.js:54:15)
    at /home/mhossein/Desktop/Cooleh.project/node_modules/express-rate-limit/dist/index.cjs:749:16
    at processTicksAndRejections (node:internal/process/task_queues:95:5)
    at /home/mhossein/Desktop/Cooleh.project/node_modules/express-rate-limit/dist/index.cjs:650:5
Metadata:
{
  "metadata": {
    "service": "user-service",
    "environment": "development",
    "trackingId": "523b8cc3-76d5-40f1-a45b-075e39baa773",
    "errorName": "RateLimitError",
    "statusCode": 429,
    "path": "/",
    "method": "GET",
    "ip": "::1",
    "userAgent": "Mozilla/5.0 (X11; Linux x86_64) AppleWebKit/537.36 (KHTML, like Gecko) Chrome/130.0.0.0 Safari/537.36",
    "requestBody": {},
    "requestQuery": {},
    "requestHeaders": {
      "host": "localhost:7000",
      "connection": "keep-alive",
      "cache-control": "max-age=0",
      "sec-ch-ua": "\"Chromium\";v=\"130\", \"Google Chrome\";v=\"130\", \"Not?A_Brand\";v=\"99\"",
      "sec-ch-ua-mobile": "?0",
      "sec-ch-ua-platform": "\"Linux\"",
      "upgrade-insecure-requests": "1",
      "user-agent": "Mozilla/5.0 (X11; Linux x86_64) AppleWebKit/537.36 (KHTML, like Gecko) Chrome/130.0.0.0 Safari/537.36",
      "accept": "text/html,application/xhtml+xml,application/xml;q=0.9,image/avif,image/webp,image/apng,*/*;q=0.8,application/signed-exchange;v=b3;q=0.7",
      "sec-fetch-site": "none",
      "sec-fetch-mode": "navigate",
      "sec-fetch-user": "?1",
      "sec-fetch-dest": "document",
      "accept-encoding": "gzip, deflate, br, zstd",
      "accept-language": "en-US,en;q=0.9,fa;q=0.8",
      "cookie": "openrouter-api-key=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; openrouter-model=meta-llama/llama-3.1-405b-instruct:free; _csrf=-6LD5lyGNZmnOODBcveUpkuN"
    }
  },
  "trackingId": "523b8cc3-76d5-40f1-a45b-075e39baa773",
  "errorName": "RateLimitError",
  "statusCode": 429,
  "path": "/",
  "method": "GET",
  "ip": "::1",
  "userAgent": "Mozilla/5.0 (X11; Linux x86_64) AppleWebKit/537.36 (KHTML, like Gecko) Chrome/130.0.0.0 Safari/537.36",
  "environment": "development",
  "requestBody": {},
  "requestQuery": {},
  "requestHeaders": {
    "host": "localhost:7000",
    "connection": "keep-alive",
    "cache-control": "max-age=0",
    "sec-ch-ua": "\"Chromium\";v=\"130\", \"Google Chrome\";v=\"130\", \"Not?A_Brand\";v=\"99\"",
    "sec-ch-ua-mobile": "?0",
    "sec-ch-ua-platform": "\"Linux\"",
    "upgrade-insecure-requests": "1",
    "user-agent": "Mozilla/5.0 (X11; Linux x86_64) AppleWebKit/537.36 (KHTML, like Gecko) Chrome/130.0.0.0 Safari/537.36",
    "accept": "text/html,application/xhtml+xml,application/xml;q=0.9,image/avif,image/webp,image/apng,*/*;q=0.8,application/signed-exchange;v=b3;q=0.7",
    "sec-fetch-site": "none",
    "sec-fetch-mode": "navigate",
    "sec-fetch-user": "?1",
    "sec-fetch-dest": "document",
    "accept-encoding": "gzip, deflate, br, zstd",
    "accept-language": "en-US,en;q=0.9,fa;q=0.8",
    "cookie": "openrouter-api-key=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; openrouter-model=meta-llama/llama-3.1-405b-instruct:free; _csrf=-6LD5lyGNZmnOODBcveUpkuN"
  }
}
2024-11-18T13:18:11.675Z error: تعداد درخواست‌های شما از حد مجاز بیشتر شده است.
Error Location: rateLimiter.middleware.js:54 (Object.handler)
Full Path: /home/mhossein/Desktop/Cooleh.project/app/http/middlewares/rateLimiter.middleware.js
Stack Trace:
RateLimitError: تعداد درخواست‌های شما از حد مجاز بیشتر شده است.
    at Object.handler (/home/mhossein/Desktop/Cooleh.project/app/http/middlewares/rateLimiter.middleware.js:54:15)
    at /home/mhossein/Desktop/Cooleh.project/node_modules/express-rate-limit/dist/index.cjs:749:16
    at processTicksAndRejections (node:internal/process/task_queues:95:5)
    at /home/mhossein/Desktop/Cooleh.project/node_modules/express-rate-limit/dist/index.cjs:650:5
Metadata:
{
  "metadata": {
    "service": "user-service",
    "environment": "development",
    "trackingId": "eaddc961-92b3-4a53-88b3-d390a0dd766c",
    "errorName": "RateLimitError",
    "statusCode": 429,
    "path": "/",
    "method": "GET",
    "ip": "::1",
    "userAgent": "Mozilla/5.0 (X11; Linux x86_64) AppleWebKit/537.36 (KHTML, like Gecko) Chrome/130.0.0.0 Safari/537.36",
    "requestBody": {},
    "requestQuery": {},
    "requestHeaders": {
      "host": "localhost:7000",
      "connection": "keep-alive",
      "cache-control": "max-age=0",
      "sec-ch-ua": "\"Chromium\";v=\"130\", \"Google Chrome\";v=\"130\", \"Not?A_Brand\";v=\"99\"",
      "sec-ch-ua-mobile": "?0",
      "sec-ch-ua-platform": "\"Linux\"",
      "upgrade-insecure-requests": "1",
      "user-agent": "Mozilla/5.0 (X11; Linux x86_64) AppleWebKit/537.36 (KHTML, like Gecko) Chrome/130.0.0.0 Safari/537.36",
      "accept": "text/html,application/xhtml+xml,application/xml;q=0.9,image/avif,image/webp,image/apng,*/*;q=0.8,application/signed-exchange;v=b3;q=0.7",
      "sec-fetch-site": "none",
      "sec-fetch-mode": "navigate",
      "sec-fetch-user": "?1",
      "sec-fetch-dest": "document",
      "accept-encoding": "gzip, deflate, br, zstd",
      "accept-language": "en-US,en;q=0.9,fa;q=0.8",
      "cookie": "openrouter-api-key=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; openrouter-model=meta-llama/llama-3.1-405b-instruct:free; _csrf=-6LD5lyGNZmnOODBcveUpkuN"
    }
  },
  "trackingId": "eaddc961-92b3-4a53-88b3-d390a0dd766c",
  "errorName": "RateLimitError",
  "statusCode": 429,
  "path": "/",
  "method": "GET",
  "ip": "::1",
  "userAgent": "Mozilla/5.0 (X11; Linux x86_64) AppleWebKit/537.36 (KHTML, like Gecko) Chrome/130.0.0.0 Safari/537.36",
  "environment": "development",
  "requestBody": {},
  "requestQuery": {},
  "requestHeaders": {
    "host": "localhost:7000",
    "connection": "keep-alive",
    "cache-control": "max-age=0",
    "sec-ch-ua": "\"Chromium\";v=\"130\", \"Google Chrome\";v=\"130\", \"Not?A_Brand\";v=\"99\"",
    "sec-ch-ua-mobile": "?0",
    "sec-ch-ua-platform": "\"Linux\"",
    "upgrade-insecure-requests": "1",
    "user-agent": "Mozilla/5.0 (X11; Linux x86_64) AppleWebKit/537.36 (KHTML, like Gecko) Chrome/130.0.0.0 Safari/537.36",
    "accept": "text/html,application/xhtml+xml,application/xml;q=0.9,image/avif,image/webp,image/apng,*/*;q=0.8,application/signed-exchange;v=b3;q=0.7",
    "sec-fetch-site": "none",
    "sec-fetch-mode": "navigate",
    "sec-fetch-user": "?1",
    "sec-fetch-dest": "document",
    "accept-encoding": "gzip, deflate, br, zstd",
    "accept-language": "en-US,en;q=0.9,fa;q=0.8",
    "cookie": "openrouter-api-key=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; openrouter-model=meta-llama/llama-3.1-405b-instruct:free; _csrf=-6LD5lyGNZmnOODBcveUpkuN"
  }
}
2024-11-18T13:18:11.828Z error: تعداد درخواست‌های شما از حد مجاز بیشتر شده است.
Error Location: rateLimiter.middleware.js:54 (Object.handler)
Full Path: /home/mhossein/Desktop/Cooleh.project/app/http/middlewares/rateLimiter.middleware.js
Stack Trace:
RateLimitError: تعداد درخواست‌های شما از حد مجاز بیشتر شده است.
    at Object.handler (/home/mhossein/Desktop/Cooleh.project/app/http/middlewares/rateLimiter.middleware.js:54:15)
    at /home/mhossein/Desktop/Cooleh.project/node_modules/express-rate-limit/dist/index.cjs:749:16
    at processTicksAndRejections (node:internal/process/task_queues:95:5)
    at /home/mhossein/Desktop/Cooleh.project/node_modules/express-rate-limit/dist/index.cjs:650:5
Metadata:
{
  "metadata": {
    "service": "user-service",
    "environment": "development",
    "trackingId": "bbc23eeb-6c32-4cb6-a0e6-101ddf28cf9a",
    "errorName": "RateLimitError",
    "statusCode": 429,
    "path": "/",
    "method": "GET",
    "ip": "::1",
    "userAgent": "Mozilla/5.0 (X11; Linux x86_64) AppleWebKit/537.36 (KHTML, like Gecko) Chrome/130.0.0.0 Safari/537.36",
    "requestBody": {},
    "requestQuery": {},
    "requestHeaders": {
      "host": "localhost:7000",
      "connection": "keep-alive",
      "cache-control": "max-age=0",
      "sec-ch-ua": "\"Chromium\";v=\"130\", \"Google Chrome\";v=\"130\", \"Not?A_Brand\";v=\"99\"",
      "sec-ch-ua-mobile": "?0",
      "sec-ch-ua-platform": "\"Linux\"",
      "upgrade-insecure-requests": "1",
      "user-agent": "Mozilla/5.0 (X11; Linux x86_64) AppleWebKit/537.36 (KHTML, like Gecko) Chrome/130.0.0.0 Safari/537.36",
      "accept": "text/html,application/xhtml+xml,application/xml;q=0.9,image/avif,image/webp,image/apng,*/*;q=0.8,application/signed-exchange;v=b3;q=0.7",
      "sec-fetch-site": "none",
      "sec-fetch-mode": "navigate",
      "sec-fetch-user": "?1",
      "sec-fetch-dest": "document",
      "accept-encoding": "gzip, deflate, br, zstd",
      "accept-language": "en-US,en;q=0.9,fa;q=0.8",
      "cookie": "openrouter-api-key=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; openrouter-model=meta-llama/llama-3.1-405b-instruct:free; _csrf=-6LD5lyGNZmnOODBcveUpkuN"
    }
  },
  "trackingId": "bbc23eeb-6c32-4cb6-a0e6-101ddf28cf9a",
  "errorName": "RateLimitError",
  "statusCode": 429,
  "path": "/",
  "method": "GET",
  "ip": "::1",
  "userAgent": "Mozilla/5.0 (X11; Linux x86_64) AppleWebKit/537.36 (KHTML, like Gecko) Chrome/130.0.0.0 Safari/537.36",
  "environment": "development",
  "requestBody": {},
  "requestQuery": {},
  "requestHeaders": {
    "host": "localhost:7000",
    "connection": "keep-alive",
    "cache-control": "max-age=0",
    "sec-ch-ua": "\"Chromium\";v=\"130\", \"Google Chrome\";v=\"130\", \"Not?A_Brand\";v=\"99\"",
    "sec-ch-ua-mobile": "?0",
    "sec-ch-ua-platform": "\"Linux\"",
    "upgrade-insecure-requests": "1",
    "user-agent": "Mozilla/5.0 (X11; Linux x86_64) AppleWebKit/537.36 (KHTML, like Gecko) Chrome/130.0.0.0 Safari/537.36",
    "accept": "text/html,application/xhtml+xml,application/xml;q=0.9,image/avif,image/webp,image/apng,*/*;q=0.8,application/signed-exchange;v=b3;q=0.7",
    "sec-fetch-site": "none",
    "sec-fetch-mode": "navigate",
    "sec-fetch-user": "?1",
    "sec-fetch-dest": "document",
    "accept-encoding": "gzip, deflate, br, zstd",
    "accept-language": "en-US,en;q=0.9,fa;q=0.8",
    "cookie": "openrouter-api-key=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; openrouter-model=meta-llama/llama-3.1-405b-instruct:free; _csrf=-6LD5lyGNZmnOODBcveUpkuN"
  }
}
2024-11-18T13:18:11.989Z error: تعداد درخواست‌های شما از حد مجاز بیشتر شده است.
Error Location: rateLimiter.middleware.js:54 (Object.handler)
Full Path: /home/mhossein/Desktop/Cooleh.project/app/http/middlewares/rateLimiter.middleware.js
Stack Trace:
RateLimitError: تعداد درخواست‌های شما از حد مجاز بیشتر شده است.
    at Object.handler (/home/mhossein/Desktop/Cooleh.project/app/http/middlewares/rateLimiter.middleware.js:54:15)
    at /home/mhossein/Desktop/Cooleh.project/node_modules/express-rate-limit/dist/index.cjs:749:16
    at processTicksAndRejections (node:internal/process/task_queues:95:5)
    at /home/mhossein/Desktop/Cooleh.project/node_modules/express-rate-limit/dist/index.cjs:650:5
Metadata:
{
  "metadata": {
    "service": "user-service",
    "environment": "development",
    "trackingId": "4abcfdc2-44ab-4ea1-9f24-ff7f370aa0ae",
    "errorName": "RateLimitError",
    "statusCode": 429,
    "path": "/",
    "method": "GET",
    "ip": "::1",
    "userAgent": "Mozilla/5.0 (X11; Linux x86_64) AppleWebKit/537.36 (KHTML, like Gecko) Chrome/130.0.0.0 Safari/537.36",
    "requestBody": {},
    "requestQuery": {},
    "requestHeaders": {
      "host": "localhost:7000",
      "connection": "keep-alive",
      "cache-control": "max-age=0",
      "sec-ch-ua": "\"Chromium\";v=\"130\", \"Google Chrome\";v=\"130\", \"Not?A_Brand\";v=\"99\"",
      "sec-ch-ua-mobile": "?0",
      "sec-ch-ua-platform": "\"Linux\"",
      "upgrade-insecure-requests": "1",
      "user-agent": "Mozilla/5.0 (X11; Linux x86_64) AppleWebKit/537.36 (KHTML, like Gecko) Chrome/130.0.0.0 Safari/537.36",
      "accept": "text/html,application/xhtml+xml,application/xml;q=0.9,image/avif,image/webp,image/apng,*/*;q=0.8,application/signed-exchange;v=b3;q=0.7",
      "sec-fetch-site": "none",
      "sec-fetch-mode": "navigate",
      "sec-fetch-user": "?1",
      "sec-fetch-dest": "document",
      "accept-encoding": "gzip, deflate, br, zstd",
      "accept-language": "en-US,en;q=0.9,fa;q=0.8",
      "cookie": "openrouter-api-key=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; openrouter-model=meta-llama/llama-3.1-405b-instruct:free; _csrf=-6LD5lyGNZmnOODBcveUpkuN"
    }
  },
  "trackingId": "4abcfdc2-44ab-4ea1-9f24-ff7f370aa0ae",
  "errorName": "RateLimitError",
  "statusCode": 429,
  "path": "/",
  "method": "GET",
  "ip": "::1",
  "userAgent": "Mozilla/5.0 (X11; Linux x86_64) AppleWebKit/537.36 (KHTML, like Gecko) Chrome/130.0.0.0 Safari/537.36",
  "environment": "development",
  "requestBody": {},
  "requestQuery": {},
  "requestHeaders": {
    "host": "localhost:7000",
    "connection": "keep-alive",
    "cache-control": "max-age=0",
    "sec-ch-ua": "\"Chromium\";v=\"130\", \"Google Chrome\";v=\"130\", \"Not?A_Brand\";v=\"99\"",
    "sec-ch-ua-mobile": "?0",
    "sec-ch-ua-platform": "\"Linux\"",
    "upgrade-insecure-requests": "1",
    "user-agent": "Mozilla/5.0 (X11; Linux x86_64) AppleWebKit/537.36 (KHTML, like Gecko) Chrome/130.0.0.0 Safari/537.36",
    "accept": "text/html,application/xhtml+xml,application/xml;q=0.9,image/avif,image/webp,image/apng,*/*;q=0.8,application/signed-exchange;v=b3;q=0.7",
    "sec-fetch-site": "none",
    "sec-fetch-mode": "navigate",
    "sec-fetch-user": "?1",
    "sec-fetch-dest": "document",
    "accept-encoding": "gzip, deflate, br, zstd",
    "accept-language": "en-US,en;q=0.9,fa;q=0.8",
    "cookie": "openrouter-api-key=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; openrouter-model=meta-llama/llama-3.1-405b-instruct:free; _csrf=-6LD5lyGNZmnOODBcveUpkuN"
  }
}
2024-11-18T13:18:12.146Z error: تعداد درخواست‌های شما از حد مجاز بیشتر شده است.
Error Location: rateLimiter.middleware.js:54 (Object.handler)
Full Path: /home/mhossein/Desktop/Cooleh.project/app/http/middlewares/rateLimiter.middleware.js
Stack Trace:
RateLimitError: تعداد درخواست‌های شما از حد مجاز بیشتر شده است.
    at Object.handler (/home/mhossein/Desktop/Cooleh.project/app/http/middlewares/rateLimiter.middleware.js:54:15)
    at /home/mhossein/Desktop/Cooleh.project/node_modules/express-rate-limit/dist/index.cjs:749:16
    at processTicksAndRejections (node:internal/process/task_queues:95:5)
    at /home/mhossein/Desktop/Cooleh.project/node_modules/express-rate-limit/dist/index.cjs:650:5
Metadata:
{
  "metadata": {
    "service": "user-service",
    "environment": "development",
    "trackingId": "0522a1be-39a1-46a6-a222-406d0a627c92",
    "errorName": "RateLimitError",
    "statusCode": 429,
    "path": "/",
    "method": "GET",
    "ip": "::1",
    "userAgent": "Mozilla/5.0 (X11; Linux x86_64) AppleWebKit/537.36 (KHTML, like Gecko) Chrome/130.0.0.0 Safari/537.36",
    "requestBody": {},
    "requestQuery": {},
    "requestHeaders": {
      "host": "localhost:7000",
      "connection": "keep-alive",
      "cache-control": "max-age=0",
      "sec-ch-ua": "\"Chromium\";v=\"130\", \"Google Chrome\";v=\"130\", \"Not?A_Brand\";v=\"99\"",
      "sec-ch-ua-mobile": "?0",
      "sec-ch-ua-platform": "\"Linux\"",
      "upgrade-insecure-requests": "1",
      "user-agent": "Mozilla/5.0 (X11; Linux x86_64) AppleWebKit/537.36 (KHTML, like Gecko) Chrome/130.0.0.0 Safari/537.36",
      "accept": "text/html,application/xhtml+xml,application/xml;q=0.9,image/avif,image/webp,image/apng,*/*;q=0.8,application/signed-exchange;v=b3;q=0.7",
      "sec-fetch-site": "none",
      "sec-fetch-mode": "navigate",
      "sec-fetch-user": "?1",
      "sec-fetch-dest": "document",
      "accept-encoding": "gzip, deflate, br, zstd",
      "accept-language": "en-US,en;q=0.9,fa;q=0.8",
      "cookie": "openrouter-api-key=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; openrouter-model=meta-llama/llama-3.1-405b-instruct:free; _csrf=-6LD5lyGNZmnOODBcveUpkuN"
    }
  },
  "trackingId": "0522a1be-39a1-46a6-a222-406d0a627c92",
  "errorName": "RateLimitError",
  "statusCode": 429,
  "path": "/",
  "method": "GET",
  "ip": "::1",
  "userAgent": "Mozilla/5.0 (X11; Linux x86_64) AppleWebKit/537.36 (KHTML, like Gecko) Chrome/130.0.0.0 Safari/537.36",
  "environment": "development",
  "requestBody": {},
  "requestQuery": {},
  "requestHeaders": {
    "host": "localhost:7000",
    "connection": "keep-alive",
    "cache-control": "max-age=0",
    "sec-ch-ua": "\"Chromium\";v=\"130\", \"Google Chrome\";v=\"130\", \"Not?A_Brand\";v=\"99\"",
    "sec-ch-ua-mobile": "?0",
    "sec-ch-ua-platform": "\"Linux\"",
    "upgrade-insecure-requests": "1",
    "user-agent": "Mozilla/5.0 (X11; Linux x86_64) AppleWebKit/537.36 (KHTML, like Gecko) Chrome/130.0.0.0 Safari/537.36",
    "accept": "text/html,application/xhtml+xml,application/xml;q=0.9,image/avif,image/webp,image/apng,*/*;q=0.8,application/signed-exchange;v=b3;q=0.7",
    "sec-fetch-site": "none",
    "sec-fetch-mode": "navigate",
    "sec-fetch-user": "?1",
    "sec-fetch-dest": "document",
    "accept-encoding": "gzip, deflate, br, zstd",
    "accept-language": "en-US,en;q=0.9,fa;q=0.8",
    "cookie": "openrouter-api-key=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; openrouter-model=meta-llama/llama-3.1-405b-instruct:free; _csrf=-6LD5lyGNZmnOODBcveUpkuN"
  }
}
2024-11-18T13:18:12.298Z error: تعداد درخواست‌های شما از حد مجاز بیشتر شده است.
Error Location: rateLimiter.middleware.js:54 (Object.handler)
Full Path: /home/mhossein/Desktop/Cooleh.project/app/http/middlewares/rateLimiter.middleware.js
Stack Trace:
RateLimitError: تعداد درخواست‌های شما از حد مجاز بیشتر شده است.
    at Object.handler (/home/mhossein/Desktop/Cooleh.project/app/http/middlewares/rateLimiter.middleware.js:54:15)
    at /home/mhossein/Desktop/Cooleh.project/node_modules/express-rate-limit/dist/index.cjs:749:16
    at processTicksAndRejections (node:internal/process/task_queues:95:5)
    at /home/mhossein/Desktop/Cooleh.project/node_modules/express-rate-limit/dist/index.cjs:650:5
Metadata:
{
  "metadata": {
    "service": "user-service",
    "environment": "development",
    "trackingId": "6575776d-2fa6-41f6-b0e9-911804493f5a",
    "errorName": "RateLimitError",
    "statusCode": 429,
    "path": "/",
    "method": "GET",
    "ip": "::1",
    "userAgent": "Mozilla/5.0 (X11; Linux x86_64) AppleWebKit/537.36 (KHTML, like Gecko) Chrome/130.0.0.0 Safari/537.36",
    "requestBody": {},
    "requestQuery": {},
    "requestHeaders": {
      "host": "localhost:7000",
      "connection": "keep-alive",
      "cache-control": "max-age=0",
      "sec-ch-ua": "\"Chromium\";v=\"130\", \"Google Chrome\";v=\"130\", \"Not?A_Brand\";v=\"99\"",
      "sec-ch-ua-mobile": "?0",
      "sec-ch-ua-platform": "\"Linux\"",
      "upgrade-insecure-requests": "1",
      "user-agent": "Mozilla/5.0 (X11; Linux x86_64) AppleWebKit/537.36 (KHTML, like Gecko) Chrome/130.0.0.0 Safari/537.36",
      "accept": "text/html,application/xhtml+xml,application/xml;q=0.9,image/avif,image/webp,image/apng,*/*;q=0.8,application/signed-exchange;v=b3;q=0.7",
      "sec-fetch-site": "none",
      "sec-fetch-mode": "navigate",
      "sec-fetch-user": "?1",
      "sec-fetch-dest": "document",
      "accept-encoding": "gzip, deflate, br, zstd",
      "accept-language": "en-US,en;q=0.9,fa;q=0.8",
      "cookie": "openrouter-api-key=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; openrouter-model=meta-llama/llama-3.1-405b-instruct:free; _csrf=-6LD5lyGNZmnOODBcveUpkuN"
    }
  },
  "trackingId": "6575776d-2fa6-41f6-b0e9-911804493f5a",
  "errorName": "RateLimitError",
  "statusCode": 429,
  "path": "/",
  "method": "GET",
  "ip": "::1",
  "userAgent": "Mozilla/5.0 (X11; Linux x86_64) AppleWebKit/537.36 (KHTML, like Gecko) Chrome/130.0.0.0 Safari/537.36",
  "environment": "development",
  "requestBody": {},
  "requestQuery": {},
  "requestHeaders": {
    "host": "localhost:7000",
    "connection": "keep-alive",
    "cache-control": "max-age=0",
    "sec-ch-ua": "\"Chromium\";v=\"130\", \"Google Chrome\";v=\"130\", \"Not?A_Brand\";v=\"99\"",
    "sec-ch-ua-mobile": "?0",
    "sec-ch-ua-platform": "\"Linux\"",
    "upgrade-insecure-requests": "1",
    "user-agent": "Mozilla/5.0 (X11; Linux x86_64) AppleWebKit/537.36 (KHTML, like Gecko) Chrome/130.0.0.0 Safari/537.36",
    "accept": "text/html,application/xhtml+xml,application/xml;q=0.9,image/avif,image/webp,image/apng,*/*;q=0.8,application/signed-exchange;v=b3;q=0.7",
    "sec-fetch-site": "none",
    "sec-fetch-mode": "navigate",
    "sec-fetch-user": "?1",
    "sec-fetch-dest": "document",
    "accept-encoding": "gzip, deflate, br, zstd",
    "accept-language": "en-US,en;q=0.9,fa;q=0.8",
    "cookie": "openrouter-api-key=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; openrouter-model=meta-llama/llama-3.1-405b-instruct:free; _csrf=-6LD5lyGNZmnOODBcveUpkuN"
  }
}
2024-11-18T13:18:12.461Z error: تعداد درخواست‌های شما از حد مجاز بیشتر شده است.
Error Location: rateLimiter.middleware.js:54 (Object.handler)
Full Path: /home/mhossein/Desktop/Cooleh.project/app/http/middlewares/rateLimiter.middleware.js
Stack Trace:
RateLimitError: تعداد درخواست‌های شما از حد مجاز بیشتر شده است.
    at Object.handler (/home/mhossein/Desktop/Cooleh.project/app/http/middlewares/rateLimiter.middleware.js:54:15)
    at /home/mhossein/Desktop/Cooleh.project/node_modules/express-rate-limit/dist/index.cjs:749:16
    at processTicksAndRejections (node:internal/process/task_queues:95:5)
    at /home/mhossein/Desktop/Cooleh.project/node_modules/express-rate-limit/dist/index.cjs:650:5
Metadata:
{
  "metadata": {
    "service": "user-service",
    "environment": "development",
    "trackingId": "4ce4530b-a73b-4d16-a1e1-4c9ca3c097ee",
    "errorName": "RateLimitError",
    "statusCode": 429,
    "path": "/",
    "method": "GET",
    "ip": "::1",
    "userAgent": "Mozilla/5.0 (X11; Linux x86_64) AppleWebKit/537.36 (KHTML, like Gecko) Chrome/130.0.0.0 Safari/537.36",
    "requestBody": {},
    "requestQuery": {},
    "requestHeaders": {
      "host": "localhost:7000",
      "connection": "keep-alive",
      "cache-control": "max-age=0",
      "sec-ch-ua": "\"Chromium\";v=\"130\", \"Google Chrome\";v=\"130\", \"Not?A_Brand\";v=\"99\"",
      "sec-ch-ua-mobile": "?0",
      "sec-ch-ua-platform": "\"Linux\"",
      "upgrade-insecure-requests": "1",
      "user-agent": "Mozilla/5.0 (X11; Linux x86_64) AppleWebKit/537.36 (KHTML, like Gecko) Chrome/130.0.0.0 Safari/537.36",
      "accept": "text/html,application/xhtml+xml,application/xml;q=0.9,image/avif,image/webp,image/apng,*/*;q=0.8,application/signed-exchange;v=b3;q=0.7",
      "sec-fetch-site": "none",
      "sec-fetch-mode": "navigate",
      "sec-fetch-user": "?1",
      "sec-fetch-dest": "document",
      "accept-encoding": "gzip, deflate, br, zstd",
      "accept-language": "en-US,en;q=0.9,fa;q=0.8",
      "cookie": "openrouter-api-key=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; openrouter-model=meta-llama/llama-3.1-405b-instruct:free; _csrf=-6LD5lyGNZmnOODBcveUpkuN"
    }
  },
  "trackingId": "4ce4530b-a73b-4d16-a1e1-4c9ca3c097ee",
  "errorName": "RateLimitError",
  "statusCode": 429,
  "path": "/",
  "method": "GET",
  "ip": "::1",
  "userAgent": "Mozilla/5.0 (X11; Linux x86_64) AppleWebKit/537.36 (KHTML, like Gecko) Chrome/130.0.0.0 Safari/537.36",
  "environment": "development",
  "requestBody": {},
  "requestQuery": {},
  "requestHeaders": {
    "host": "localhost:7000",
    "connection": "keep-alive",
    "cache-control": "max-age=0",
    "sec-ch-ua": "\"Chromium\";v=\"130\", \"Google Chrome\";v=\"130\", \"Not?A_Brand\";v=\"99\"",
    "sec-ch-ua-mobile": "?0",
    "sec-ch-ua-platform": "\"Linux\"",
    "upgrade-insecure-requests": "1",
    "user-agent": "Mozilla/5.0 (X11; Linux x86_64) AppleWebKit/537.36 (KHTML, like Gecko) Chrome/130.0.0.0 Safari/537.36",
    "accept": "text/html,application/xhtml+xml,application/xml;q=0.9,image/avif,image/webp,image/apng,*/*;q=0.8,application/signed-exchange;v=b3;q=0.7",
    "sec-fetch-site": "none",
    "sec-fetch-mode": "navigate",
    "sec-fetch-user": "?1",
    "sec-fetch-dest": "document",
    "accept-encoding": "gzip, deflate, br, zstd",
    "accept-language": "en-US,en;q=0.9,fa;q=0.8",
    "cookie": "openrouter-api-key=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; openrouter-model=meta-llama/llama-3.1-405b-instruct:free; _csrf=-6LD5lyGNZmnOODBcveUpkuN"
  }
}
2024-11-18T13:18:12.620Z error: تعداد درخواست‌های شما از حد مجاز بیشتر شده است.
Error Location: rateLimiter.middleware.js:54 (Object.handler)
Full Path: /home/mhossein/Desktop/Cooleh.project/app/http/middlewares/rateLimiter.middleware.js
Stack Trace:
RateLimitError: تعداد درخواست‌های شما از حد مجاز بیشتر شده است.
    at Object.handler (/home/mhossein/Desktop/Cooleh.project/app/http/middlewares/rateLimiter.middleware.js:54:15)
    at /home/mhossein/Desktop/Cooleh.project/node_modules/express-rate-limit/dist/index.cjs:749:16
    at processTicksAndRejections (node:internal/process/task_queues:95:5)
    at /home/mhossein/Desktop/Cooleh.project/node_modules/express-rate-limit/dist/index.cjs:650:5
Metadata:
{
  "metadata": {
    "service": "user-service",
    "environment": "development",
    "trackingId": "65a4087f-250f-4a11-8237-73ad82d1d2e5",
    "errorName": "RateLimitError",
    "statusCode": 429,
    "path": "/",
    "method": "GET",
    "ip": "::1",
    "userAgent": "Mozilla/5.0 (X11; Linux x86_64) AppleWebKit/537.36 (KHTML, like Gecko) Chrome/130.0.0.0 Safari/537.36",
    "requestBody": {},
    "requestQuery": {},
    "requestHeaders": {
      "host": "localhost:7000",
      "connection": "keep-alive",
      "cache-control": "max-age=0",
      "sec-ch-ua": "\"Chromium\";v=\"130\", \"Google Chrome\";v=\"130\", \"Not?A_Brand\";v=\"99\"",
      "sec-ch-ua-mobile": "?0",
      "sec-ch-ua-platform": "\"Linux\"",
      "upgrade-insecure-requests": "1",
      "user-agent": "Mozilla/5.0 (X11; Linux x86_64) AppleWebKit/537.36 (KHTML, like Gecko) Chrome/130.0.0.0 Safari/537.36",
      "accept": "text/html,application/xhtml+xml,application/xml;q=0.9,image/avif,image/webp,image/apng,*/*;q=0.8,application/signed-exchange;v=b3;q=0.7",
      "sec-fetch-site": "none",
      "sec-fetch-mode": "navigate",
      "sec-fetch-user": "?1",
      "sec-fetch-dest": "document",
      "accept-encoding": "gzip, deflate, br, zstd",
      "accept-language": "en-US,en;q=0.9,fa;q=0.8",
      "cookie": "openrouter-api-key=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; openrouter-model=meta-llama/llama-3.1-405b-instruct:free; _csrf=-6LD5lyGNZmnOODBcveUpkuN"
    }
  },
  "trackingId": "65a4087f-250f-4a11-8237-73ad82d1d2e5",
  "errorName": "RateLimitError",
  "statusCode": 429,
  "path": "/",
  "method": "GET",
  "ip": "::1",
  "userAgent": "Mozilla/5.0 (X11; Linux x86_64) AppleWebKit/537.36 (KHTML, like Gecko) Chrome/130.0.0.0 Safari/537.36",
  "environment": "development",
  "requestBody": {},
  "requestQuery": {},
  "requestHeaders": {
    "host": "localhost:7000",
    "connection": "keep-alive",
    "cache-control": "max-age=0",
    "sec-ch-ua": "\"Chromium\";v=\"130\", \"Google Chrome\";v=\"130\", \"Not?A_Brand\";v=\"99\"",
    "sec-ch-ua-mobile": "?0",
    "sec-ch-ua-platform": "\"Linux\"",
    "upgrade-insecure-requests": "1",
    "user-agent": "Mozilla/5.0 (X11; Linux x86_64) AppleWebKit/537.36 (KHTML, like Gecko) Chrome/130.0.0.0 Safari/537.36",
    "accept": "text/html,application/xhtml+xml,application/xml;q=0.9,image/avif,image/webp,image/apng,*/*;q=0.8,application/signed-exchange;v=b3;q=0.7",
    "sec-fetch-site": "none",
    "sec-fetch-mode": "navigate",
    "sec-fetch-user": "?1",
    "sec-fetch-dest": "document",
    "accept-encoding": "gzip, deflate, br, zstd",
    "accept-language": "en-US,en;q=0.9,fa;q=0.8",
    "cookie": "openrouter-api-key=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; openrouter-model=meta-llama/llama-3.1-405b-instruct:free; _csrf=-6LD5lyGNZmnOODBcveUpkuN"
  }
}
2024-11-18T13:18:12.784Z error: تعداد درخواست‌های شما از حد مجاز بیشتر شده است.
Error Location: rateLimiter.middleware.js:54 (Object.handler)
Full Path: /home/mhossein/Desktop/Cooleh.project/app/http/middlewares/rateLimiter.middleware.js
Stack Trace:
RateLimitError: تعداد درخواست‌های شما از حد مجاز بیشتر شده است.
    at Object.handler (/home/mhossein/Desktop/Cooleh.project/app/http/middlewares/rateLimiter.middleware.js:54:15)
    at /home/mhossein/Desktop/Cooleh.project/node_modules/express-rate-limit/dist/index.cjs:749:16
    at processTicksAndRejections (node:internal/process/task_queues:95:5)
    at /home/mhossein/Desktop/Cooleh.project/node_modules/express-rate-limit/dist/index.cjs:650:5
Metadata:
{
  "metadata": {
    "service": "user-service",
    "environment": "development",
    "trackingId": "ae348b02-420a-47c3-bfc7-cb2392461e43",
    "errorName": "RateLimitError",
    "statusCode": 429,
    "path": "/",
    "method": "GET",
    "ip": "::1",
    "userAgent": "Mozilla/5.0 (X11; Linux x86_64) AppleWebKit/537.36 (KHTML, like Gecko) Chrome/130.0.0.0 Safari/537.36",
    "requestBody": {},
    "requestQuery": {},
    "requestHeaders": {
      "host": "localhost:7000",
      "connection": "keep-alive",
      "cache-control": "max-age=0",
      "sec-ch-ua": "\"Chromium\";v=\"130\", \"Google Chrome\";v=\"130\", \"Not?A_Brand\";v=\"99\"",
      "sec-ch-ua-mobile": "?0",
      "sec-ch-ua-platform": "\"Linux\"",
      "upgrade-insecure-requests": "1",
      "user-agent": "Mozilla/5.0 (X11; Linux x86_64) AppleWebKit/537.36 (KHTML, like Gecko) Chrome/130.0.0.0 Safari/537.36",
      "accept": "text/html,application/xhtml+xml,application/xml;q=0.9,image/avif,image/webp,image/apng,*/*;q=0.8,application/signed-exchange;v=b3;q=0.7",
      "sec-fetch-site": "none",
      "sec-fetch-mode": "navigate",
      "sec-fetch-user": "?1",
      "sec-fetch-dest": "document",
      "accept-encoding": "gzip, deflate, br, zstd",
      "accept-language": "en-US,en;q=0.9,fa;q=0.8",
      "cookie": "openrouter-api-key=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; openrouter-model=meta-llama/llama-3.1-405b-instruct:free; _csrf=-6LD5lyGNZmnOODBcveUpkuN"
    }
  },
  "trackingId": "ae348b02-420a-47c3-bfc7-cb2392461e43",
  "errorName": "RateLimitError",
  "statusCode": 429,
  "path": "/",
  "method": "GET",
  "ip": "::1",
  "userAgent": "Mozilla/5.0 (X11; Linux x86_64) AppleWebKit/537.36 (KHTML, like Gecko) Chrome/130.0.0.0 Safari/537.36",
  "environment": "development",
  "requestBody": {},
  "requestQuery": {},
  "requestHeaders": {
    "host": "localhost:7000",
    "connection": "keep-alive",
    "cache-control": "max-age=0",
    "sec-ch-ua": "\"Chromium\";v=\"130\", \"Google Chrome\";v=\"130\", \"Not?A_Brand\";v=\"99\"",
    "sec-ch-ua-mobile": "?0",
    "sec-ch-ua-platform": "\"Linux\"",
    "upgrade-insecure-requests": "1",
    "user-agent": "Mozilla/5.0 (X11; Linux x86_64) AppleWebKit/537.36 (KHTML, like Gecko) Chrome/130.0.0.0 Safari/537.36",
    "accept": "text/html,application/xhtml+xml,application/xml;q=0.9,image/avif,image/webp,image/apng,*/*;q=0.8,application/signed-exchange;v=b3;q=0.7",
    "sec-fetch-site": "none",
    "sec-fetch-mode": "navigate",
    "sec-fetch-user": "?1",
    "sec-fetch-dest": "document",
    "accept-encoding": "gzip, deflate, br, zstd",
    "accept-language": "en-US,en;q=0.9,fa;q=0.8",
    "cookie": "openrouter-api-key=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; openrouter-model=meta-llama/llama-3.1-405b-instruct:free; _csrf=-6LD5lyGNZmnOODBcveUpkuN"
  }
}
2024-11-18T13:18:12.957Z error: تعداد درخواست‌های شما از حد مجاز بیشتر شده است.
Error Location: rateLimiter.middleware.js:54 (Object.handler)
Full Path: /home/mhossein/Desktop/Cooleh.project/app/http/middlewares/rateLimiter.middleware.js
Stack Trace:
RateLimitError: تعداد درخواست‌های شما از حد مجاز بیشتر شده است.
    at Object.handler (/home/mhossein/Desktop/Cooleh.project/app/http/middlewares/rateLimiter.middleware.js:54:15)
    at /home/mhossein/Desktop/Cooleh.project/node_modules/express-rate-limit/dist/index.cjs:749:16
    at processTicksAndRejections (node:internal/process/task_queues:95:5)
    at /home/mhossein/Desktop/Cooleh.project/node_modules/express-rate-limit/dist/index.cjs:650:5
Metadata:
{
  "metadata": {
    "service": "user-service",
    "environment": "development",
    "trackingId": "5d6ba995-6727-4058-a996-34798dfe7074",
    "errorName": "RateLimitError",
    "statusCode": 429,
    "path": "/",
    "method": "GET",
    "ip": "::1",
    "userAgent": "Mozilla/5.0 (X11; Linux x86_64) AppleWebKit/537.36 (KHTML, like Gecko) Chrome/130.0.0.0 Safari/537.36",
    "requestBody": {},
    "requestQuery": {},
    "requestHeaders": {
      "host": "localhost:7000",
      "connection": "keep-alive",
      "cache-control": "max-age=0",
      "sec-ch-ua": "\"Chromium\";v=\"130\", \"Google Chrome\";v=\"130\", \"Not?A_Brand\";v=\"99\"",
      "sec-ch-ua-mobile": "?0",
      "sec-ch-ua-platform": "\"Linux\"",
      "upgrade-insecure-requests": "1",
      "user-agent": "Mozilla/5.0 (X11; Linux x86_64) AppleWebKit/537.36 (KHTML, like Gecko) Chrome/130.0.0.0 Safari/537.36",
      "accept": "text/html,application/xhtml+xml,application/xml;q=0.9,image/avif,image/webp,image/apng,*/*;q=0.8,application/signed-exchange;v=b3;q=0.7",
      "sec-fetch-site": "none",
      "sec-fetch-mode": "navigate",
      "sec-fetch-user": "?1",
      "sec-fetch-dest": "document",
      "accept-encoding": "gzip, deflate, br, zstd",
      "accept-language": "en-US,en;q=0.9,fa;q=0.8",
      "cookie": "openrouter-api-key=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; openrouter-model=meta-llama/llama-3.1-405b-instruct:free; _csrf=-6LD5lyGNZmnOODBcveUpkuN"
    }
  },
  "trackingId": "5d6ba995-6727-4058-a996-34798dfe7074",
  "errorName": "RateLimitError",
  "statusCode": 429,
  "path": "/",
  "method": "GET",
  "ip": "::1",
  "userAgent": "Mozilla/5.0 (X11; Linux x86_64) AppleWebKit/537.36 (KHTML, like Gecko) Chrome/130.0.0.0 Safari/537.36",
  "environment": "development",
  "requestBody": {},
  "requestQuery": {},
  "requestHeaders": {
    "host": "localhost:7000",
    "connection": "keep-alive",
    "cache-control": "max-age=0",
    "sec-ch-ua": "\"Chromium\";v=\"130\", \"Google Chrome\";v=\"130\", \"Not?A_Brand\";v=\"99\"",
    "sec-ch-ua-mobile": "?0",
    "sec-ch-ua-platform": "\"Linux\"",
    "upgrade-insecure-requests": "1",
    "user-agent": "Mozilla/5.0 (X11; Linux x86_64) AppleWebKit/537.36 (KHTML, like Gecko) Chrome/130.0.0.0 Safari/537.36",
    "accept": "text/html,application/xhtml+xml,application/xml;q=0.9,image/avif,image/webp,image/apng,*/*;q=0.8,application/signed-exchange;v=b3;q=0.7",
    "sec-fetch-site": "none",
    "sec-fetch-mode": "navigate",
    "sec-fetch-user": "?1",
    "sec-fetch-dest": "document",
    "accept-encoding": "gzip, deflate, br, zstd",
    "accept-language": "en-US,en;q=0.9,fa;q=0.8",
    "cookie": "openrouter-api-key=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; openrouter-model=meta-llama/llama-3.1-405b-instruct:free; _csrf=-6LD5lyGNZmnOODBcveUpkuN"
  }
}
2024-11-18T13:18:13.107Z error: تعداد درخواست‌های شما از حد مجاز بیشتر شده است.
Error Location: rateLimiter.middleware.js:54 (Object.handler)
Full Path: /home/mhossein/Desktop/Cooleh.project/app/http/middlewares/rateLimiter.middleware.js
Stack Trace:
RateLimitError: تعداد درخواست‌های شما از حد مجاز بیشتر شده است.
    at Object.handler (/home/mhossein/Desktop/Cooleh.project/app/http/middlewares/rateLimiter.middleware.js:54:15)
    at /home/mhossein/Desktop/Cooleh.project/node_modules/express-rate-limit/dist/index.cjs:749:16
    at processTicksAndRejections (node:internal/process/task_queues:95:5)
    at /home/mhossein/Desktop/Cooleh.project/node_modules/express-rate-limit/dist/index.cjs:650:5
Metadata:
{
  "metadata": {
    "service": "user-service",
    "environment": "development",
    "trackingId": "eb933f1a-fcd1-4a8b-86c2-cc196209fc32",
    "errorName": "RateLimitError",
    "statusCode": 429,
    "path": "/",
    "method": "GET",
    "ip": "::1",
    "userAgent": "Mozilla/5.0 (X11; Linux x86_64) AppleWebKit/537.36 (KHTML, like Gecko) Chrome/130.0.0.0 Safari/537.36",
    "requestBody": {},
    "requestQuery": {},
    "requestHeaders": {
      "host": "localhost:7000",
      "connection": "keep-alive",
      "cache-control": "max-age=0",
      "sec-ch-ua": "\"Chromium\";v=\"130\", \"Google Chrome\";v=\"130\", \"Not?A_Brand\";v=\"99\"",
      "sec-ch-ua-mobile": "?0",
      "sec-ch-ua-platform": "\"Linux\"",
      "upgrade-insecure-requests": "1",
      "user-agent": "Mozilla/5.0 (X11; Linux x86_64) AppleWebKit/537.36 (KHTML, like Gecko) Chrome/130.0.0.0 Safari/537.36",
      "accept": "text/html,application/xhtml+xml,application/xml;q=0.9,image/avif,image/webp,image/apng,*/*;q=0.8,application/signed-exchange;v=b3;q=0.7",
      "sec-fetch-site": "none",
      "sec-fetch-mode": "navigate",
      "sec-fetch-user": "?1",
      "sec-fetch-dest": "document",
      "accept-encoding": "gzip, deflate, br, zstd",
      "accept-language": "en-US,en;q=0.9,fa;q=0.8",
      "cookie": "openrouter-api-key=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; openrouter-model=meta-llama/llama-3.1-405b-instruct:free; _csrf=-6LD5lyGNZmnOODBcveUpkuN"
    }
  },
  "trackingId": "eb933f1a-fcd1-4a8b-86c2-cc196209fc32",
  "errorName": "RateLimitError",
  "statusCode": 429,
  "path": "/",
  "method": "GET",
  "ip": "::1",
  "userAgent": "Mozilla/5.0 (X11; Linux x86_64) AppleWebKit/537.36 (KHTML, like Gecko) Chrome/130.0.0.0 Safari/537.36",
  "environment": "development",
  "requestBody": {},
  "requestQuery": {},
  "requestHeaders": {
    "host": "localhost:7000",
    "connection": "keep-alive",
    "cache-control": "max-age=0",
    "sec-ch-ua": "\"Chromium\";v=\"130\", \"Google Chrome\";v=\"130\", \"Not?A_Brand\";v=\"99\"",
    "sec-ch-ua-mobile": "?0",
    "sec-ch-ua-platform": "\"Linux\"",
    "upgrade-insecure-requests": "1",
    "user-agent": "Mozilla/5.0 (X11; Linux x86_64) AppleWebKit/537.36 (KHTML, like Gecko) Chrome/130.0.0.0 Safari/537.36",
    "accept": "text/html,application/xhtml+xml,application/xml;q=0.9,image/avif,image/webp,image/apng,*/*;q=0.8,application/signed-exchange;v=b3;q=0.7",
    "sec-fetch-site": "none",
    "sec-fetch-mode": "navigate",
    "sec-fetch-user": "?1",
    "sec-fetch-dest": "document",
    "accept-encoding": "gzip, deflate, br, zstd",
    "accept-language": "en-US,en;q=0.9,fa;q=0.8",
    "cookie": "openrouter-api-key=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; openrouter-model=meta-llama/llama-3.1-405b-instruct:free; _csrf=-6LD5lyGNZmnOODBcveUpkuN"
  }
}
2024-11-18T13:18:13.286Z error: تعداد درخواست‌های شما از حد مجاز بیشتر شده است.
Error Location: rateLimiter.middleware.js:54 (Object.handler)
Full Path: /home/mhossein/Desktop/Cooleh.project/app/http/middlewares/rateLimiter.middleware.js
Stack Trace:
RateLimitError: تعداد درخواست‌های شما از حد مجاز بیشتر شده است.
    at Object.handler (/home/mhossein/Desktop/Cooleh.project/app/http/middlewares/rateLimiter.middleware.js:54:15)
    at /home/mhossein/Desktop/Cooleh.project/node_modules/express-rate-limit/dist/index.cjs:749:16
    at processTicksAndRejections (node:internal/process/task_queues:95:5)
    at /home/mhossein/Desktop/Cooleh.project/node_modules/express-rate-limit/dist/index.cjs:650:5
Metadata:
{
  "metadata": {
    "service": "user-service",
    "environment": "development",
    "trackingId": "c8687558-1f4c-4add-8057-3d979999aa84",
    "errorName": "RateLimitError",
    "statusCode": 429,
    "path": "/",
    "method": "GET",
    "ip": "::1",
    "userAgent": "Mozilla/5.0 (X11; Linux x86_64) AppleWebKit/537.36 (KHTML, like Gecko) Chrome/130.0.0.0 Safari/537.36",
    "requestBody": {},
    "requestQuery": {},
    "requestHeaders": {
      "host": "localhost:7000",
      "connection": "keep-alive",
      "cache-control": "max-age=0",
      "sec-ch-ua": "\"Chromium\";v=\"130\", \"Google Chrome\";v=\"130\", \"Not?A_Brand\";v=\"99\"",
      "sec-ch-ua-mobile": "?0",
      "sec-ch-ua-platform": "\"Linux\"",
      "upgrade-insecure-requests": "1",
      "user-agent": "Mozilla/5.0 (X11; Linux x86_64) AppleWebKit/537.36 (KHTML, like Gecko) Chrome/130.0.0.0 Safari/537.36",
      "accept": "text/html,application/xhtml+xml,application/xml;q=0.9,image/avif,image/webp,image/apng,*/*;q=0.8,application/signed-exchange;v=b3;q=0.7",
      "sec-fetch-site": "none",
      "sec-fetch-mode": "navigate",
      "sec-fetch-user": "?1",
      "sec-fetch-dest": "document",
      "accept-encoding": "gzip, deflate, br, zstd",
      "accept-language": "en-US,en;q=0.9,fa;q=0.8",
      "cookie": "openrouter-api-key=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; openrouter-model=meta-llama/llama-3.1-405b-instruct:free; _csrf=-6LD5lyGNZmnOODBcveUpkuN"
    }
  },
  "trackingId": "c8687558-1f4c-4add-8057-3d979999aa84",
  "errorName": "RateLimitError",
  "statusCode": 429,
  "path": "/",
  "method": "GET",
  "ip": "::1",
  "userAgent": "Mozilla/5.0 (X11; Linux x86_64) AppleWebKit/537.36 (KHTML, like Gecko) Chrome/130.0.0.0 Safari/537.36",
  "environment": "development",
  "requestBody": {},
  "requestQuery": {},
  "requestHeaders": {
    "host": "localhost:7000",
    "connection": "keep-alive",
    "cache-control": "max-age=0",
    "sec-ch-ua": "\"Chromium\";v=\"130\", \"Google Chrome\";v=\"130\", \"Not?A_Brand\";v=\"99\"",
    "sec-ch-ua-mobile": "?0",
    "sec-ch-ua-platform": "\"Linux\"",
    "upgrade-insecure-requests": "1",
    "user-agent": "Mozilla/5.0 (X11; Linux x86_64) AppleWebKit/537.36 (KHTML, like Gecko) Chrome/130.0.0.0 Safari/537.36",
    "accept": "text/html,application/xhtml+xml,application/xml;q=0.9,image/avif,image/webp,image/apng,*/*;q=0.8,application/signed-exchange;v=b3;q=0.7",
    "sec-fetch-site": "none",
    "sec-fetch-mode": "navigate",
    "sec-fetch-user": "?1",
    "sec-fetch-dest": "document",
    "accept-encoding": "gzip, deflate, br, zstd",
    "accept-language": "en-US,en;q=0.9,fa;q=0.8",
    "cookie": "openrouter-api-key=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; openrouter-model=meta-llama/llama-3.1-405b-instruct:free; _csrf=-6LD5lyGNZmnOODBcveUpkuN"
  }
}
2024-11-18T13:18:13.446Z error: تعداد درخواست‌های شما از حد مجاز بیشتر شده است.
Error Location: rateLimiter.middleware.js:54 (Object.handler)
Full Path: /home/mhossein/Desktop/Cooleh.project/app/http/middlewares/rateLimiter.middleware.js
Stack Trace:
RateLimitError: تعداد درخواست‌های شما از حد مجاز بیشتر شده است.
    at Object.handler (/home/mhossein/Desktop/Cooleh.project/app/http/middlewares/rateLimiter.middleware.js:54:15)
    at /home/mhossein/Desktop/Cooleh.project/node_modules/express-rate-limit/dist/index.cjs:749:16
    at processTicksAndRejections (node:internal/process/task_queues:95:5)
    at /home/mhossein/Desktop/Cooleh.project/node_modules/express-rate-limit/dist/index.cjs:650:5
Metadata:
{
  "metadata": {
    "service": "user-service",
    "environment": "development",
    "trackingId": "b738db64-ff2a-486c-bed4-20485afbf139",
    "errorName": "RateLimitError",
    "statusCode": 429,
    "path": "/",
    "method": "GET",
    "ip": "::1",
    "userAgent": "Mozilla/5.0 (X11; Linux x86_64) AppleWebKit/537.36 (KHTML, like Gecko) Chrome/130.0.0.0 Safari/537.36",
    "requestBody": {},
    "requestQuery": {},
    "requestHeaders": {
      "host": "localhost:7000",
      "connection": "keep-alive",
      "cache-control": "max-age=0",
      "sec-ch-ua": "\"Chromium\";v=\"130\", \"Google Chrome\";v=\"130\", \"Not?A_Brand\";v=\"99\"",
      "sec-ch-ua-mobile": "?0",
      "sec-ch-ua-platform": "\"Linux\"",
      "upgrade-insecure-requests": "1",
      "user-agent": "Mozilla/5.0 (X11; Linux x86_64) AppleWebKit/537.36 (KHTML, like Gecko) Chrome/130.0.0.0 Safari/537.36",
      "accept": "text/html,application/xhtml+xml,application/xml;q=0.9,image/avif,image/webp,image/apng,*/*;q=0.8,application/signed-exchange;v=b3;q=0.7",
      "sec-fetch-site": "none",
      "sec-fetch-mode": "navigate",
      "sec-fetch-user": "?1",
      "sec-fetch-dest": "document",
      "accept-encoding": "gzip, deflate, br, zstd",
      "accept-language": "en-US,en;q=0.9,fa;q=0.8",
      "cookie": "openrouter-api-key=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; openrouter-model=meta-llama/llama-3.1-405b-instruct:free; _csrf=-6LD5lyGNZmnOODBcveUpkuN"
    }
  },
  "trackingId": "b738db64-ff2a-486c-bed4-20485afbf139",
  "errorName": "RateLimitError",
  "statusCode": 429,
  "path": "/",
  "method": "GET",
  "ip": "::1",
  "userAgent": "Mozilla/5.0 (X11; Linux x86_64) AppleWebKit/537.36 (KHTML, like Gecko) Chrome/130.0.0.0 Safari/537.36",
  "environment": "development",
  "requestBody": {},
  "requestQuery": {},
  "requestHeaders": {
    "host": "localhost:7000",
    "connection": "keep-alive",
    "cache-control": "max-age=0",
    "sec-ch-ua": "\"Chromium\";v=\"130\", \"Google Chrome\";v=\"130\", \"Not?A_Brand\";v=\"99\"",
    "sec-ch-ua-mobile": "?0",
    "sec-ch-ua-platform": "\"Linux\"",
    "upgrade-insecure-requests": "1",
    "user-agent": "Mozilla/5.0 (X11; Linux x86_64) AppleWebKit/537.36 (KHTML, like Gecko) Chrome/130.0.0.0 Safari/537.36",
    "accept": "text/html,application/xhtml+xml,application/xml;q=0.9,image/avif,image/webp,image/apng,*/*;q=0.8,application/signed-exchange;v=b3;q=0.7",
    "sec-fetch-site": "none",
    "sec-fetch-mode": "navigate",
    "sec-fetch-user": "?1",
    "sec-fetch-dest": "document",
    "accept-encoding": "gzip, deflate, br, zstd",
    "accept-language": "en-US,en;q=0.9,fa;q=0.8",
    "cookie": "openrouter-api-key=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; openrouter-model=meta-llama/llama-3.1-405b-instruct:free; _csrf=-6LD5lyGNZmnOODBcveUpkuN"
  }
}
2024-11-18T13:18:13.618Z error: تعداد درخواست‌های شما از حد مجاز بیشتر شده است.
Error Location: rateLimiter.middleware.js:54 (Object.handler)
Full Path: /home/mhossein/Desktop/Cooleh.project/app/http/middlewares/rateLimiter.middleware.js
Stack Trace:
RateLimitError: تعداد درخواست‌های شما از حد مجاز بیشتر شده است.
    at Object.handler (/home/mhossein/Desktop/Cooleh.project/app/http/middlewares/rateLimiter.middleware.js:54:15)
    at /home/mhossein/Desktop/Cooleh.project/node_modules/express-rate-limit/dist/index.cjs:749:16
    at processTicksAndRejections (node:internal/process/task_queues:95:5)
    at /home/mhossein/Desktop/Cooleh.project/node_modules/express-rate-limit/dist/index.cjs:650:5
Metadata:
{
  "metadata": {
    "service": "user-service",
    "environment": "development",
    "trackingId": "3896349d-0260-4c8b-b328-abbf51da4994",
    "errorName": "RateLimitError",
    "statusCode": 429,
    "path": "/",
    "method": "GET",
    "ip": "::1",
    "userAgent": "Mozilla/5.0 (X11; Linux x86_64) AppleWebKit/537.36 (KHTML, like Gecko) Chrome/130.0.0.0 Safari/537.36",
    "requestBody": {},
    "requestQuery": {},
    "requestHeaders": {
      "host": "localhost:7000",
      "connection": "keep-alive",
      "cache-control": "max-age=0",
      "sec-ch-ua": "\"Chromium\";v=\"130\", \"Google Chrome\";v=\"130\", \"Not?A_Brand\";v=\"99\"",
      "sec-ch-ua-mobile": "?0",
      "sec-ch-ua-platform": "\"Linux\"",
      "upgrade-insecure-requests": "1",
      "user-agent": "Mozilla/5.0 (X11; Linux x86_64) AppleWebKit/537.36 (KHTML, like Gecko) Chrome/130.0.0.0 Safari/537.36",
      "accept": "text/html,application/xhtml+xml,application/xml;q=0.9,image/avif,image/webp,image/apng,*/*;q=0.8,application/signed-exchange;v=b3;q=0.7",
      "sec-fetch-site": "none",
      "sec-fetch-mode": "navigate",
      "sec-fetch-user": "?1",
      "sec-fetch-dest": "document",
      "accept-encoding": "gzip, deflate, br, zstd",
      "accept-language": "en-US,en;q=0.9,fa;q=0.8",
      "cookie": "openrouter-api-key=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; openrouter-model=meta-llama/llama-3.1-405b-instruct:free; _csrf=-6LD5lyGNZmnOODBcveUpkuN"
    }
  },
  "trackingId": "3896349d-0260-4c8b-b328-abbf51da4994",
  "errorName": "RateLimitError",
  "statusCode": 429,
  "path": "/",
  "method": "GET",
  "ip": "::1",
  "userAgent": "Mozilla/5.0 (X11; Linux x86_64) AppleWebKit/537.36 (KHTML, like Gecko) Chrome/130.0.0.0 Safari/537.36",
  "environment": "development",
  "requestBody": {},
  "requestQuery": {},
  "requestHeaders": {
    "host": "localhost:7000",
    "connection": "keep-alive",
    "cache-control": "max-age=0",
    "sec-ch-ua": "\"Chromium\";v=\"130\", \"Google Chrome\";v=\"130\", \"Not?A_Brand\";v=\"99\"",
    "sec-ch-ua-mobile": "?0",
    "sec-ch-ua-platform": "\"Linux\"",
    "upgrade-insecure-requests": "1",
    "user-agent": "Mozilla/5.0 (X11; Linux x86_64) AppleWebKit/537.36 (KHTML, like Gecko) Chrome/130.0.0.0 Safari/537.36",
    "accept": "text/html,application/xhtml+xml,application/xml;q=0.9,image/avif,image/webp,image/apng,*/*;q=0.8,application/signed-exchange;v=b3;q=0.7",
    "sec-fetch-site": "none",
    "sec-fetch-mode": "navigate",
    "sec-fetch-user": "?1",
    "sec-fetch-dest": "document",
    "accept-encoding": "gzip, deflate, br, zstd",
    "accept-language": "en-US,en;q=0.9,fa;q=0.8",
    "cookie": "openrouter-api-key=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; openrouter-model=meta-llama/llama-3.1-405b-instruct:free; _csrf=-6LD5lyGNZmnOODBcveUpkuN"
  }
}
2024-11-18T13:18:13.788Z error: تعداد درخواست‌های شما از حد مجاز بیشتر شده است.
Error Location: rateLimiter.middleware.js:54 (Object.handler)
Full Path: /home/mhossein/Desktop/Cooleh.project/app/http/middlewares/rateLimiter.middleware.js
Stack Trace:
RateLimitError: تعداد درخواست‌های شما از حد مجاز بیشتر شده است.
    at Object.handler (/home/mhossein/Desktop/Cooleh.project/app/http/middlewares/rateLimiter.middleware.js:54:15)
    at /home/mhossein/Desktop/Cooleh.project/node_modules/express-rate-limit/dist/index.cjs:749:16
    at processTicksAndRejections (node:internal/process/task_queues:95:5)
    at /home/mhossein/Desktop/Cooleh.project/node_modules/express-rate-limit/dist/index.cjs:650:5
Metadata:
{
  "metadata": {
    "service": "user-service",
    "environment": "development",
    "trackingId": "d64aaad6-868b-43ca-a108-476f64ae3ed3",
    "errorName": "RateLimitError",
    "statusCode": 429,
    "path": "/",
    "method": "GET",
    "ip": "::1",
    "userAgent": "Mozilla/5.0 (X11; Linux x86_64) AppleWebKit/537.36 (KHTML, like Gecko) Chrome/130.0.0.0 Safari/537.36",
    "requestBody": {},
    "requestQuery": {},
    "requestHeaders": {
      "host": "localhost:7000",
      "connection": "keep-alive",
      "cache-control": "max-age=0",
      "sec-ch-ua": "\"Chromium\";v=\"130\", \"Google Chrome\";v=\"130\", \"Not?A_Brand\";v=\"99\"",
      "sec-ch-ua-mobile": "?0",
      "sec-ch-ua-platform": "\"Linux\"",
      "upgrade-insecure-requests": "1",
      "user-agent": "Mozilla/5.0 (X11; Linux x86_64) AppleWebKit/537.36 (KHTML, like Gecko) Chrome/130.0.0.0 Safari/537.36",
      "accept": "text/html,application/xhtml+xml,application/xml;q=0.9,image/avif,image/webp,image/apng,*/*;q=0.8,application/signed-exchange;v=b3;q=0.7",
      "sec-fetch-site": "none",
      "sec-fetch-mode": "navigate",
      "sec-fetch-user": "?1",
      "sec-fetch-dest": "document",
      "accept-encoding": "gzip, deflate, br, zstd",
      "accept-language": "en-US,en;q=0.9,fa;q=0.8",
      "cookie": "openrouter-api-key=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; openrouter-model=meta-llama/llama-3.1-405b-instruct:free; _csrf=-6LD5lyGNZmnOODBcveUpkuN"
    }
  },
  "trackingId": "d64aaad6-868b-43ca-a108-476f64ae3ed3",
  "errorName": "RateLimitError",
  "statusCode": 429,
  "path": "/",
  "method": "GET",
  "ip": "::1",
  "userAgent": "Mozilla/5.0 (X11; Linux x86_64) AppleWebKit/537.36 (KHTML, like Gecko) Chrome/130.0.0.0 Safari/537.36",
  "environment": "development",
  "requestBody": {},
  "requestQuery": {},
  "requestHeaders": {
    "host": "localhost:7000",
    "connection": "keep-alive",
    "cache-control": "max-age=0",
    "sec-ch-ua": "\"Chromium\";v=\"130\", \"Google Chrome\";v=\"130\", \"Not?A_Brand\";v=\"99\"",
    "sec-ch-ua-mobile": "?0",
    "sec-ch-ua-platform": "\"Linux\"",
    "upgrade-insecure-requests": "1",
    "user-agent": "Mozilla/5.0 (X11; Linux x86_64) AppleWebKit/537.36 (KHTML, like Gecko) Chrome/130.0.0.0 Safari/537.36",
    "accept": "text/html,application/xhtml+xml,application/xml;q=0.9,image/avif,image/webp,image/apng,*/*;q=0.8,application/signed-exchange;v=b3;q=0.7",
    "sec-fetch-site": "none",
    "sec-fetch-mode": "navigate",
    "sec-fetch-user": "?1",
    "sec-fetch-dest": "document",
    "accept-encoding": "gzip, deflate, br, zstd",
    "accept-language": "en-US,en;q=0.9,fa;q=0.8",
    "cookie": "openrouter-api-key=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; openrouter-model=meta-llama/llama-3.1-405b-instruct:free; _csrf=-6LD5lyGNZmnOODBcveUpkuN"
  }
}
2024-11-18T13:18:13.932Z error: تعداد درخواست‌های شما از حد مجاز بیشتر شده است.
Error Location: rateLimiter.middleware.js:54 (Object.handler)
Full Path: /home/mhossein/Desktop/Cooleh.project/app/http/middlewares/rateLimiter.middleware.js
Stack Trace:
RateLimitError: تعداد درخواست‌های شما از حد مجاز بیشتر شده است.
    at Object.handler (/home/mhossein/Desktop/Cooleh.project/app/http/middlewares/rateLimiter.middleware.js:54:15)
    at /home/mhossein/Desktop/Cooleh.project/node_modules/express-rate-limit/dist/index.cjs:749:16
    at processTicksAndRejections (node:internal/process/task_queues:95:5)
    at /home/mhossein/Desktop/Cooleh.project/node_modules/express-rate-limit/dist/index.cjs:650:5
Metadata:
{
  "metadata": {
    "service": "user-service",
    "environment": "development",
    "trackingId": "39fe8229-eceb-4dc0-870c-2935f2851c52",
    "errorName": "RateLimitError",
    "statusCode": 429,
    "path": "/",
    "method": "GET",
    "ip": "::1",
    "userAgent": "Mozilla/5.0 (X11; Linux x86_64) AppleWebKit/537.36 (KHTML, like Gecko) Chrome/130.0.0.0 Safari/537.36",
    "requestBody": {},
    "requestQuery": {},
    "requestHeaders": {
      "host": "localhost:7000",
      "connection": "keep-alive",
      "cache-control": "max-age=0",
      "sec-ch-ua": "\"Chromium\";v=\"130\", \"Google Chrome\";v=\"130\", \"Not?A_Brand\";v=\"99\"",
      "sec-ch-ua-mobile": "?0",
      "sec-ch-ua-platform": "\"Linux\"",
      "upgrade-insecure-requests": "1",
      "user-agent": "Mozilla/5.0 (X11; Linux x86_64) AppleWebKit/537.36 (KHTML, like Gecko) Chrome/130.0.0.0 Safari/537.36",
      "accept": "text/html,application/xhtml+xml,application/xml;q=0.9,image/avif,image/webp,image/apng,*/*;q=0.8,application/signed-exchange;v=b3;q=0.7",
      "sec-fetch-site": "none",
      "sec-fetch-mode": "navigate",
      "sec-fetch-user": "?1",
      "sec-fetch-dest": "document",
      "accept-encoding": "gzip, deflate, br, zstd",
      "accept-language": "en-US,en;q=0.9,fa;q=0.8",
      "cookie": "openrouter-api-key=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; openrouter-model=meta-llama/llama-3.1-405b-instruct:free; _csrf=-6LD5lyGNZmnOODBcveUpkuN"
    }
  },
  "trackingId": "39fe8229-eceb-4dc0-870c-2935f2851c52",
  "errorName": "RateLimitError",
  "statusCode": 429,
  "path": "/",
  "method": "GET",
  "ip": "::1",
  "userAgent": "Mozilla/5.0 (X11; Linux x86_64) AppleWebKit/537.36 (KHTML, like Gecko) Chrome/130.0.0.0 Safari/537.36",
  "environment": "development",
  "requestBody": {},
  "requestQuery": {},
  "requestHeaders": {
    "host": "localhost:7000",
    "connection": "keep-alive",
    "cache-control": "max-age=0",
    "sec-ch-ua": "\"Chromium\";v=\"130\", \"Google Chrome\";v=\"130\", \"Not?A_Brand\";v=\"99\"",
    "sec-ch-ua-mobile": "?0",
    "sec-ch-ua-platform": "\"Linux\"",
    "upgrade-insecure-requests": "1",
    "user-agent": "Mozilla/5.0 (X11; Linux x86_64) AppleWebKit/537.36 (KHTML, like Gecko) Chrome/130.0.0.0 Safari/537.36",
    "accept": "text/html,application/xhtml+xml,application/xml;q=0.9,image/avif,image/webp,image/apng,*/*;q=0.8,application/signed-exchange;v=b3;q=0.7",
    "sec-fetch-site": "none",
    "sec-fetch-mode": "navigate",
    "sec-fetch-user": "?1",
    "sec-fetch-dest": "document",
    "accept-encoding": "gzip, deflate, br, zstd",
    "accept-language": "en-US,en;q=0.9,fa;q=0.8",
    "cookie": "openrouter-api-key=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; openrouter-model=meta-llama/llama-3.1-405b-instruct:free; _csrf=-6LD5lyGNZmnOODBcveUpkuN"
  }
}
2024-11-18T13:18:14.096Z error: تعداد درخواست‌های شما از حد مجاز بیشتر شده است.
Error Location: rateLimiter.middleware.js:54 (Object.handler)
Full Path: /home/mhossein/Desktop/Cooleh.project/app/http/middlewares/rateLimiter.middleware.js
Stack Trace:
RateLimitError: تعداد درخواست‌های شما از حد مجاز بیشتر شده است.
    at Object.handler (/home/mhossein/Desktop/Cooleh.project/app/http/middlewares/rateLimiter.middleware.js:54:15)
    at /home/mhossein/Desktop/Cooleh.project/node_modules/express-rate-limit/dist/index.cjs:749:16
    at processTicksAndRejections (node:internal/process/task_queues:95:5)
    at /home/mhossein/Desktop/Cooleh.project/node_modules/express-rate-limit/dist/index.cjs:650:5
Metadata:
{
  "metadata": {
    "service": "user-service",
    "environment": "development",
    "trackingId": "3108dfa8-56b6-4c89-b680-edbabad2a064",
    "errorName": "RateLimitError",
    "statusCode": 429,
    "path": "/",
    "method": "GET",
    "ip": "::1",
    "userAgent": "Mozilla/5.0 (X11; Linux x86_64) AppleWebKit/537.36 (KHTML, like Gecko) Chrome/130.0.0.0 Safari/537.36",
    "requestBody": {},
    "requestQuery": {},
    "requestHeaders": {
      "host": "localhost:7000",
      "connection": "keep-alive",
      "cache-control": "max-age=0",
      "sec-ch-ua": "\"Chromium\";v=\"130\", \"Google Chrome\";v=\"130\", \"Not?A_Brand\";v=\"99\"",
      "sec-ch-ua-mobile": "?0",
      "sec-ch-ua-platform": "\"Linux\"",
      "upgrade-insecure-requests": "1",
      "user-agent": "Mozilla/5.0 (X11; Linux x86_64) AppleWebKit/537.36 (KHTML, like Gecko) Chrome/130.0.0.0 Safari/537.36",
      "accept": "text/html,application/xhtml+xml,application/xml;q=0.9,image/avif,image/webp,image/apng,*/*;q=0.8,application/signed-exchange;v=b3;q=0.7",
      "sec-fetch-site": "none",
      "sec-fetch-mode": "navigate",
      "sec-fetch-user": "?1",
      "sec-fetch-dest": "document",
      "accept-encoding": "gzip, deflate, br, zstd",
      "accept-language": "en-US,en;q=0.9,fa;q=0.8",
      "cookie": "openrouter-api-key=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; openrouter-model=meta-llama/llama-3.1-405b-instruct:free; _csrf=-6LD5lyGNZmnOODBcveUpkuN"
    }
  },
  "trackingId": "3108dfa8-56b6-4c89-b680-edbabad2a064",
  "errorName": "RateLimitError",
  "statusCode": 429,
  "path": "/",
  "method": "GET",
  "ip": "::1",
  "userAgent": "Mozilla/5.0 (X11; Linux x86_64) AppleWebKit/537.36 (KHTML, like Gecko) Chrome/130.0.0.0 Safari/537.36",
  "environment": "development",
  "requestBody": {},
  "requestQuery": {},
  "requestHeaders": {
    "host": "localhost:7000",
    "connection": "keep-alive",
    "cache-control": "max-age=0",
    "sec-ch-ua": "\"Chromium\";v=\"130\", \"Google Chrome\";v=\"130\", \"Not?A_Brand\";v=\"99\"",
    "sec-ch-ua-mobile": "?0",
    "sec-ch-ua-platform": "\"Linux\"",
    "upgrade-insecure-requests": "1",
    "user-agent": "Mozilla/5.0 (X11; Linux x86_64) AppleWebKit/537.36 (KHTML, like Gecko) Chrome/130.0.0.0 Safari/537.36",
    "accept": "text/html,application/xhtml+xml,application/xml;q=0.9,image/avif,image/webp,image/apng,*/*;q=0.8,application/signed-exchange;v=b3;q=0.7",
    "sec-fetch-site": "none",
    "sec-fetch-mode": "navigate",
    "sec-fetch-user": "?1",
    "sec-fetch-dest": "document",
    "accept-encoding": "gzip, deflate, br, zstd",
    "accept-language": "en-US,en;q=0.9,fa;q=0.8",
    "cookie": "openrouter-api-key=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; openrouter-model=meta-llama/llama-3.1-405b-instruct:free; _csrf=-6LD5lyGNZmnOODBcveUpkuN"
  }
}
2024-11-18T13:18:14.262Z error: تعداد درخواست‌های شما از حد مجاز بیشتر شده است.
Error Location: rateLimiter.middleware.js:54 (Object.handler)
Full Path: /home/mhossein/Desktop/Cooleh.project/app/http/middlewares/rateLimiter.middleware.js
Stack Trace:
RateLimitError: تعداد درخواست‌های شما از حد مجاز بیشتر شده است.
    at Object.handler (/home/mhossein/Desktop/Cooleh.project/app/http/middlewares/rateLimiter.middleware.js:54:15)
    at /home/mhossein/Desktop/Cooleh.project/node_modules/express-rate-limit/dist/index.cjs:749:16
    at processTicksAndRejections (node:internal/process/task_queues:95:5)
    at /home/mhossein/Desktop/Cooleh.project/node_modules/express-rate-limit/dist/index.cjs:650:5
Metadata:
{
  "metadata": {
    "service": "user-service",
    "environment": "development",
    "trackingId": "d68835bb-d5d0-4279-b6e9-c18735334c1b",
    "errorName": "RateLimitError",
    "statusCode": 429,
    "path": "/",
    "method": "GET",
    "ip": "::1",
    "userAgent": "Mozilla/5.0 (X11; Linux x86_64) AppleWebKit/537.36 (KHTML, like Gecko) Chrome/130.0.0.0 Safari/537.36",
    "requestBody": {},
    "requestQuery": {},
    "requestHeaders": {
      "host": "localhost:7000",
      "connection": "keep-alive",
      "cache-control": "max-age=0",
      "sec-ch-ua": "\"Chromium\";v=\"130\", \"Google Chrome\";v=\"130\", \"Not?A_Brand\";v=\"99\"",
      "sec-ch-ua-mobile": "?0",
      "sec-ch-ua-platform": "\"Linux\"",
      "upgrade-insecure-requests": "1",
      "user-agent": "Mozilla/5.0 (X11; Linux x86_64) AppleWebKit/537.36 (KHTML, like Gecko) Chrome/130.0.0.0 Safari/537.36",
      "accept": "text/html,application/xhtml+xml,application/xml;q=0.9,image/avif,image/webp,image/apng,*/*;q=0.8,application/signed-exchange;v=b3;q=0.7",
      "sec-fetch-site": "none",
      "sec-fetch-mode": "navigate",
      "sec-fetch-user": "?1",
      "sec-fetch-dest": "document",
      "accept-encoding": "gzip, deflate, br, zstd",
      "accept-language": "en-US,en;q=0.9,fa;q=0.8",
      "cookie": "openrouter-api-key=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; openrouter-model=meta-llama/llama-3.1-405b-instruct:free; _csrf=-6LD5lyGNZmnOODBcveUpkuN"
    }
  },
  "trackingId": "d68835bb-d5d0-4279-b6e9-c18735334c1b",
  "errorName": "RateLimitError",
  "statusCode": 429,
  "path": "/",
  "method": "GET",
  "ip": "::1",
  "userAgent": "Mozilla/5.0 (X11; Linux x86_64) AppleWebKit/537.36 (KHTML, like Gecko) Chrome/130.0.0.0 Safari/537.36",
  "environment": "development",
  "requestBody": {},
  "requestQuery": {},
  "requestHeaders": {
    "host": "localhost:7000",
    "connection": "keep-alive",
    "cache-control": "max-age=0",
    "sec-ch-ua": "\"Chromium\";v=\"130\", \"Google Chrome\";v=\"130\", \"Not?A_Brand\";v=\"99\"",
    "sec-ch-ua-mobile": "?0",
    "sec-ch-ua-platform": "\"Linux\"",
    "upgrade-insecure-requests": "1",
    "user-agent": "Mozilla/5.0 (X11; Linux x86_64) AppleWebKit/537.36 (KHTML, like Gecko) Chrome/130.0.0.0 Safari/537.36",
    "accept": "text/html,application/xhtml+xml,application/xml;q=0.9,image/avif,image/webp,image/apng,*/*;q=0.8,application/signed-exchange;v=b3;q=0.7",
    "sec-fetch-site": "none",
    "sec-fetch-mode": "navigate",
    "sec-fetch-user": "?1",
    "sec-fetch-dest": "document",
    "accept-encoding": "gzip, deflate, br, zstd",
    "accept-language": "en-US,en;q=0.9,fa;q=0.8",
    "cookie": "openrouter-api-key=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; openrouter-model=meta-llama/llama-3.1-405b-instruct:free; _csrf=-6LD5lyGNZmnOODBcveUpkuN"
  }
}
2024-11-18T13:18:14.434Z error: تعداد درخواست‌های شما از حد مجاز بیشتر شده است.
Error Location: rateLimiter.middleware.js:54 (Object.handler)
Full Path: /home/mhossein/Desktop/Cooleh.project/app/http/middlewares/rateLimiter.middleware.js
Stack Trace:
RateLimitError: تعداد درخواست‌های شما از حد مجاز بیشتر شده است.
    at Object.handler (/home/mhossein/Desktop/Cooleh.project/app/http/middlewares/rateLimiter.middleware.js:54:15)
    at /home/mhossein/Desktop/Cooleh.project/node_modules/express-rate-limit/dist/index.cjs:749:16
    at processTicksAndRejections (node:internal/process/task_queues:95:5)
    at /home/mhossein/Desktop/Cooleh.project/node_modules/express-rate-limit/dist/index.cjs:650:5
Metadata:
{
  "metadata": {
    "service": "user-service",
    "environment": "development",
    "trackingId": "7dd7b29c-9a9d-4779-a7a7-2ef63f61ac62",
    "errorName": "RateLimitError",
    "statusCode": 429,
    "path": "/",
    "method": "GET",
    "ip": "::1",
    "userAgent": "Mozilla/5.0 (X11; Linux x86_64) AppleWebKit/537.36 (KHTML, like Gecko) Chrome/130.0.0.0 Safari/537.36",
    "requestBody": {},
    "requestQuery": {},
    "requestHeaders": {
      "host": "localhost:7000",
      "connection": "keep-alive",
      "cache-control": "max-age=0",
      "sec-ch-ua": "\"Chromium\";v=\"130\", \"Google Chrome\";v=\"130\", \"Not?A_Brand\";v=\"99\"",
      "sec-ch-ua-mobile": "?0",
      "sec-ch-ua-platform": "\"Linux\"",
      "upgrade-insecure-requests": "1",
      "user-agent": "Mozilla/5.0 (X11; Linux x86_64) AppleWebKit/537.36 (KHTML, like Gecko) Chrome/130.0.0.0 Safari/537.36",
      "accept": "text/html,application/xhtml+xml,application/xml;q=0.9,image/avif,image/webp,image/apng,*/*;q=0.8,application/signed-exchange;v=b3;q=0.7",
      "sec-fetch-site": "none",
      "sec-fetch-mode": "navigate",
      "sec-fetch-user": "?1",
      "sec-fetch-dest": "document",
      "accept-encoding": "gzip, deflate, br, zstd",
      "accept-language": "en-US,en;q=0.9,fa;q=0.8",
      "cookie": "openrouter-api-key=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; openrouter-model=meta-llama/llama-3.1-405b-instruct:free; _csrf=-6LD5lyGNZmnOODBcveUpkuN"
    }
  },
  "trackingId": "7dd7b29c-9a9d-4779-a7a7-2ef63f61ac62",
  "errorName": "RateLimitError",
  "statusCode": 429,
  "path": "/",
  "method": "GET",
  "ip": "::1",
  "userAgent": "Mozilla/5.0 (X11; Linux x86_64) AppleWebKit/537.36 (KHTML, like Gecko) Chrome/130.0.0.0 Safari/537.36",
  "environment": "development",
  "requestBody": {},
  "requestQuery": {},
  "requestHeaders": {
    "host": "localhost:7000",
    "connection": "keep-alive",
    "cache-control": "max-age=0",
    "sec-ch-ua": "\"Chromium\";v=\"130\", \"Google Chrome\";v=\"130\", \"Not?A_Brand\";v=\"99\"",
    "sec-ch-ua-mobile": "?0",
    "sec-ch-ua-platform": "\"Linux\"",
    "upgrade-insecure-requests": "1",
    "user-agent": "Mozilla/5.0 (X11; Linux x86_64) AppleWebKit/537.36 (KHTML, like Gecko) Chrome/130.0.0.0 Safari/537.36",
    "accept": "text/html,application/xhtml+xml,application/xml;q=0.9,image/avif,image/webp,image/apng,*/*;q=0.8,application/signed-exchange;v=b3;q=0.7",
    "sec-fetch-site": "none",
    "sec-fetch-mode": "navigate",
    "sec-fetch-user": "?1",
    "sec-fetch-dest": "document",
    "accept-encoding": "gzip, deflate, br, zstd",
    "accept-language": "en-US,en;q=0.9,fa;q=0.8",
    "cookie": "openrouter-api-key=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; openrouter-model=meta-llama/llama-3.1-405b-instruct:free; _csrf=-6LD5lyGNZmnOODBcveUpkuN"
  }
}
2024-11-18T13:18:14.593Z error: تعداد درخواست‌های شما از حد مجاز بیشتر شده است.
Error Location: rateLimiter.middleware.js:54 (Object.handler)
Full Path: /home/mhossein/Desktop/Cooleh.project/app/http/middlewares/rateLimiter.middleware.js
Stack Trace:
RateLimitError: تعداد درخواست‌های شما از حد مجاز بیشتر شده است.
    at Object.handler (/home/mhossein/Desktop/Cooleh.project/app/http/middlewares/rateLimiter.middleware.js:54:15)
    at /home/mhossein/Desktop/Cooleh.project/node_modules/express-rate-limit/dist/index.cjs:749:16
    at processTicksAndRejections (node:internal/process/task_queues:95:5)
    at /home/mhossein/Desktop/Cooleh.project/node_modules/express-rate-limit/dist/index.cjs:650:5
Metadata:
{
  "metadata": {
    "service": "user-service",
    "environment": "development",
    "trackingId": "5ce3f982-8877-40d1-a118-89955f2afdc6",
    "errorName": "RateLimitError",
    "statusCode": 429,
    "path": "/",
    "method": "GET",
    "ip": "::1",
    "userAgent": "Mozilla/5.0 (X11; Linux x86_64) AppleWebKit/537.36 (KHTML, like Gecko) Chrome/130.0.0.0 Safari/537.36",
    "requestBody": {},
    "requestQuery": {},
    "requestHeaders": {
      "host": "localhost:7000",
      "connection": "keep-alive",
      "cache-control": "max-age=0",
      "sec-ch-ua": "\"Chromium\";v=\"130\", \"Google Chrome\";v=\"130\", \"Not?A_Brand\";v=\"99\"",
      "sec-ch-ua-mobile": "?0",
      "sec-ch-ua-platform": "\"Linux\"",
      "upgrade-insecure-requests": "1",
      "user-agent": "Mozilla/5.0 (X11; Linux x86_64) AppleWebKit/537.36 (KHTML, like Gecko) Chrome/130.0.0.0 Safari/537.36",
      "accept": "text/html,application/xhtml+xml,application/xml;q=0.9,image/avif,image/webp,image/apng,*/*;q=0.8,application/signed-exchange;v=b3;q=0.7",
      "sec-fetch-site": "none",
      "sec-fetch-mode": "navigate",
      "sec-fetch-user": "?1",
      "sec-fetch-dest": "document",
      "accept-encoding": "gzip, deflate, br, zstd",
      "accept-language": "en-US,en;q=0.9,fa;q=0.8",
      "cookie": "openrouter-api-key=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; openrouter-model=meta-llama/llama-3.1-405b-instruct:free; _csrf=-6LD5lyGNZmnOODBcveUpkuN"
    }
  },
  "trackingId": "5ce3f982-8877-40d1-a118-89955f2afdc6",
  "errorName": "RateLimitError",
  "statusCode": 429,
  "path": "/",
  "method": "GET",
  "ip": "::1",
  "userAgent": "Mozilla/5.0 (X11; Linux x86_64) AppleWebKit/537.36 (KHTML, like Gecko) Chrome/130.0.0.0 Safari/537.36",
  "environment": "development",
  "requestBody": {},
  "requestQuery": {},
  "requestHeaders": {
    "host": "localhost:7000",
    "connection": "keep-alive",
    "cache-control": "max-age=0",
    "sec-ch-ua": "\"Chromium\";v=\"130\", \"Google Chrome\";v=\"130\", \"Not?A_Brand\";v=\"99\"",
    "sec-ch-ua-mobile": "?0",
    "sec-ch-ua-platform": "\"Linux\"",
    "upgrade-insecure-requests": "1",
    "user-agent": "Mozilla/5.0 (X11; Linux x86_64) AppleWebKit/537.36 (KHTML, like Gecko) Chrome/130.0.0.0 Safari/537.36",
    "accept": "text/html,application/xhtml+xml,application/xml;q=0.9,image/avif,image/webp,image/apng,*/*;q=0.8,application/signed-exchange;v=b3;q=0.7",
    "sec-fetch-site": "none",
    "sec-fetch-mode": "navigate",
    "sec-fetch-user": "?1",
    "sec-fetch-dest": "document",
    "accept-encoding": "gzip, deflate, br, zstd",
    "accept-language": "en-US,en;q=0.9,fa;q=0.8",
    "cookie": "openrouter-api-key=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; openrouter-model=meta-llama/llama-3.1-405b-instruct:free; _csrf=-6LD5lyGNZmnOODBcveUpkuN"
  }
}
2024-11-18T13:18:14.750Z error: تعداد درخواست‌های شما از حد مجاز بیشتر شده است.
Error Location: rateLimiter.middleware.js:54 (Object.handler)
Full Path: /home/mhossein/Desktop/Cooleh.project/app/http/middlewares/rateLimiter.middleware.js
Stack Trace:
RateLimitError: تعداد درخواست‌های شما از حد مجاز بیشتر شده است.
    at Object.handler (/home/mhossein/Desktop/Cooleh.project/app/http/middlewares/rateLimiter.middleware.js:54:15)
    at /home/mhossein/Desktop/Cooleh.project/node_modules/express-rate-limit/dist/index.cjs:749:16
    at processTicksAndRejections (node:internal/process/task_queues:95:5)
    at /home/mhossein/Desktop/Cooleh.project/node_modules/express-rate-limit/dist/index.cjs:650:5
Metadata:
{
  "metadata": {
    "service": "user-service",
    "environment": "development",
    "trackingId": "68903058-929c-42b7-8375-0a324f533678",
    "errorName": "RateLimitError",
    "statusCode": 429,
    "path": "/",
    "method": "GET",
    "ip": "::1",
    "userAgent": "Mozilla/5.0 (X11; Linux x86_64) AppleWebKit/537.36 (KHTML, like Gecko) Chrome/130.0.0.0 Safari/537.36",
    "requestBody": {},
    "requestQuery": {},
    "requestHeaders": {
      "host": "localhost:7000",
      "connection": "keep-alive",
      "cache-control": "max-age=0",
      "sec-ch-ua": "\"Chromium\";v=\"130\", \"Google Chrome\";v=\"130\", \"Not?A_Brand\";v=\"99\"",
      "sec-ch-ua-mobile": "?0",
      "sec-ch-ua-platform": "\"Linux\"",
      "upgrade-insecure-requests": "1",
      "user-agent": "Mozilla/5.0 (X11; Linux x86_64) AppleWebKit/537.36 (KHTML, like Gecko) Chrome/130.0.0.0 Safari/537.36",
      "accept": "text/html,application/xhtml+xml,application/xml;q=0.9,image/avif,image/webp,image/apng,*/*;q=0.8,application/signed-exchange;v=b3;q=0.7",
      "sec-fetch-site": "none",
      "sec-fetch-mode": "navigate",
      "sec-fetch-user": "?1",
      "sec-fetch-dest": "document",
      "accept-encoding": "gzip, deflate, br, zstd",
      "accept-language": "en-US,en;q=0.9,fa;q=0.8",
      "cookie": "openrouter-api-key=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; openrouter-model=meta-llama/llama-3.1-405b-instruct:free; _csrf=-6LD5lyGNZmnOODBcveUpkuN"
    }
  },
  "trackingId": "68903058-929c-42b7-8375-0a324f533678",
  "errorName": "RateLimitError",
  "statusCode": 429,
  "path": "/",
  "method": "GET",
  "ip": "::1",
  "userAgent": "Mozilla/5.0 (X11; Linux x86_64) AppleWebKit/537.36 (KHTML, like Gecko) Chrome/130.0.0.0 Safari/537.36",
  "environment": "development",
  "requestBody": {},
  "requestQuery": {},
  "requestHeaders": {
    "host": "localhost:7000",
    "connection": "keep-alive",
    "cache-control": "max-age=0",
    "sec-ch-ua": "\"Chromium\";v=\"130\", \"Google Chrome\";v=\"130\", \"Not?A_Brand\";v=\"99\"",
    "sec-ch-ua-mobile": "?0",
    "sec-ch-ua-platform": "\"Linux\"",
    "upgrade-insecure-requests": "1",
    "user-agent": "Mozilla/5.0 (X11; Linux x86_64) AppleWebKit/537.36 (KHTML, like Gecko) Chrome/130.0.0.0 Safari/537.36",
    "accept": "text/html,application/xhtml+xml,application/xml;q=0.9,image/avif,image/webp,image/apng,*/*;q=0.8,application/signed-exchange;v=b3;q=0.7",
    "sec-fetch-site": "none",
    "sec-fetch-mode": "navigate",
    "sec-fetch-user": "?1",
    "sec-fetch-dest": "document",
    "accept-encoding": "gzip, deflate, br, zstd",
    "accept-language": "en-US,en;q=0.9,fa;q=0.8",
    "cookie": "openrouter-api-key=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; openrouter-model=meta-llama/llama-3.1-405b-instruct:free; _csrf=-6LD5lyGNZmnOODBcveUpkuN"
  }
}
2024-11-18T13:18:14.924Z error: تعداد درخواست‌های شما از حد مجاز بیشتر شده است.
Error Location: rateLimiter.middleware.js:54 (Object.handler)
Full Path: /home/mhossein/Desktop/Cooleh.project/app/http/middlewares/rateLimiter.middleware.js
Stack Trace:
RateLimitError: تعداد درخواست‌های شما از حد مجاز بیشتر شده است.
    at Object.handler (/home/mhossein/Desktop/Cooleh.project/app/http/middlewares/rateLimiter.middleware.js:54:15)
    at /home/mhossein/Desktop/Cooleh.project/node_modules/express-rate-limit/dist/index.cjs:749:16
    at processTicksAndRejections (node:internal/process/task_queues:95:5)
    at /home/mhossein/Desktop/Cooleh.project/node_modules/express-rate-limit/dist/index.cjs:650:5
Metadata:
{
  "metadata": {
    "service": "user-service",
    "environment": "development",
    "trackingId": "3f9f0381-bfc1-4567-bf09-748065556722",
    "errorName": "RateLimitError",
    "statusCode": 429,
    "path": "/",
    "method": "GET",
    "ip": "::1",
    "userAgent": "Mozilla/5.0 (X11; Linux x86_64) AppleWebKit/537.36 (KHTML, like Gecko) Chrome/130.0.0.0 Safari/537.36",
    "requestBody": {},
    "requestQuery": {},
    "requestHeaders": {
      "host": "localhost:7000",
      "connection": "keep-alive",
      "cache-control": "max-age=0",
      "sec-ch-ua": "\"Chromium\";v=\"130\", \"Google Chrome\";v=\"130\", \"Not?A_Brand\";v=\"99\"",
      "sec-ch-ua-mobile": "?0",
      "sec-ch-ua-platform": "\"Linux\"",
      "upgrade-insecure-requests": "1",
      "user-agent": "Mozilla/5.0 (X11; Linux x86_64) AppleWebKit/537.36 (KHTML, like Gecko) Chrome/130.0.0.0 Safari/537.36",
      "accept": "text/html,application/xhtml+xml,application/xml;q=0.9,image/avif,image/webp,image/apng,*/*;q=0.8,application/signed-exchange;v=b3;q=0.7",
      "sec-fetch-site": "none",
      "sec-fetch-mode": "navigate",
      "sec-fetch-user": "?1",
      "sec-fetch-dest": "document",
      "accept-encoding": "gzip, deflate, br, zstd",
      "accept-language": "en-US,en;q=0.9,fa;q=0.8",
      "cookie": "openrouter-api-key=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; openrouter-model=meta-llama/llama-3.1-405b-instruct:free; _csrf=-6LD5lyGNZmnOODBcveUpkuN"
    }
  },
  "trackingId": "3f9f0381-bfc1-4567-bf09-748065556722",
  "errorName": "RateLimitError",
  "statusCode": 429,
  "path": "/",
  "method": "GET",
  "ip": "::1",
  "userAgent": "Mozilla/5.0 (X11; Linux x86_64) AppleWebKit/537.36 (KHTML, like Gecko) Chrome/130.0.0.0 Safari/537.36",
  "environment": "development",
  "requestBody": {},
  "requestQuery": {},
  "requestHeaders": {
    "host": "localhost:7000",
    "connection": "keep-alive",
    "cache-control": "max-age=0",
    "sec-ch-ua": "\"Chromium\";v=\"130\", \"Google Chrome\";v=\"130\", \"Not?A_Brand\";v=\"99\"",
    "sec-ch-ua-mobile": "?0",
    "sec-ch-ua-platform": "\"Linux\"",
    "upgrade-insecure-requests": "1",
    "user-agent": "Mozilla/5.0 (X11; Linux x86_64) AppleWebKit/537.36 (KHTML, like Gecko) Chrome/130.0.0.0 Safari/537.36",
    "accept": "text/html,application/xhtml+xml,application/xml;q=0.9,image/avif,image/webp,image/apng,*/*;q=0.8,application/signed-exchange;v=b3;q=0.7",
    "sec-fetch-site": "none",
    "sec-fetch-mode": "navigate",
    "sec-fetch-user": "?1",
    "sec-fetch-dest": "document",
    "accept-encoding": "gzip, deflate, br, zstd",
    "accept-language": "en-US,en;q=0.9,fa;q=0.8",
    "cookie": "openrouter-api-key=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; openrouter-model=meta-llama/llama-3.1-405b-instruct:free; _csrf=-6LD5lyGNZmnOODBcveUpkuN"
  }
}
2024-11-18T13:18:15.086Z error: تعداد درخواست‌های شما از حد مجاز بیشتر شده است.
Error Location: rateLimiter.middleware.js:54 (Object.handler)
Full Path: /home/mhossein/Desktop/Cooleh.project/app/http/middlewares/rateLimiter.middleware.js
Stack Trace:
RateLimitError: تعداد درخواست‌های شما از حد مجاز بیشتر شده است.
    at Object.handler (/home/mhossein/Desktop/Cooleh.project/app/http/middlewares/rateLimiter.middleware.js:54:15)
    at /home/mhossein/Desktop/Cooleh.project/node_modules/express-rate-limit/dist/index.cjs:749:16
    at processTicksAndRejections (node:internal/process/task_queues:95:5)
    at /home/mhossein/Desktop/Cooleh.project/node_modules/express-rate-limit/dist/index.cjs:650:5
Metadata:
{
  "metadata": {
    "service": "user-service",
    "environment": "development",
    "trackingId": "cd568987-a77e-4fa5-8890-0d62be5415c6",
    "errorName": "RateLimitError",
    "statusCode": 429,
    "path": "/",
    "method": "GET",
    "ip": "::1",
    "userAgent": "Mozilla/5.0 (X11; Linux x86_64) AppleWebKit/537.36 (KHTML, like Gecko) Chrome/130.0.0.0 Safari/537.36",
    "requestBody": {},
    "requestQuery": {},
    "requestHeaders": {
      "host": "localhost:7000",
      "connection": "keep-alive",
      "cache-control": "max-age=0",
      "sec-ch-ua": "\"Chromium\";v=\"130\", \"Google Chrome\";v=\"130\", \"Not?A_Brand\";v=\"99\"",
      "sec-ch-ua-mobile": "?0",
      "sec-ch-ua-platform": "\"Linux\"",
      "upgrade-insecure-requests": "1",
      "user-agent": "Mozilla/5.0 (X11; Linux x86_64) AppleWebKit/537.36 (KHTML, like Gecko) Chrome/130.0.0.0 Safari/537.36",
      "accept": "text/html,application/xhtml+xml,application/xml;q=0.9,image/avif,image/webp,image/apng,*/*;q=0.8,application/signed-exchange;v=b3;q=0.7",
      "sec-fetch-site": "none",
      "sec-fetch-mode": "navigate",
      "sec-fetch-user": "?1",
      "sec-fetch-dest": "document",
      "accept-encoding": "gzip, deflate, br, zstd",
      "accept-language": "en-US,en;q=0.9,fa;q=0.8",
      "cookie": "openrouter-api-key=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; openrouter-model=meta-llama/llama-3.1-405b-instruct:free; _csrf=-6LD5lyGNZmnOODBcveUpkuN"
    }
  },
  "trackingId": "cd568987-a77e-4fa5-8890-0d62be5415c6",
  "errorName": "RateLimitError",
  "statusCode": 429,
  "path": "/",
  "method": "GET",
  "ip": "::1",
  "userAgent": "Mozilla/5.0 (X11; Linux x86_64) AppleWebKit/537.36 (KHTML, like Gecko) Chrome/130.0.0.0 Safari/537.36",
  "environment": "development",
  "requestBody": {},
  "requestQuery": {},
  "requestHeaders": {
    "host": "localhost:7000",
    "connection": "keep-alive",
    "cache-control": "max-age=0",
    "sec-ch-ua": "\"Chromium\";v=\"130\", \"Google Chrome\";v=\"130\", \"Not?A_Brand\";v=\"99\"",
    "sec-ch-ua-mobile": "?0",
    "sec-ch-ua-platform": "\"Linux\"",
    "upgrade-insecure-requests": "1",
    "user-agent": "Mozilla/5.0 (X11; Linux x86_64) AppleWebKit/537.36 (KHTML, like Gecko) Chrome/130.0.0.0 Safari/537.36",
    "accept": "text/html,application/xhtml+xml,application/xml;q=0.9,image/avif,image/webp,image/apng,*/*;q=0.8,application/signed-exchange;v=b3;q=0.7",
    "sec-fetch-site": "none",
    "sec-fetch-mode": "navigate",
    "sec-fetch-user": "?1",
    "sec-fetch-dest": "document",
    "accept-encoding": "gzip, deflate, br, zstd",
    "accept-language": "en-US,en;q=0.9,fa;q=0.8",
    "cookie": "openrouter-api-key=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; openrouter-model=meta-llama/llama-3.1-405b-instruct:free; _csrf=-6LD5lyGNZmnOODBcveUpkuN"
  }
}
2024-11-18T13:18:15.260Z error: تعداد درخواست‌های شما از حد مجاز بیشتر شده است.
Error Location: rateLimiter.middleware.js:54 (Object.handler)
Full Path: /home/mhossein/Desktop/Cooleh.project/app/http/middlewares/rateLimiter.middleware.js
Stack Trace:
RateLimitError: تعداد درخواست‌های شما از حد مجاز بیشتر شده است.
    at Object.handler (/home/mhossein/Desktop/Cooleh.project/app/http/middlewares/rateLimiter.middleware.js:54:15)
    at /home/mhossein/Desktop/Cooleh.project/node_modules/express-rate-limit/dist/index.cjs:749:16
    at processTicksAndRejections (node:internal/process/task_queues:95:5)
    at /home/mhossein/Desktop/Cooleh.project/node_modules/express-rate-limit/dist/index.cjs:650:5
Metadata:
{
  "metadata": {
    "service": "user-service",
    "environment": "development",
    "trackingId": "bf737269-8f12-4b34-9786-ea61789381c6",
    "errorName": "RateLimitError",
    "statusCode": 429,
    "path": "/",
    "method": "GET",
    "ip": "::1",
    "userAgent": "Mozilla/5.0 (X11; Linux x86_64) AppleWebKit/537.36 (KHTML, like Gecko) Chrome/130.0.0.0 Safari/537.36",
    "requestBody": {},
    "requestQuery": {},
    "requestHeaders": {
      "host": "localhost:7000",
      "connection": "keep-alive",
      "cache-control": "max-age=0",
      "sec-ch-ua": "\"Chromium\";v=\"130\", \"Google Chrome\";v=\"130\", \"Not?A_Brand\";v=\"99\"",
      "sec-ch-ua-mobile": "?0",
      "sec-ch-ua-platform": "\"Linux\"",
      "upgrade-insecure-requests": "1",
      "user-agent": "Mozilla/5.0 (X11; Linux x86_64) AppleWebKit/537.36 (KHTML, like Gecko) Chrome/130.0.0.0 Safari/537.36",
      "accept": "text/html,application/xhtml+xml,application/xml;q=0.9,image/avif,image/webp,image/apng,*/*;q=0.8,application/signed-exchange;v=b3;q=0.7",
      "sec-fetch-site": "none",
      "sec-fetch-mode": "navigate",
      "sec-fetch-user": "?1",
      "sec-fetch-dest": "document",
      "accept-encoding": "gzip, deflate, br, zstd",
      "accept-language": "en-US,en;q=0.9,fa;q=0.8",
      "cookie": "openrouter-api-key=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; openrouter-model=meta-llama/llama-3.1-405b-instruct:free; _csrf=-6LD5lyGNZmnOODBcveUpkuN"
    }
  },
  "trackingId": "bf737269-8f12-4b34-9786-ea61789381c6",
  "errorName": "RateLimitError",
  "statusCode": 429,
  "path": "/",
  "method": "GET",
  "ip": "::1",
  "userAgent": "Mozilla/5.0 (X11; Linux x86_64) AppleWebKit/537.36 (KHTML, like Gecko) Chrome/130.0.0.0 Safari/537.36",
  "environment": "development",
  "requestBody": {},
  "requestQuery": {},
  "requestHeaders": {
    "host": "localhost:7000",
    "connection": "keep-alive",
    "cache-control": "max-age=0",
    "sec-ch-ua": "\"Chromium\";v=\"130\", \"Google Chrome\";v=\"130\", \"Not?A_Brand\";v=\"99\"",
    "sec-ch-ua-mobile": "?0",
    "sec-ch-ua-platform": "\"Linux\"",
    "upgrade-insecure-requests": "1",
    "user-agent": "Mozilla/5.0 (X11; Linux x86_64) AppleWebKit/537.36 (KHTML, like Gecko) Chrome/130.0.0.0 Safari/537.36",
    "accept": "text/html,application/xhtml+xml,application/xml;q=0.9,image/avif,image/webp,image/apng,*/*;q=0.8,application/signed-exchange;v=b3;q=0.7",
    "sec-fetch-site": "none",
    "sec-fetch-mode": "navigate",
    "sec-fetch-user": "?1",
    "sec-fetch-dest": "document",
    "accept-encoding": "gzip, deflate, br, zstd",
    "accept-language": "en-US,en;q=0.9,fa;q=0.8",
    "cookie": "openrouter-api-key=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; openrouter-model=meta-llama/llama-3.1-405b-instruct:free; _csrf=-6LD5lyGNZmnOODBcveUpkuN"
  }
}
2024-11-18T13:18:15.439Z error: تعداد درخواست‌های شما از حد مجاز بیشتر شده است.
Error Location: rateLimiter.middleware.js:54 (Object.handler)
Full Path: /home/mhossein/Desktop/Cooleh.project/app/http/middlewares/rateLimiter.middleware.js
Stack Trace:
RateLimitError: تعداد درخواست‌های شما از حد مجاز بیشتر شده است.
    at Object.handler (/home/mhossein/Desktop/Cooleh.project/app/http/middlewares/rateLimiter.middleware.js:54:15)
    at /home/mhossein/Desktop/Cooleh.project/node_modules/express-rate-limit/dist/index.cjs:749:16
    at processTicksAndRejections (node:internal/process/task_queues:95:5)
    at /home/mhossein/Desktop/Cooleh.project/node_modules/express-rate-limit/dist/index.cjs:650:5
Metadata:
{
  "metadata": {
    "service": "user-service",
    "environment": "development",
    "trackingId": "77162f62-cb57-40db-8285-249b29c3dcc3",
    "errorName": "RateLimitError",
    "statusCode": 429,
    "path": "/",
    "method": "GET",
    "ip": "::1",
    "userAgent": "Mozilla/5.0 (X11; Linux x86_64) AppleWebKit/537.36 (KHTML, like Gecko) Chrome/130.0.0.0 Safari/537.36",
    "requestBody": {},
    "requestQuery": {},
    "requestHeaders": {
      "host": "localhost:7000",
      "connection": "keep-alive",
      "cache-control": "max-age=0",
      "sec-ch-ua": "\"Chromium\";v=\"130\", \"Google Chrome\";v=\"130\", \"Not?A_Brand\";v=\"99\"",
      "sec-ch-ua-mobile": "?0",
      "sec-ch-ua-platform": "\"Linux\"",
      "upgrade-insecure-requests": "1",
      "user-agent": "Mozilla/5.0 (X11; Linux x86_64) AppleWebKit/537.36 (KHTML, like Gecko) Chrome/130.0.0.0 Safari/537.36",
      "accept": "text/html,application/xhtml+xml,application/xml;q=0.9,image/avif,image/webp,image/apng,*/*;q=0.8,application/signed-exchange;v=b3;q=0.7",
      "sec-fetch-site": "none",
      "sec-fetch-mode": "navigate",
      "sec-fetch-user": "?1",
      "sec-fetch-dest": "document",
      "accept-encoding": "gzip, deflate, br, zstd",
      "accept-language": "en-US,en;q=0.9,fa;q=0.8",
      "cookie": "openrouter-api-key=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; openrouter-model=meta-llama/llama-3.1-405b-instruct:free; _csrf=-6LD5lyGNZmnOODBcveUpkuN"
    }
  },
  "trackingId": "77162f62-cb57-40db-8285-249b29c3dcc3",
  "errorName": "RateLimitError",
  "statusCode": 429,
  "path": "/",
  "method": "GET",
  "ip": "::1",
  "userAgent": "Mozilla/5.0 (X11; Linux x86_64) AppleWebKit/537.36 (KHTML, like Gecko) Chrome/130.0.0.0 Safari/537.36",
  "environment": "development",
  "requestBody": {},
  "requestQuery": {},
  "requestHeaders": {
    "host": "localhost:7000",
    "connection": "keep-alive",
    "cache-control": "max-age=0",
    "sec-ch-ua": "\"Chromium\";v=\"130\", \"Google Chrome\";v=\"130\", \"Not?A_Brand\";v=\"99\"",
    "sec-ch-ua-mobile": "?0",
    "sec-ch-ua-platform": "\"Linux\"",
    "upgrade-insecure-requests": "1",
    "user-agent": "Mozilla/5.0 (X11; Linux x86_64) AppleWebKit/537.36 (KHTML, like Gecko) Chrome/130.0.0.0 Safari/537.36",
    "accept": "text/html,application/xhtml+xml,application/xml;q=0.9,image/avif,image/webp,image/apng,*/*;q=0.8,application/signed-exchange;v=b3;q=0.7",
    "sec-fetch-site": "none",
    "sec-fetch-mode": "navigate",
    "sec-fetch-user": "?1",
    "sec-fetch-dest": "document",
    "accept-encoding": "gzip, deflate, br, zstd",
    "accept-language": "en-US,en;q=0.9,fa;q=0.8",
    "cookie": "openrouter-api-key=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; openrouter-model=meta-llama/llama-3.1-405b-instruct:free; _csrf=-6LD5lyGNZmnOODBcveUpkuN"
  }
}
2024-11-18T13:18:15.597Z error: تعداد درخواست‌های شما از حد مجاز بیشتر شده است.
Error Location: rateLimiter.middleware.js:54 (Object.handler)
Full Path: /home/mhossein/Desktop/Cooleh.project/app/http/middlewares/rateLimiter.middleware.js
Stack Trace:
RateLimitError: تعداد درخواست‌های شما از حد مجاز بیشتر شده است.
    at Object.handler (/home/mhossein/Desktop/Cooleh.project/app/http/middlewares/rateLimiter.middleware.js:54:15)
    at /home/mhossein/Desktop/Cooleh.project/node_modules/express-rate-limit/dist/index.cjs:749:16
    at processTicksAndRejections (node:internal/process/task_queues:95:5)
    at /home/mhossein/Desktop/Cooleh.project/node_modules/express-rate-limit/dist/index.cjs:650:5
Metadata:
{
  "metadata": {
    "service": "user-service",
    "environment": "development",
    "trackingId": "eefcd865-5794-4e19-ab0b-5bae91da6c74",
    "errorName": "RateLimitError",
    "statusCode": 429,
    "path": "/",
    "method": "GET",
    "ip": "::1",
    "userAgent": "Mozilla/5.0 (X11; Linux x86_64) AppleWebKit/537.36 (KHTML, like Gecko) Chrome/130.0.0.0 Safari/537.36",
    "requestBody": {},
    "requestQuery": {},
    "requestHeaders": {
      "host": "localhost:7000",
      "connection": "keep-alive",
      "cache-control": "max-age=0",
      "sec-ch-ua": "\"Chromium\";v=\"130\", \"Google Chrome\";v=\"130\", \"Not?A_Brand\";v=\"99\"",
      "sec-ch-ua-mobile": "?0",
      "sec-ch-ua-platform": "\"Linux\"",
      "upgrade-insecure-requests": "1",
      "user-agent": "Mozilla/5.0 (X11; Linux x86_64) AppleWebKit/537.36 (KHTML, like Gecko) Chrome/130.0.0.0 Safari/537.36",
      "accept": "text/html,application/xhtml+xml,application/xml;q=0.9,image/avif,image/webp,image/apng,*/*;q=0.8,application/signed-exchange;v=b3;q=0.7",
      "sec-fetch-site": "none",
      "sec-fetch-mode": "navigate",
      "sec-fetch-user": "?1",
      "sec-fetch-dest": "document",
      "accept-encoding": "gzip, deflate, br, zstd",
      "accept-language": "en-US,en;q=0.9,fa;q=0.8",
      "cookie": "openrouter-api-key=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; openrouter-model=meta-llama/llama-3.1-405b-instruct:free; _csrf=-6LD5lyGNZmnOODBcveUpkuN"
    }
  },
  "trackingId": "eefcd865-5794-4e19-ab0b-5bae91da6c74",
  "errorName": "RateLimitError",
  "statusCode": 429,
  "path": "/",
  "method": "GET",
  "ip": "::1",
  "userAgent": "Mozilla/5.0 (X11; Linux x86_64) AppleWebKit/537.36 (KHTML, like Gecko) Chrome/130.0.0.0 Safari/537.36",
  "environment": "development",
  "requestBody": {},
  "requestQuery": {},
  "requestHeaders": {
    "host": "localhost:7000",
    "connection": "keep-alive",
    "cache-control": "max-age=0",
    "sec-ch-ua": "\"Chromium\";v=\"130\", \"Google Chrome\";v=\"130\", \"Not?A_Brand\";v=\"99\"",
    "sec-ch-ua-mobile": "?0",
    "sec-ch-ua-platform": "\"Linux\"",
    "upgrade-insecure-requests": "1",
    "user-agent": "Mozilla/5.0 (X11; Linux x86_64) AppleWebKit/537.36 (KHTML, like Gecko) Chrome/130.0.0.0 Safari/537.36",
    "accept": "text/html,application/xhtml+xml,application/xml;q=0.9,image/avif,image/webp,image/apng,*/*;q=0.8,application/signed-exchange;v=b3;q=0.7",
    "sec-fetch-site": "none",
    "sec-fetch-mode": "navigate",
    "sec-fetch-user": "?1",
    "sec-fetch-dest": "document",
    "accept-encoding": "gzip, deflate, br, zstd",
    "accept-language": "en-US,en;q=0.9,fa;q=0.8",
    "cookie": "openrouter-api-key=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; openrouter-model=meta-llama/llama-3.1-405b-instruct:free; _csrf=-6LD5lyGNZmnOODBcveUpkuN"
  }
}
2024-11-18T13:18:15.761Z error: تعداد درخواست‌های شما از حد مجاز بیشتر شده است.
Error Location: rateLimiter.middleware.js:54 (Object.handler)
Full Path: /home/mhossein/Desktop/Cooleh.project/app/http/middlewares/rateLimiter.middleware.js
Stack Trace:
RateLimitError: تعداد درخواست‌های شما از حد مجاز بیشتر شده است.
    at Object.handler (/home/mhossein/Desktop/Cooleh.project/app/http/middlewares/rateLimiter.middleware.js:54:15)
    at /home/mhossein/Desktop/Cooleh.project/node_modules/express-rate-limit/dist/index.cjs:749:16
    at processTicksAndRejections (node:internal/process/task_queues:95:5)
    at /home/mhossein/Desktop/Cooleh.project/node_modules/express-rate-limit/dist/index.cjs:650:5
Metadata:
{
  "metadata": {
    "service": "user-service",
    "environment": "development",
    "trackingId": "64f5c5b0-0e1e-4555-aaa7-c26a2ec94560",
    "errorName": "RateLimitError",
    "statusCode": 429,
    "path": "/",
    "method": "GET",
    "ip": "::1",
    "userAgent": "Mozilla/5.0 (X11; Linux x86_64) AppleWebKit/537.36 (KHTML, like Gecko) Chrome/130.0.0.0 Safari/537.36",
    "requestBody": {},
    "requestQuery": {},
    "requestHeaders": {
      "host": "localhost:7000",
      "connection": "keep-alive",
      "cache-control": "max-age=0",
      "sec-ch-ua": "\"Chromium\";v=\"130\", \"Google Chrome\";v=\"130\", \"Not?A_Brand\";v=\"99\"",
      "sec-ch-ua-mobile": "?0",
      "sec-ch-ua-platform": "\"Linux\"",
      "upgrade-insecure-requests": "1",
      "user-agent": "Mozilla/5.0 (X11; Linux x86_64) AppleWebKit/537.36 (KHTML, like Gecko) Chrome/130.0.0.0 Safari/537.36",
      "accept": "text/html,application/xhtml+xml,application/xml;q=0.9,image/avif,image/webp,image/apng,*/*;q=0.8,application/signed-exchange;v=b3;q=0.7",
      "sec-fetch-site": "none",
      "sec-fetch-mode": "navigate",
      "sec-fetch-user": "?1",
      "sec-fetch-dest": "document",
      "accept-encoding": "gzip, deflate, br, zstd",
      "accept-language": "en-US,en;q=0.9,fa;q=0.8",
      "cookie": "openrouter-api-key=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; openrouter-model=meta-llama/llama-3.1-405b-instruct:free; _csrf=-6LD5lyGNZmnOODBcveUpkuN"
    }
  },
  "trackingId": "64f5c5b0-0e1e-4555-aaa7-c26a2ec94560",
  "errorName": "RateLimitError",
  "statusCode": 429,
  "path": "/",
  "method": "GET",
  "ip": "::1",
  "userAgent": "Mozilla/5.0 (X11; Linux x86_64) AppleWebKit/537.36 (KHTML, like Gecko) Chrome/130.0.0.0 Safari/537.36",
  "environment": "development",
  "requestBody": {},
  "requestQuery": {},
  "requestHeaders": {
    "host": "localhost:7000",
    "connection": "keep-alive",
    "cache-control": "max-age=0",
    "sec-ch-ua": "\"Chromium\";v=\"130\", \"Google Chrome\";v=\"130\", \"Not?A_Brand\";v=\"99\"",
    "sec-ch-ua-mobile": "?0",
    "sec-ch-ua-platform": "\"Linux\"",
    "upgrade-insecure-requests": "1",
    "user-agent": "Mozilla/5.0 (X11; Linux x86_64) AppleWebKit/537.36 (KHTML, like Gecko) Chrome/130.0.0.0 Safari/537.36",
    "accept": "text/html,application/xhtml+xml,application/xml;q=0.9,image/avif,image/webp,image/apng,*/*;q=0.8,application/signed-exchange;v=b3;q=0.7",
    "sec-fetch-site": "none",
    "sec-fetch-mode": "navigate",
    "sec-fetch-user": "?1",
    "sec-fetch-dest": "document",
    "accept-encoding": "gzip, deflate, br, zstd",
    "accept-language": "en-US,en;q=0.9,fa;q=0.8",
    "cookie": "openrouter-api-key=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; openrouter-model=meta-llama/llama-3.1-405b-instruct:free; _csrf=-6LD5lyGNZmnOODBcveUpkuN"
  }
}
2024-11-18T13:18:15.919Z error: تعداد درخواست‌های شما از حد مجاز بیشتر شده است.
Error Location: rateLimiter.middleware.js:54 (Object.handler)
Full Path: /home/mhossein/Desktop/Cooleh.project/app/http/middlewares/rateLimiter.middleware.js
Stack Trace:
RateLimitError: تعداد درخواست‌های شما از حد مجاز بیشتر شده است.
    at Object.handler (/home/mhossein/Desktop/Cooleh.project/app/http/middlewares/rateLimiter.middleware.js:54:15)
    at /home/mhossein/Desktop/Cooleh.project/node_modules/express-rate-limit/dist/index.cjs:749:16
    at processTicksAndRejections (node:internal/process/task_queues:95:5)
    at /home/mhossein/Desktop/Cooleh.project/node_modules/express-rate-limit/dist/index.cjs:650:5
Metadata:
{
  "metadata": {
    "service": "user-service",
    "environment": "development",
    "trackingId": "9f2d375a-f962-40bf-9d28-82f624c6fe5f",
    "errorName": "RateLimitError",
    "statusCode": 429,
    "path": "/",
    "method": "GET",
    "ip": "::1",
    "userAgent": "Mozilla/5.0 (X11; Linux x86_64) AppleWebKit/537.36 (KHTML, like Gecko) Chrome/130.0.0.0 Safari/537.36",
    "requestBody": {},
    "requestQuery": {},
    "requestHeaders": {
      "host": "localhost:7000",
      "connection": "keep-alive",
      "cache-control": "max-age=0",
      "sec-ch-ua": "\"Chromium\";v=\"130\", \"Google Chrome\";v=\"130\", \"Not?A_Brand\";v=\"99\"",
      "sec-ch-ua-mobile": "?0",
      "sec-ch-ua-platform": "\"Linux\"",
      "upgrade-insecure-requests": "1",
      "user-agent": "Mozilla/5.0 (X11; Linux x86_64) AppleWebKit/537.36 (KHTML, like Gecko) Chrome/130.0.0.0 Safari/537.36",
      "accept": "text/html,application/xhtml+xml,application/xml;q=0.9,image/avif,image/webp,image/apng,*/*;q=0.8,application/signed-exchange;v=b3;q=0.7",
      "sec-fetch-site": "none",
      "sec-fetch-mode": "navigate",
      "sec-fetch-user": "?1",
      "sec-fetch-dest": "document",
      "accept-encoding": "gzip, deflate, br, zstd",
      "accept-language": "en-US,en;q=0.9,fa;q=0.8",
      "cookie": "openrouter-api-key=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; openrouter-model=meta-llama/llama-3.1-405b-instruct:free; _csrf=-6LD5lyGNZmnOODBcveUpkuN"
    }
  },
  "trackingId": "9f2d375a-f962-40bf-9d28-82f624c6fe5f",
  "errorName": "RateLimitError",
  "statusCode": 429,
  "path": "/",
  "method": "GET",
  "ip": "::1",
  "userAgent": "Mozilla/5.0 (X11; Linux x86_64) AppleWebKit/537.36 (KHTML, like Gecko) Chrome/130.0.0.0 Safari/537.36",
  "environment": "development",
  "requestBody": {},
  "requestQuery": {},
  "requestHeaders": {
    "host": "localhost:7000",
    "connection": "keep-alive",
    "cache-control": "max-age=0",
    "sec-ch-ua": "\"Chromium\";v=\"130\", \"Google Chrome\";v=\"130\", \"Not?A_Brand\";v=\"99\"",
    "sec-ch-ua-mobile": "?0",
    "sec-ch-ua-platform": "\"Linux\"",
    "upgrade-insecure-requests": "1",
    "user-agent": "Mozilla/5.0 (X11; Linux x86_64) AppleWebKit/537.36 (KHTML, like Gecko) Chrome/130.0.0.0 Safari/537.36",
    "accept": "text/html,application/xhtml+xml,application/xml;q=0.9,image/avif,image/webp,image/apng,*/*;q=0.8,application/signed-exchange;v=b3;q=0.7",
    "sec-fetch-site": "none",
    "sec-fetch-mode": "navigate",
    "sec-fetch-user": "?1",
    "sec-fetch-dest": "document",
    "accept-encoding": "gzip, deflate, br, zstd",
    "accept-language": "en-US,en;q=0.9,fa;q=0.8",
    "cookie": "openrouter-api-key=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; openrouter-model=meta-llama/llama-3.1-405b-instruct:free; _csrf=-6LD5lyGNZmnOODBcveUpkuN"
  }
}
2024-11-18T13:18:16.060Z error: تعداد درخواست‌های شما از حد مجاز بیشتر شده است.
Error Location: rateLimiter.middleware.js:54 (Object.handler)
Full Path: /home/mhossein/Desktop/Cooleh.project/app/http/middlewares/rateLimiter.middleware.js
Stack Trace:
RateLimitError: تعداد درخواست‌های شما از حد مجاز بیشتر شده است.
    at Object.handler (/home/mhossein/Desktop/Cooleh.project/app/http/middlewares/rateLimiter.middleware.js:54:15)
    at /home/mhossein/Desktop/Cooleh.project/node_modules/express-rate-limit/dist/index.cjs:749:16
    at processTicksAndRejections (node:internal/process/task_queues:95:5)
    at /home/mhossein/Desktop/Cooleh.project/node_modules/express-rate-limit/dist/index.cjs:650:5
Metadata:
{
  "metadata": {
    "service": "user-service",
    "environment": "development",
    "trackingId": "ad62b30e-ab89-43ac-807b-43eb653ed94c",
    "errorName": "RateLimitError",
    "statusCode": 429,
    "path": "/",
    "method": "GET",
    "ip": "::1",
    "userAgent": "Mozilla/5.0 (X11; Linux x86_64) AppleWebKit/537.36 (KHTML, like Gecko) Chrome/130.0.0.0 Safari/537.36",
    "requestBody": {},
    "requestQuery": {},
    "requestHeaders": {
      "host": "localhost:7000",
      "connection": "keep-alive",
      "cache-control": "max-age=0",
      "sec-ch-ua": "\"Chromium\";v=\"130\", \"Google Chrome\";v=\"130\", \"Not?A_Brand\";v=\"99\"",
      "sec-ch-ua-mobile": "?0",
      "sec-ch-ua-platform": "\"Linux\"",
      "upgrade-insecure-requests": "1",
      "user-agent": "Mozilla/5.0 (X11; Linux x86_64) AppleWebKit/537.36 (KHTML, like Gecko) Chrome/130.0.0.0 Safari/537.36",
      "accept": "text/html,application/xhtml+xml,application/xml;q=0.9,image/avif,image/webp,image/apng,*/*;q=0.8,application/signed-exchange;v=b3;q=0.7",
      "sec-fetch-site": "none",
      "sec-fetch-mode": "navigate",
      "sec-fetch-user": "?1",
      "sec-fetch-dest": "document",
      "accept-encoding": "gzip, deflate, br, zstd",
      "accept-language": "en-US,en;q=0.9,fa;q=0.8",
      "cookie": "openrouter-api-key=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; openrouter-model=meta-llama/llama-3.1-405b-instruct:free; _csrf=-6LD5lyGNZmnOODBcveUpkuN"
    }
  },
  "trackingId": "ad62b30e-ab89-43ac-807b-43eb653ed94c",
  "errorName": "RateLimitError",
  "statusCode": 429,
  "path": "/",
  "method": "GET",
  "ip": "::1",
  "userAgent": "Mozilla/5.0 (X11; Linux x86_64) AppleWebKit/537.36 (KHTML, like Gecko) Chrome/130.0.0.0 Safari/537.36",
  "environment": "development",
  "requestBody": {},
  "requestQuery": {},
  "requestHeaders": {
    "host": "localhost:7000",
    "connection": "keep-alive",
    "cache-control": "max-age=0",
    "sec-ch-ua": "\"Chromium\";v=\"130\", \"Google Chrome\";v=\"130\", \"Not?A_Brand\";v=\"99\"",
    "sec-ch-ua-mobile": "?0",
    "sec-ch-ua-platform": "\"Linux\"",
    "upgrade-insecure-requests": "1",
    "user-agent": "Mozilla/5.0 (X11; Linux x86_64) AppleWebKit/537.36 (KHTML, like Gecko) Chrome/130.0.0.0 Safari/537.36",
    "accept": "text/html,application/xhtml+xml,application/xml;q=0.9,image/avif,image/webp,image/apng,*/*;q=0.8,application/signed-exchange;v=b3;q=0.7",
    "sec-fetch-site": "none",
    "sec-fetch-mode": "navigate",
    "sec-fetch-user": "?1",
    "sec-fetch-dest": "document",
    "accept-encoding": "gzip, deflate, br, zstd",
    "accept-language": "en-US,en;q=0.9,fa;q=0.8",
    "cookie": "openrouter-api-key=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; openrouter-model=meta-llama/llama-3.1-405b-instruct:free; _csrf=-6LD5lyGNZmnOODBcveUpkuN"
  }
}
2024-11-18T13:18:16.222Z error: تعداد درخواست‌های شما از حد مجاز بیشتر شده است.
Error Location: rateLimiter.middleware.js:54 (Object.handler)
Full Path: /home/mhossein/Desktop/Cooleh.project/app/http/middlewares/rateLimiter.middleware.js
Stack Trace:
RateLimitError: تعداد درخواست‌های شما از حد مجاز بیشتر شده است.
    at Object.handler (/home/mhossein/Desktop/Cooleh.project/app/http/middlewares/rateLimiter.middleware.js:54:15)
    at /home/mhossein/Desktop/Cooleh.project/node_modules/express-rate-limit/dist/index.cjs:749:16
    at processTicksAndRejections (node:internal/process/task_queues:95:5)
    at /home/mhossein/Desktop/Cooleh.project/node_modules/express-rate-limit/dist/index.cjs:650:5
Metadata:
{
  "metadata": {
    "service": "user-service",
    "environment": "development",
    "trackingId": "4d5dbde2-ec2d-491b-865f-d0e37774b72f",
    "errorName": "RateLimitError",
    "statusCode": 429,
    "path": "/",
    "method": "GET",
    "ip": "::1",
    "userAgent": "Mozilla/5.0 (X11; Linux x86_64) AppleWebKit/537.36 (KHTML, like Gecko) Chrome/130.0.0.0 Safari/537.36",
    "requestBody": {},
    "requestQuery": {},
    "requestHeaders": {
      "host": "localhost:7000",
      "connection": "keep-alive",
      "cache-control": "max-age=0",
      "sec-ch-ua": "\"Chromium\";v=\"130\", \"Google Chrome\";v=\"130\", \"Not?A_Brand\";v=\"99\"",
      "sec-ch-ua-mobile": "?0",
      "sec-ch-ua-platform": "\"Linux\"",
      "upgrade-insecure-requests": "1",
      "user-agent": "Mozilla/5.0 (X11; Linux x86_64) AppleWebKit/537.36 (KHTML, like Gecko) Chrome/130.0.0.0 Safari/537.36",
      "accept": "text/html,application/xhtml+xml,application/xml;q=0.9,image/avif,image/webp,image/apng,*/*;q=0.8,application/signed-exchange;v=b3;q=0.7",
      "sec-fetch-site": "none",
      "sec-fetch-mode": "navigate",
      "sec-fetch-user": "?1",
      "sec-fetch-dest": "document",
      "accept-encoding": "gzip, deflate, br, zstd",
      "accept-language": "en-US,en;q=0.9,fa;q=0.8",
      "cookie": "openrouter-api-key=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; openrouter-model=meta-llama/llama-3.1-405b-instruct:free; _csrf=-6LD5lyGNZmnOODBcveUpkuN"
    }
  },
  "trackingId": "4d5dbde2-ec2d-491b-865f-d0e37774b72f",
  "errorName": "RateLimitError",
  "statusCode": 429,
  "path": "/",
  "method": "GET",
  "ip": "::1",
  "userAgent": "Mozilla/5.0 (X11; Linux x86_64) AppleWebKit/537.36 (KHTML, like Gecko) Chrome/130.0.0.0 Safari/537.36",
  "environment": "development",
  "requestBody": {},
  "requestQuery": {},
  "requestHeaders": {
    "host": "localhost:7000",
    "connection": "keep-alive",
    "cache-control": "max-age=0",
    "sec-ch-ua": "\"Chromium\";v=\"130\", \"Google Chrome\";v=\"130\", \"Not?A_Brand\";v=\"99\"",
    "sec-ch-ua-mobile": "?0",
    "sec-ch-ua-platform": "\"Linux\"",
    "upgrade-insecure-requests": "1",
    "user-agent": "Mozilla/5.0 (X11; Linux x86_64) AppleWebKit/537.36 (KHTML, like Gecko) Chrome/130.0.0.0 Safari/537.36",
    "accept": "text/html,application/xhtml+xml,application/xml;q=0.9,image/avif,image/webp,image/apng,*/*;q=0.8,application/signed-exchange;v=b3;q=0.7",
    "sec-fetch-site": "none",
    "sec-fetch-mode": "navigate",
    "sec-fetch-user": "?1",
    "sec-fetch-dest": "document",
    "accept-encoding": "gzip, deflate, br, zstd",
    "accept-language": "en-US,en;q=0.9,fa;q=0.8",
    "cookie": "openrouter-api-key=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; openrouter-model=meta-llama/llama-3.1-405b-instruct:free; _csrf=-6LD5lyGNZmnOODBcveUpkuN"
  }
}
2024-11-18T13:18:16.355Z error: تعداد درخواست‌های شما از حد مجاز بیشتر شده است.
Error Location: rateLimiter.middleware.js:54 (Object.handler)
Full Path: /home/mhossein/Desktop/Cooleh.project/app/http/middlewares/rateLimiter.middleware.js
Stack Trace:
RateLimitError: تعداد درخواست‌های شما از حد مجاز بیشتر شده است.
    at Object.handler (/home/mhossein/Desktop/Cooleh.project/app/http/middlewares/rateLimiter.middleware.js:54:15)
    at /home/mhossein/Desktop/Cooleh.project/node_modules/express-rate-limit/dist/index.cjs:749:16
    at processTicksAndRejections (node:internal/process/task_queues:95:5)
    at /home/mhossein/Desktop/Cooleh.project/node_modules/express-rate-limit/dist/index.cjs:650:5
Metadata:
{
  "metadata": {
    "service": "user-service",
    "environment": "development",
    "trackingId": "6f08280e-653e-410f-8569-4cfcc24b755b",
    "errorName": "RateLimitError",
    "statusCode": 429,
    "path": "/",
    "method": "GET",
    "ip": "::1",
    "userAgent": "Mozilla/5.0 (X11; Linux x86_64) AppleWebKit/537.36 (KHTML, like Gecko) Chrome/130.0.0.0 Safari/537.36",
    "requestBody": {},
    "requestQuery": {},
    "requestHeaders": {
      "host": "localhost:7000",
      "connection": "keep-alive",
      "cache-control": "max-age=0",
      "sec-ch-ua": "\"Chromium\";v=\"130\", \"Google Chrome\";v=\"130\", \"Not?A_Brand\";v=\"99\"",
      "sec-ch-ua-mobile": "?0",
      "sec-ch-ua-platform": "\"Linux\"",
      "upgrade-insecure-requests": "1",
      "user-agent": "Mozilla/5.0 (X11; Linux x86_64) AppleWebKit/537.36 (KHTML, like Gecko) Chrome/130.0.0.0 Safari/537.36",
      "accept": "text/html,application/xhtml+xml,application/xml;q=0.9,image/avif,image/webp,image/apng,*/*;q=0.8,application/signed-exchange;v=b3;q=0.7",
      "sec-fetch-site": "none",
      "sec-fetch-mode": "navigate",
      "sec-fetch-user": "?1",
      "sec-fetch-dest": "document",
      "accept-encoding": "gzip, deflate, br, zstd",
      "accept-language": "en-US,en;q=0.9,fa;q=0.8",
      "cookie": "openrouter-api-key=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; openrouter-model=meta-llama/llama-3.1-405b-instruct:free; _csrf=-6LD5lyGNZmnOODBcveUpkuN"
    }
  },
  "trackingId": "6f08280e-653e-410f-8569-4cfcc24b755b",
  "errorName": "RateLimitError",
  "statusCode": 429,
  "path": "/",
  "method": "GET",
  "ip": "::1",
  "userAgent": "Mozilla/5.0 (X11; Linux x86_64) AppleWebKit/537.36 (KHTML, like Gecko) Chrome/130.0.0.0 Safari/537.36",
  "environment": "development",
  "requestBody": {},
  "requestQuery": {},
  "requestHeaders": {
    "host": "localhost:7000",
    "connection": "keep-alive",
    "cache-control": "max-age=0",
    "sec-ch-ua": "\"Chromium\";v=\"130\", \"Google Chrome\";v=\"130\", \"Not?A_Brand\";v=\"99\"",
    "sec-ch-ua-mobile": "?0",
    "sec-ch-ua-platform": "\"Linux\"",
    "upgrade-insecure-requests": "1",
    "user-agent": "Mozilla/5.0 (X11; Linux x86_64) AppleWebKit/537.36 (KHTML, like Gecko) Chrome/130.0.0.0 Safari/537.36",
    "accept": "text/html,application/xhtml+xml,application/xml;q=0.9,image/avif,image/webp,image/apng,*/*;q=0.8,application/signed-exchange;v=b3;q=0.7",
    "sec-fetch-site": "none",
    "sec-fetch-mode": "navigate",
    "sec-fetch-user": "?1",
    "sec-fetch-dest": "document",
    "accept-encoding": "gzip, deflate, br, zstd",
    "accept-language": "en-US,en;q=0.9,fa;q=0.8",
    "cookie": "openrouter-api-key=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; openrouter-model=meta-llama/llama-3.1-405b-instruct:free; _csrf=-6LD5lyGNZmnOODBcveUpkuN"
  }
}
2024-11-18 16:49:15 info: Server is running at http://localhost:7000
Metadata:
{
  "metadata": {
    "service": "user-service",
    "environment": "development"
  }
}
2024-11-18 16:49:15 info: Connected to MongoDB
Metadata:
{
  "metadata": {
    "service": "user-service",
    "environment": "development"
  }
}
2024-11-18 16:49:15 info: PrismaORM connected to MariaDB
Metadata:
{
  "metadata": {
    "service": "user-service",
    "environment": "development"
  }
}
2024-11-18 16:49:19 info: ::1 - - [18/Nov/2024:13:19:19 +0000] "GET / HTTP/1.1" 200 NaNs "-" "Mozilla/5.0 (X11; Linux x86_64) AppleWebKit/537.36 (KHTML, like Gecko) Chrome/130.0.0.0 Safari/537.36"
Metadata:
{
  "metadata": {
    "service": "user-service",
    "environment": "development",
    "type": "access_log",
    "component": "morgan"
  },
  "type": "access_log",
  "component": "morgan"
}
2024-11-18 16:49:20 info: ::1 - - [18/Nov/2024:13:19:20 +0000] "GET / HTTP/1.1" 304 NaNs "-" "Mozilla/5.0 (X11; Linux x86_64) AppleWebKit/537.36 (KHTML, like Gecko) Chrome/130.0.0.0 Safari/537.36"
Metadata:
{
  "metadata": {
    "service": "user-service",
    "environment": "development",
    "type": "access_log",
    "component": "morgan"
  },
  "type": "access_log",
  "component": "morgan"
}
2024-11-18 16:49:20 info: ::1 - - [18/Nov/2024:13:19:20 +0000] "GET / HTTP/1.1" 304 NaNs "-" "Mozilla/5.0 (X11; Linux x86_64) AppleWebKit/537.36 (KHTML, like Gecko) Chrome/130.0.0.0 Safari/537.36"
Metadata:
{
  "metadata": {
    "service": "user-service",
    "environment": "development",
    "type": "access_log",
    "component": "morgan"
  },
  "type": "access_log",
  "component": "morgan"
}
2024-11-18 16:49:20 info: ::1 - - [18/Nov/2024:13:19:20 +0000] "GET / HTTP/1.1" 304 NaNs "-" "Mozilla/5.0 (X11; Linux x86_64) AppleWebKit/537.36 (KHTML, like Gecko) Chrome/130.0.0.0 Safari/537.36"
Metadata:
{
  "metadata": {
    "service": "user-service",
    "environment": "development",
    "type": "access_log",
    "component": "morgan"
  },
  "type": "access_log",
  "component": "morgan"
}
2024-11-18 16:49:20 info: ::1 - - [18/Nov/2024:13:19:20 +0000] "GET / HTTP/1.1" 304 NaNs "-" "Mozilla/5.0 (X11; Linux x86_64) AppleWebKit/537.36 (KHTML, like Gecko) Chrome/130.0.0.0 Safari/537.36"
Metadata:
{
  "metadata": {
    "service": "user-service",
    "environment": "development",
    "type": "access_log",
    "component": "morgan"
  },
  "type": "access_log",
  "component": "morgan"
}
2024-11-18 16:49:21 info: ::1 - - [18/Nov/2024:13:19:21 +0000] "GET / HTTP/1.1" 304 NaNs "-" "Mozilla/5.0 (X11; Linux x86_64) AppleWebKit/537.36 (KHTML, like Gecko) Chrome/130.0.0.0 Safari/537.36"
Metadata:
{
  "metadata": {
    "service": "user-service",
    "environment": "development",
    "type": "access_log",
    "component": "morgan"
  },
  "type": "access_log",
  "component": "morgan"
}
2024-11-18 16:49:21 info: ::1 - - [18/Nov/2024:13:19:21 +0000] "GET / HTTP/1.1" 304 NaNs "-" "Mozilla/5.0 (X11; Linux x86_64) AppleWebKit/537.36 (KHTML, like Gecko) Chrome/130.0.0.0 Safari/537.36"
Metadata:
{
  "metadata": {
    "service": "user-service",
    "environment": "development",
    "type": "access_log",
    "component": "morgan"
  },
  "type": "access_log",
  "component": "morgan"
}
2024-11-18 16:49:21 info: ::1 - - [18/Nov/2024:13:19:21 +0000] "GET / HTTP/1.1" 304 NaNs "-" "Mozilla/5.0 (X11; Linux x86_64) AppleWebKit/537.36 (KHTML, like Gecko) Chrome/130.0.0.0 Safari/537.36"
Metadata:
{
  "metadata": {
    "service": "user-service",
    "environment": "development",
    "type": "access_log",
    "component": "morgan"
  },
  "type": "access_log",
  "component": "morgan"
}
2024-11-18 16:49:21 info: ::1 - - [18/Nov/2024:13:19:21 +0000] "GET / HTTP/1.1" 304 NaNs "-" "Mozilla/5.0 (X11; Linux x86_64) AppleWebKit/537.36 (KHTML, like Gecko) Chrome/130.0.0.0 Safari/537.36"
Metadata:
{
  "metadata": {
    "service": "user-service",
    "environment": "development",
    "type": "access_log",
    "component": "morgan"
  },
  "type": "access_log",
  "component": "morgan"
}
2024-11-18 16:49:21 info: ::1 - - [18/Nov/2024:13:19:21 +0000] "GET / HTTP/1.1" 304 NaNs "-" "Mozilla/5.0 (X11; Linux x86_64) AppleWebKit/537.36 (KHTML, like Gecko) Chrome/130.0.0.0 Safari/537.36"
Metadata:
{
  "metadata": {
    "service": "user-service",
    "environment": "development",
    "type": "access_log",
    "component": "morgan"
  },
  "type": "access_log",
  "component": "morgan"
}
2024-11-18 16:49:21 info: ::1 - - [18/Nov/2024:13:19:21 +0000] "GET / HTTP/1.1" 304 NaNs "-" "Mozilla/5.0 (X11; Linux x86_64) AppleWebKit/537.36 (KHTML, like Gecko) Chrome/130.0.0.0 Safari/537.36"
Metadata:
{
  "metadata": {
    "service": "user-service",
    "environment": "development",
    "type": "access_log",
    "component": "morgan"
  },
  "type": "access_log",
  "component": "morgan"
}
2024-11-18 16:49:21 info: ::1 - - [18/Nov/2024:13:19:21 +0000] "GET / HTTP/1.1" 304 NaNs "-" "Mozilla/5.0 (X11; Linux x86_64) AppleWebKit/537.36 (KHTML, like Gecko) Chrome/130.0.0.0 Safari/537.36"
Metadata:
{
  "metadata": {
    "service": "user-service",
    "environment": "development",
    "type": "access_log",
    "component": "morgan"
  },
  "type": "access_log",
  "component": "morgan"
}
2024-11-18 16:49:22 info: ::1 - - [18/Nov/2024:13:19:22 +0000] "GET / HTTP/1.1" 304 NaNs "-" "Mozilla/5.0 (X11; Linux x86_64) AppleWebKit/537.36 (KHTML, like Gecko) Chrome/130.0.0.0 Safari/537.36"
Metadata:
{
  "metadata": {
    "service": "user-service",
    "environment": "development",
    "type": "access_log",
    "component": "morgan"
  },
  "type": "access_log",
  "component": "morgan"
}
2024-11-18 16:49:22 info: ::1 - - [18/Nov/2024:13:19:22 +0000] "GET / HTTP/1.1" 304 NaNs "-" "Mozilla/5.0 (X11; Linux x86_64) AppleWebKit/537.36 (KHTML, like Gecko) Chrome/130.0.0.0 Safari/537.36"
Metadata:
{
  "metadata": {
    "service": "user-service",
    "environment": "development",
    "type": "access_log",
    "component": "morgan"
  },
  "type": "access_log",
  "component": "morgan"
}
2024-11-18 16:49:22 info: ::1 - - [18/Nov/2024:13:19:22 +0000] "GET / HTTP/1.1" 304 NaNs "-" "Mozilla/5.0 (X11; Linux x86_64) AppleWebKit/537.36 (KHTML, like Gecko) Chrome/130.0.0.0 Safari/537.36"
Metadata:
{
  "metadata": {
    "service": "user-service",
    "environment": "development",
    "type": "access_log",
    "component": "morgan"
  },
  "type": "access_log",
  "component": "morgan"
}
2024-11-18 16:49:22 info: ::1 - - [18/Nov/2024:13:19:22 +0000] "GET / HTTP/1.1" 304 NaNs "-" "Mozilla/5.0 (X11; Linux x86_64) AppleWebKit/537.36 (KHTML, like Gecko) Chrome/130.0.0.0 Safari/537.36"
Metadata:
{
  "metadata": {
    "service": "user-service",
    "environment": "development",
    "type": "access_log",
    "component": "morgan"
  },
  "type": "access_log",
  "component": "morgan"
}
2024-11-18 16:49:23 info: ::1 - - [18/Nov/2024:13:19:23 +0000] "GET / HTTP/1.1" 304 NaNs "-" "Mozilla/5.0 (X11; Linux x86_64) AppleWebKit/537.36 (KHTML, like Gecko) Chrome/130.0.0.0 Safari/537.36"
Metadata:
{
  "metadata": {
    "service": "user-service",
    "environment": "development",
    "type": "access_log",
    "component": "morgan"
  },
  "type": "access_log",
  "component": "morgan"
}
2024-11-18 16:49:23 info: ::1 - - [18/Nov/2024:13:19:23 +0000] "GET / HTTP/1.1" 304 NaNs "-" "Mozilla/5.0 (X11; Linux x86_64) AppleWebKit/537.36 (KHTML, like Gecko) Chrome/130.0.0.0 Safari/537.36"
Metadata:
{
  "metadata": {
    "service": "user-service",
    "environment": "development",
    "type": "access_log",
    "component": "morgan"
  },
  "type": "access_log",
  "component": "morgan"
}
2024-11-18 16:49:23 info: ::1 - - [18/Nov/2024:13:19:23 +0000] "GET / HTTP/1.1" 304 NaNs "-" "Mozilla/5.0 (X11; Linux x86_64) AppleWebKit/537.36 (KHTML, like Gecko) Chrome/130.0.0.0 Safari/537.36"
Metadata:
{
  "metadata": {
    "service": "user-service",
    "environment": "development",
    "type": "access_log",
    "component": "morgan"
  },
  "type": "access_log",
  "component": "morgan"
}
2024-11-18 16:49:23 info: ::1 - - [18/Nov/2024:13:19:23 +0000] "GET / HTTP/1.1" 304 NaNs "-" "Mozilla/5.0 (X11; Linux x86_64) AppleWebKit/537.36 (KHTML, like Gecko) Chrome/130.0.0.0 Safari/537.36"
Metadata:
{
  "metadata": {
    "service": "user-service",
    "environment": "development",
    "type": "access_log",
    "component": "morgan"
  },
  "type": "access_log",
  "component": "morgan"
}
2024-11-18 16:49:23 info: ::1 - - [18/Nov/2024:13:19:23 +0000] "GET / HTTP/1.1" 304 NaNs "-" "Mozilla/5.0 (X11; Linux x86_64) AppleWebKit/537.36 (KHTML, like Gecko) Chrome/130.0.0.0 Safari/537.36"
Metadata:
{
  "metadata": {
    "service": "user-service",
    "environment": "development",
    "type": "access_log",
    "component": "morgan"
  },
  "type": "access_log",
  "component": "morgan"
}
2024-11-18 16:49:23 info: ::1 - - [18/Nov/2024:13:19:23 +0000] "GET / HTTP/1.1" 304 NaNs "-" "Mozilla/5.0 (X11; Linux x86_64) AppleWebKit/537.36 (KHTML, like Gecko) Chrome/130.0.0.0 Safari/537.36"
Metadata:
{
  "metadata": {
    "service": "user-service",
    "environment": "development",
    "type": "access_log",
    "component": "morgan"
  },
  "type": "access_log",
  "component": "morgan"
}
2024-11-18 16:49:24 info: ::1 - - [18/Nov/2024:13:19:24 +0000] "GET / HTTP/1.1" 304 NaNs "-" "Mozilla/5.0 (X11; Linux x86_64) AppleWebKit/537.36 (KHTML, like Gecko) Chrome/130.0.0.0 Safari/537.36"
Metadata:
{
  "metadata": {
    "service": "user-service",
    "environment": "development",
    "type": "access_log",
    "component": "morgan"
  },
  "type": "access_log",
  "component": "morgan"
}
2024-11-18 16:49:24 info: ::1 - - [18/Nov/2024:13:19:24 +0000] "GET / HTTP/1.1" 304 NaNs "-" "Mozilla/5.0 (X11; Linux x86_64) AppleWebKit/537.36 (KHTML, like Gecko) Chrome/130.0.0.0 Safari/537.36"
Metadata:
{
  "metadata": {
    "service": "user-service",
    "environment": "development",
    "type": "access_log",
    "component": "morgan"
  },
  "type": "access_log",
  "component": "morgan"
}
2024-11-18 16:49:24 info: ::1 - - [18/Nov/2024:13:19:24 +0000] "GET / HTTP/1.1" 304 NaNs "-" "Mozilla/5.0 (X11; Linux x86_64) AppleWebKit/537.36 (KHTML, like Gecko) Chrome/130.0.0.0 Safari/537.36"
Metadata:
{
  "metadata": {
    "service": "user-service",
    "environment": "development",
    "type": "access_log",
    "component": "morgan"
  },
  "type": "access_log",
  "component": "morgan"
}
2024-11-18 16:49:24 info: ::1 - - [18/Nov/2024:13:19:24 +0000] "GET / HTTP/1.1" 304 NaNs "-" "Mozilla/5.0 (X11; Linux x86_64) AppleWebKit/537.36 (KHTML, like Gecko) Chrome/130.0.0.0 Safari/537.36"
Metadata:
{
  "metadata": {
    "service": "user-service",
    "environment": "development",
    "type": "access_log",
    "component": "morgan"
  },
  "type": "access_log",
  "component": "morgan"
}
2024-11-18 16:49:24 info: ::1 - - [18/Nov/2024:13:19:24 +0000] "GET / HTTP/1.1" 304 NaNs "-" "Mozilla/5.0 (X11; Linux x86_64) AppleWebKit/537.36 (KHTML, like Gecko) Chrome/130.0.0.0 Safari/537.36"
Metadata:
{
  "metadata": {
    "service": "user-service",
    "environment": "development",
    "type": "access_log",
    "component": "morgan"
  },
  "type": "access_log",
  "component": "morgan"
}
2024-11-18 16:49:25 info: ::1 - - [18/Nov/2024:13:19:25 +0000] "GET / HTTP/1.1" 304 NaNs "-" "Mozilla/5.0 (X11; Linux x86_64) AppleWebKit/537.36 (KHTML, like Gecko) Chrome/130.0.0.0 Safari/537.36"
Metadata:
{
  "metadata": {
    "service": "user-service",
    "environment": "development",
    "type": "access_log",
    "component": "morgan"
  },
  "type": "access_log",
  "component": "morgan"
}
2024-11-18 16:49:25 info: ::1 - - [18/Nov/2024:13:19:25 +0000] "GET / HTTP/1.1" 304 NaNs "-" "Mozilla/5.0 (X11; Linux x86_64) AppleWebKit/537.36 (KHTML, like Gecko) Chrome/130.0.0.0 Safari/537.36"
Metadata:
{
  "metadata": {
    "service": "user-service",
    "environment": "development",
    "type": "access_log",
    "component": "morgan"
  },
  "type": "access_log",
  "component": "morgan"
}
2024-11-18 16:49:25 info: ::1 - - [18/Nov/2024:13:19:25 +0000] "GET / HTTP/1.1" 304 NaNs "-" "Mozilla/5.0 (X11; Linux x86_64) AppleWebKit/537.36 (KHTML, like Gecko) Chrome/130.0.0.0 Safari/537.36"
Metadata:
{
  "metadata": {
    "service": "user-service",
    "environment": "development",
    "type": "access_log",
    "component": "morgan"
  },
  "type": "access_log",
  "component": "morgan"
}
2024-11-18T13:19:25.513Z error: تعداد درخواست‌های شما از حد مجاز بیشتر شده است.
Error Location: rateLimiter.middleware.js:56 (Object.handler)
Full Path: /home/mhossein/Desktop/Cooleh.project/app/http/middlewares/rateLimiter.middleware.js
Stack Trace:
RateLimitError: تعداد درخواست‌های شما از حد مجاز بیشتر شده است.
    at Object.handler (/home/mhossein/Desktop/Cooleh.project/app/http/middlewares/rateLimiter.middleware.js:56:15)
    at /home/mhossein/Desktop/Cooleh.project/node_modules/express-rate-limit/dist/index.cjs:749:16
    at processTicksAndRejections (node:internal/process/task_queues:95:5)
    at /home/mhossein/Desktop/Cooleh.project/node_modules/express-rate-limit/dist/index.cjs:650:5
Metadata:
{
  "metadata": {
    "service": "user-service",
    "environment": "development",
    "trackingId": "cf9565bd-8d38-41c7-8c77-16176d80c752",
    "errorName": "RateLimitError",
    "statusCode": 429,
    "path": "/",
    "method": "GET",
    "ip": "::1",
    "userAgent": "Mozilla/5.0 (X11; Linux x86_64) AppleWebKit/537.36 (KHTML, like Gecko) Chrome/130.0.0.0 Safari/537.36",
    "requestBody": {},
    "requestQuery": {},
    "requestHeaders": {
      "host": "localhost:7000",
      "connection": "keep-alive",
      "cache-control": "max-age=0",
      "sec-ch-ua": "\"Chromium\";v=\"130\", \"Google Chrome\";v=\"130\", \"Not?A_Brand\";v=\"99\"",
      "sec-ch-ua-mobile": "?0",
      "sec-ch-ua-platform": "\"Linux\"",
      "upgrade-insecure-requests": "1",
      "user-agent": "Mozilla/5.0 (X11; Linux x86_64) AppleWebKit/537.36 (KHTML, like Gecko) Chrome/130.0.0.0 Safari/537.36",
      "accept": "text/html,application/xhtml+xml,application/xml;q=0.9,image/avif,image/webp,image/apng,*/*;q=0.8,application/signed-exchange;v=b3;q=0.7",
      "sec-fetch-site": "none",
      "sec-fetch-mode": "navigate",
      "sec-fetch-user": "?1",
      "sec-fetch-dest": "document",
      "accept-encoding": "gzip, deflate, br, zstd",
      "accept-language": "en-US,en;q=0.9,fa;q=0.8",
      "cookie": "openrouter-api-key=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; openrouter-model=meta-llama/llama-3.1-405b-instruct:free; _csrf=-6LD5lyGNZmnOODBcveUpkuN",
      "if-none-match": "W/\"24f-GF4jL3Cb127EP+SzJFiCo0Q9AAI\""
    }
  },
  "trackingId": "cf9565bd-8d38-41c7-8c77-16176d80c752",
  "errorName": "RateLimitError",
  "statusCode": 429,
  "path": "/",
  "method": "GET",
  "ip": "::1",
  "userAgent": "Mozilla/5.0 (X11; Linux x86_64) AppleWebKit/537.36 (KHTML, like Gecko) Chrome/130.0.0.0 Safari/537.36",
  "environment": "development",
  "requestBody": {},
  "requestQuery": {},
  "requestHeaders": {
    "host": "localhost:7000",
    "connection": "keep-alive",
    "cache-control": "max-age=0",
    "sec-ch-ua": "\"Chromium\";v=\"130\", \"Google Chrome\";v=\"130\", \"Not?A_Brand\";v=\"99\"",
    "sec-ch-ua-mobile": "?0",
    "sec-ch-ua-platform": "\"Linux\"",
    "upgrade-insecure-requests": "1",
    "user-agent": "Mozilla/5.0 (X11; Linux x86_64) AppleWebKit/537.36 (KHTML, like Gecko) Chrome/130.0.0.0 Safari/537.36",
    "accept": "text/html,application/xhtml+xml,application/xml;q=0.9,image/avif,image/webp,image/apng,*/*;q=0.8,application/signed-exchange;v=b3;q=0.7",
    "sec-fetch-site": "none",
    "sec-fetch-mode": "navigate",
    "sec-fetch-user": "?1",
    "sec-fetch-dest": "document",
    "accept-encoding": "gzip, deflate, br, zstd",
    "accept-language": "en-US,en;q=0.9,fa;q=0.8",
    "cookie": "openrouter-api-key=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; openrouter-model=meta-llama/llama-3.1-405b-instruct:free; _csrf=-6LD5lyGNZmnOODBcveUpkuN",
    "if-none-match": "W/\"24f-GF4jL3Cb127EP+SzJFiCo0Q9AAI\""
  }
}
2024-11-18T13:19:25.676Z error: تعداد درخواست‌های شما از حد مجاز بیشتر شده است.
Error Location: rateLimiter.middleware.js:56 (Object.handler)
Full Path: /home/mhossein/Desktop/Cooleh.project/app/http/middlewares/rateLimiter.middleware.js
Stack Trace:
RateLimitError: تعداد درخواست‌های شما از حد مجاز بیشتر شده است.
    at Object.handler (/home/mhossein/Desktop/Cooleh.project/app/http/middlewares/rateLimiter.middleware.js:56:15)
    at /home/mhossein/Desktop/Cooleh.project/node_modules/express-rate-limit/dist/index.cjs:749:16
    at processTicksAndRejections (node:internal/process/task_queues:95:5)
    at /home/mhossein/Desktop/Cooleh.project/node_modules/express-rate-limit/dist/index.cjs:650:5
Metadata:
{
  "metadata": {
    "service": "user-service",
    "environment": "development",
    "trackingId": "ffcb1a76-40f0-4068-b39b-088d808e55a3",
    "errorName": "RateLimitError",
    "statusCode": 429,
    "path": "/",
    "method": "GET",
    "ip": "::1",
    "userAgent": "Mozilla/5.0 (X11; Linux x86_64) AppleWebKit/537.36 (KHTML, like Gecko) Chrome/130.0.0.0 Safari/537.36",
    "requestBody": {},
    "requestQuery": {},
    "requestHeaders": {
      "host": "localhost:7000",
      "connection": "keep-alive",
      "cache-control": "max-age=0",
      "sec-ch-ua": "\"Chromium\";v=\"130\", \"Google Chrome\";v=\"130\", \"Not?A_Brand\";v=\"99\"",
      "sec-ch-ua-mobile": "?0",
      "sec-ch-ua-platform": "\"Linux\"",
      "upgrade-insecure-requests": "1",
      "user-agent": "Mozilla/5.0 (X11; Linux x86_64) AppleWebKit/537.36 (KHTML, like Gecko) Chrome/130.0.0.0 Safari/537.36",
      "accept": "text/html,application/xhtml+xml,application/xml;q=0.9,image/avif,image/webp,image/apng,*/*;q=0.8,application/signed-exchange;v=b3;q=0.7",
      "sec-fetch-site": "none",
      "sec-fetch-mode": "navigate",
      "sec-fetch-user": "?1",
      "sec-fetch-dest": "document",
      "accept-encoding": "gzip, deflate, br, zstd",
      "accept-language": "en-US,en;q=0.9,fa;q=0.8",
      "cookie": "openrouter-api-key=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; openrouter-model=meta-llama/llama-3.1-405b-instruct:free; _csrf=-6LD5lyGNZmnOODBcveUpkuN"
    }
  },
  "trackingId": "ffcb1a76-40f0-4068-b39b-088d808e55a3",
  "errorName": "RateLimitError",
  "statusCode": 429,
  "path": "/",
  "method": "GET",
  "ip": "::1",
  "userAgent": "Mozilla/5.0 (X11; Linux x86_64) AppleWebKit/537.36 (KHTML, like Gecko) Chrome/130.0.0.0 Safari/537.36",
  "environment": "development",
  "requestBody": {},
  "requestQuery": {},
  "requestHeaders": {
    "host": "localhost:7000",
    "connection": "keep-alive",
    "cache-control": "max-age=0",
    "sec-ch-ua": "\"Chromium\";v=\"130\", \"Google Chrome\";v=\"130\", \"Not?A_Brand\";v=\"99\"",
    "sec-ch-ua-mobile": "?0",
    "sec-ch-ua-platform": "\"Linux\"",
    "upgrade-insecure-requests": "1",
    "user-agent": "Mozilla/5.0 (X11; Linux x86_64) AppleWebKit/537.36 (KHTML, like Gecko) Chrome/130.0.0.0 Safari/537.36",
    "accept": "text/html,application/xhtml+xml,application/xml;q=0.9,image/avif,image/webp,image/apng,*/*;q=0.8,application/signed-exchange;v=b3;q=0.7",
    "sec-fetch-site": "none",
    "sec-fetch-mode": "navigate",
    "sec-fetch-user": "?1",
    "sec-fetch-dest": "document",
    "accept-encoding": "gzip, deflate, br, zstd",
    "accept-language": "en-US,en;q=0.9,fa;q=0.8",
    "cookie": "openrouter-api-key=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; openrouter-model=meta-llama/llama-3.1-405b-instruct:free; _csrf=-6LD5lyGNZmnOODBcveUpkuN"
  }
}
2024-11-18 16:51:57 info: Server is running at http://localhost:7000
Metadata:
{
  "metadata": {
    "service": "user-service",
    "environment": "development"
  }
}
2024-11-18 16:51:57 info: Connected to MongoDB
Metadata:
{
  "metadata": {
    "service": "user-service",
    "environment": "development"
  }
}
2024-11-18 16:51:58 info: PrismaORM connected to MariaDB
Metadata:
{
  "metadata": {
    "service": "user-service",
    "environment": "development"
  }
}
2024-11-18 16:52:09 info: ::1 - - [18/Nov/2024:13:22:09 +0000] "GET / HTTP/1.1" 200 NaNs "-" "Mozilla/5.0 (X11; Linux x86_64) AppleWebKit/537.36 (KHTML, like Gecko) Chrome/130.0.0.0 Safari/537.36"
Metadata:
{
  "metadata": {
    "service": "user-service",
    "environment": "development",
    "type": "access_log",
    "component": "morgan"
  },
  "type": "access_log",
  "component": "morgan"
}
2024-11-18 16:52:10 info: ::1 - - [18/Nov/2024:13:22:10 +0000] "GET / HTTP/1.1" 304 NaNs "-" "Mozilla/5.0 (X11; Linux x86_64) AppleWebKit/537.36 (KHTML, like Gecko) Chrome/130.0.0.0 Safari/537.36"
Metadata:
{
  "metadata": {
    "service": "user-service",
    "environment": "development",
    "type": "access_log",
    "component": "morgan"
  },
  "type": "access_log",
  "component": "morgan"
}
2024-11-18 16:52:10 info: ::1 - - [18/Nov/2024:13:22:10 +0000] "GET / HTTP/1.1" 304 NaNs "-" "Mozilla/5.0 (X11; Linux x86_64) AppleWebKit/537.36 (KHTML, like Gecko) Chrome/130.0.0.0 Safari/537.36"
Metadata:
{
  "metadata": {
    "service": "user-service",
    "environment": "development",
    "type": "access_log",
    "component": "morgan"
  },
  "type": "access_log",
  "component": "morgan"
}
2024-11-18 16:52:10 info: ::1 - - [18/Nov/2024:13:22:10 +0000] "GET / HTTP/1.1" 304 NaNs "-" "Mozilla/5.0 (X11; Linux x86_64) AppleWebKit/537.36 (KHTML, like Gecko) Chrome/130.0.0.0 Safari/537.36"
Metadata:
{
  "metadata": {
    "service": "user-service",
    "environment": "development",
    "type": "access_log",
    "component": "morgan"
  },
  "type": "access_log",
  "component": "morgan"
}
2024-11-18 16:52:10 info: ::1 - - [18/Nov/2024:13:22:10 +0000] "GET / HTTP/1.1" 304 NaNs "-" "Mozilla/5.0 (X11; Linux x86_64) AppleWebKit/537.36 (KHTML, like Gecko) Chrome/130.0.0.0 Safari/537.36"
Metadata:
{
  "metadata": {
    "service": "user-service",
    "environment": "development",
    "type": "access_log",
    "component": "morgan"
  },
  "type": "access_log",
  "component": "morgan"
}
2024-11-18 16:52:11 info: ::1 - - [18/Nov/2024:13:22:11 +0000] "GET / HTTP/1.1" 304 NaNs "-" "Mozilla/5.0 (X11; Linux x86_64) AppleWebKit/537.36 (KHTML, like Gecko) Chrome/130.0.0.0 Safari/537.36"
Metadata:
{
  "metadata": {
    "service": "user-service",
    "environment": "development",
    "type": "access_log",
    "component": "morgan"
  },
  "type": "access_log",
  "component": "morgan"
}
2024-11-18 16:52:11 info: ::1 - - [18/Nov/2024:13:22:11 +0000] "GET / HTTP/1.1" 304 NaNs "-" "Mozilla/5.0 (X11; Linux x86_64) AppleWebKit/537.36 (KHTML, like Gecko) Chrome/130.0.0.0 Safari/537.36"
Metadata:
{
  "metadata": {
    "service": "user-service",
    "environment": "development",
    "type": "access_log",
    "component": "morgan"
  },
  "type": "access_log",
  "component": "morgan"
}
2024-11-18 16:52:11 info: ::1 - - [18/Nov/2024:13:22:11 +0000] "GET / HTTP/1.1" 304 NaNs "-" "Mozilla/5.0 (X11; Linux x86_64) AppleWebKit/537.36 (KHTML, like Gecko) Chrome/130.0.0.0 Safari/537.36"
Metadata:
{
  "metadata": {
    "service": "user-service",
    "environment": "development",
    "type": "access_log",
    "component": "morgan"
  },
  "type": "access_log",
  "component": "morgan"
}
2024-11-18 16:52:11 info: ::1 - - [18/Nov/2024:13:22:11 +0000] "GET / HTTP/1.1" 304 NaNs "-" "Mozilla/5.0 (X11; Linux x86_64) AppleWebKit/537.36 (KHTML, like Gecko) Chrome/130.0.0.0 Safari/537.36"
Metadata:
{
  "metadata": {
    "service": "user-service",
    "environment": "development",
    "type": "access_log",
    "component": "morgan"
  },
  "type": "access_log",
  "component": "morgan"
}
2024-11-18 16:52:11 info: ::1 - - [18/Nov/2024:13:22:11 +0000] "GET / HTTP/1.1" 304 NaNs "-" "Mozilla/5.0 (X11; Linux x86_64) AppleWebKit/537.36 (KHTML, like Gecko) Chrome/130.0.0.0 Safari/537.36"
Metadata:
{
  "metadata": {
    "service": "user-service",
    "environment": "development",
    "type": "access_log",
    "component": "morgan"
  },
  "type": "access_log",
  "component": "morgan"
}
2024-11-18 16:52:11 info: ::1 - - [18/Nov/2024:13:22:11 +0000] "GET / HTTP/1.1" 304 NaNs "-" "Mozilla/5.0 (X11; Linux x86_64) AppleWebKit/537.36 (KHTML, like Gecko) Chrome/130.0.0.0 Safari/537.36"
Metadata:
{
  "metadata": {
    "service": "user-service",
    "environment": "development",
    "type": "access_log",
    "component": "morgan"
  },
  "type": "access_log",
  "component": "morgan"
}
2024-11-18 16:52:12 info: ::1 - - [18/Nov/2024:13:22:12 +0000] "GET / HTTP/1.1" 304 NaNs "-" "Mozilla/5.0 (X11; Linux x86_64) AppleWebKit/537.36 (KHTML, like Gecko) Chrome/130.0.0.0 Safari/537.36"
Metadata:
{
  "metadata": {
    "service": "user-service",
    "environment": "development",
    "type": "access_log",
    "component": "morgan"
  },
  "type": "access_log",
  "component": "morgan"
}
2024-11-18 16:52:12 info: ::1 - - [18/Nov/2024:13:22:12 +0000] "GET / HTTP/1.1" 304 NaNs "-" "Mozilla/5.0 (X11; Linux x86_64) AppleWebKit/537.36 (KHTML, like Gecko) Chrome/130.0.0.0 Safari/537.36"
Metadata:
{
  "metadata": {
    "service": "user-service",
    "environment": "development",
    "type": "access_log",
    "component": "morgan"
  },
  "type": "access_log",
  "component": "morgan"
}
2024-11-18 16:52:12 info: ::1 - - [18/Nov/2024:13:22:12 +0000] "GET / HTTP/1.1" 304 NaNs "-" "Mozilla/5.0 (X11; Linux x86_64) AppleWebKit/537.36 (KHTML, like Gecko) Chrome/130.0.0.0 Safari/537.36"
Metadata:
{
  "metadata": {
    "service": "user-service",
    "environment": "development",
    "type": "access_log",
    "component": "morgan"
  },
  "type": "access_log",
  "component": "morgan"
}
2024-11-18 16:52:12 info: ::1 - - [18/Nov/2024:13:22:12 +0000] "GET / HTTP/1.1" 304 NaNs "-" "Mozilla/5.0 (X11; Linux x86_64) AppleWebKit/537.36 (KHTML, like Gecko) Chrome/130.0.0.0 Safari/537.36"
Metadata:
{
  "metadata": {
    "service": "user-service",
    "environment": "development",
    "type": "access_log",
    "component": "morgan"
  },
  "type": "access_log",
  "component": "morgan"
}
2024-11-18 16:52:12 info: ::1 - - [18/Nov/2024:13:22:12 +0000] "GET / HTTP/1.1" 304 NaNs "-" "Mozilla/5.0 (X11; Linux x86_64) AppleWebKit/537.36 (KHTML, like Gecko) Chrome/130.0.0.0 Safari/537.36"
Metadata:
{
  "metadata": {
    "service": "user-service",
    "environment": "development",
    "type": "access_log",
    "component": "morgan"
  },
  "type": "access_log",
  "component": "morgan"
}
2024-11-18 16:52:12 info: ::1 - - [18/Nov/2024:13:22:12 +0000] "GET / HTTP/1.1" 304 NaNs "-" "Mozilla/5.0 (X11; Linux x86_64) AppleWebKit/537.36 (KHTML, like Gecko) Chrome/130.0.0.0 Safari/537.36"
Metadata:
{
  "metadata": {
    "service": "user-service",
    "environment": "development",
    "type": "access_log",
    "component": "morgan"
  },
  "type": "access_log",
  "component": "morgan"
}
2024-11-18 16:52:12 info: ::1 - - [18/Nov/2024:13:22:12 +0000] "GET / HTTP/1.1" 304 NaNs "-" "Mozilla/5.0 (X11; Linux x86_64) AppleWebKit/537.36 (KHTML, like Gecko) Chrome/130.0.0.0 Safari/537.36"
Metadata:
{
  "metadata": {
    "service": "user-service",
    "environment": "development",
    "type": "access_log",
    "component": "morgan"
  },
  "type": "access_log",
  "component": "morgan"
}
2024-11-18 16:52:13 info: ::1 - - [18/Nov/2024:13:22:13 +0000] "GET / HTTP/1.1" 304 NaNs "-" "Mozilla/5.0 (X11; Linux x86_64) AppleWebKit/537.36 (KHTML, like Gecko) Chrome/130.0.0.0 Safari/537.36"
Metadata:
{
  "metadata": {
    "service": "user-service",
    "environment": "development",
    "type": "access_log",
    "component": "morgan"
  },
  "type": "access_log",
  "component": "morgan"
}
2024-11-18 16:52:13 info: ::1 - - [18/Nov/2024:13:22:13 +0000] "GET / HTTP/1.1" 304 NaNs "-" "Mozilla/5.0 (X11; Linux x86_64) AppleWebKit/537.36 (KHTML, like Gecko) Chrome/130.0.0.0 Safari/537.36"
Metadata:
{
  "metadata": {
    "service": "user-service",
    "environment": "development",
    "type": "access_log",
    "component": "morgan"
  },
  "type": "access_log",
  "component": "morgan"
}
2024-11-18 16:52:13 info: ::1 - - [18/Nov/2024:13:22:13 +0000] "GET / HTTP/1.1" 304 NaNs "-" "Mozilla/5.0 (X11; Linux x86_64) AppleWebKit/537.36 (KHTML, like Gecko) Chrome/130.0.0.0 Safari/537.36"
Metadata:
{
  "metadata": {
    "service": "user-service",
    "environment": "development",
    "type": "access_log",
    "component": "morgan"
  },
  "type": "access_log",
  "component": "morgan"
}
2024-11-18 16:52:13 info: ::1 - - [18/Nov/2024:13:22:13 +0000] "GET / HTTP/1.1" 304 NaNs "-" "Mozilla/5.0 (X11; Linux x86_64) AppleWebKit/537.36 (KHTML, like Gecko) Chrome/130.0.0.0 Safari/537.36"
Metadata:
{
  "metadata": {
    "service": "user-service",
    "environment": "development",
    "type": "access_log",
    "component": "morgan"
  },
  "type": "access_log",
  "component": "morgan"
}
2024-11-18 16:52:13 info: ::1 - - [18/Nov/2024:13:22:13 +0000] "GET / HTTP/1.1" 304 NaNs "-" "Mozilla/5.0 (X11; Linux x86_64) AppleWebKit/537.36 (KHTML, like Gecko) Chrome/130.0.0.0 Safari/537.36"
Metadata:
{
  "metadata": {
    "service": "user-service",
    "environment": "development",
    "type": "access_log",
    "component": "morgan"
  },
  "type": "access_log",
  "component": "morgan"
}
2024-11-18 16:52:13 info: ::1 - - [18/Nov/2024:13:22:13 +0000] "GET / HTTP/1.1" 304 NaNs "-" "Mozilla/5.0 (X11; Linux x86_64) AppleWebKit/537.36 (KHTML, like Gecko) Chrome/130.0.0.0 Safari/537.36"
Metadata:
{
  "metadata": {
    "service": "user-service",
    "environment": "development",
    "type": "access_log",
    "component": "morgan"
  },
  "type": "access_log",
  "component": "morgan"
}
2024-11-18 16:52:14 info: ::1 - - [18/Nov/2024:13:22:14 +0000] "GET / HTTP/1.1" 304 NaNs "-" "Mozilla/5.0 (X11; Linux x86_64) AppleWebKit/537.36 (KHTML, like Gecko) Chrome/130.0.0.0 Safari/537.36"
Metadata:
{
  "metadata": {
    "service": "user-service",
    "environment": "development",
    "type": "access_log",
    "component": "morgan"
  },
  "type": "access_log",
  "component": "morgan"
}
2024-11-18 16:52:14 info: ::1 - - [18/Nov/2024:13:22:14 +0000] "GET / HTTP/1.1" 304 NaNs "-" "Mozilla/5.0 (X11; Linux x86_64) AppleWebKit/537.36 (KHTML, like Gecko) Chrome/130.0.0.0 Safari/537.36"
Metadata:
{
  "metadata": {
    "service": "user-service",
    "environment": "development",
    "type": "access_log",
    "component": "morgan"
  },
  "type": "access_log",
  "component": "morgan"
}
2024-11-18 16:52:14 info: ::1 - - [18/Nov/2024:13:22:14 +0000] "GET / HTTP/1.1" 304 NaNs "-" "Mozilla/5.0 (X11; Linux x86_64) AppleWebKit/537.36 (KHTML, like Gecko) Chrome/130.0.0.0 Safari/537.36"
Metadata:
{
  "metadata": {
    "service": "user-service",
    "environment": "development",
    "type": "access_log",
    "component": "morgan"
  },
  "type": "access_log",
  "component": "morgan"
}
2024-11-18 16:52:14 info: ::1 - - [18/Nov/2024:13:22:14 +0000] "GET / HTTP/1.1" 304 NaNs "-" "Mozilla/5.0 (X11; Linux x86_64) AppleWebKit/537.36 (KHTML, like Gecko) Chrome/130.0.0.0 Safari/537.36"
Metadata:
{
  "metadata": {
    "service": "user-service",
    "environment": "development",
    "type": "access_log",
    "component": "morgan"
  },
  "type": "access_log",
  "component": "morgan"
}
2024-11-18 16:52:14 info: ::1 - - [18/Nov/2024:13:22:14 +0000] "GET / HTTP/1.1" 304 NaNs "-" "Mozilla/5.0 (X11; Linux x86_64) AppleWebKit/537.36 (KHTML, like Gecko) Chrome/130.0.0.0 Safari/537.36"
Metadata:
{
  "metadata": {
    "service": "user-service",
    "environment": "development",
    "type": "access_log",
    "component": "morgan"
  },
  "type": "access_log",
  "component": "morgan"
}
2024-11-18 16:52:14 info: ::1 - - [18/Nov/2024:13:22:14 +0000] "GET / HTTP/1.1" 304 NaNs "-" "Mozilla/5.0 (X11; Linux x86_64) AppleWebKit/537.36 (KHTML, like Gecko) Chrome/130.0.0.0 Safari/537.36"
Metadata:
{
  "metadata": {
    "service": "user-service",
    "environment": "development",
    "type": "access_log",
    "component": "morgan"
  },
  "type": "access_log",
  "component": "morgan"
}
2024-11-18T13:22:14.991Z error: تعداد درخواست‌های شما از حد مجاز بیشتر شده است.
Error Location: rateLimiter.middleware.js:54 (Object.handler)
Full Path: /home/mhossein/Desktop/Cooleh.project/app/http/middlewares/rateLimiter.middleware.js
Stack Trace:
RateLimitError: تعداد درخواست‌های شما از حد مجاز بیشتر شده است.
    at Object.handler (/home/mhossein/Desktop/Cooleh.project/app/http/middlewares/rateLimiter.middleware.js:54:15)
    at /home/mhossein/Desktop/Cooleh.project/node_modules/express-rate-limit/dist/index.cjs:749:16
    at processTicksAndRejections (node:internal/process/task_queues:95:5)
    at /home/mhossein/Desktop/Cooleh.project/node_modules/express-rate-limit/dist/index.cjs:650:5
Metadata:
{
  "metadata": {
    "service": "user-service",
    "environment": "development",
    "trackingId": "a4b9c001-e7b7-484c-b350-234cd775fd84",
    "errorName": "RateLimitError",
    "statusCode": 429,
    "path": "/",
    "method": "GET",
    "ip": "::1",
    "userAgent": "Mozilla/5.0 (X11; Linux x86_64) AppleWebKit/537.36 (KHTML, like Gecko) Chrome/130.0.0.0 Safari/537.36",
    "requestBody": {},
    "requestQuery": {},
    "requestHeaders": {
      "host": "localhost:7000",
      "connection": "keep-alive",
      "cache-control": "max-age=0",
      "sec-ch-ua": "\"Chromium\";v=\"130\", \"Google Chrome\";v=\"130\", \"Not?A_Brand\";v=\"99\"",
      "sec-ch-ua-mobile": "?0",
      "sec-ch-ua-platform": "\"Linux\"",
      "upgrade-insecure-requests": "1",
      "user-agent": "Mozilla/5.0 (X11; Linux x86_64) AppleWebKit/537.36 (KHTML, like Gecko) Chrome/130.0.0.0 Safari/537.36",
      "accept": "text/html,application/xhtml+xml,application/xml;q=0.9,image/avif,image/webp,image/apng,*/*;q=0.8,application/signed-exchange;v=b3;q=0.7",
      "sec-fetch-site": "none",
      "sec-fetch-mode": "navigate",
      "sec-fetch-user": "?1",
      "sec-fetch-dest": "document",
      "accept-encoding": "gzip, deflate, br, zstd",
      "accept-language": "en-US,en;q=0.9,fa;q=0.8",
      "cookie": "openrouter-api-key=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; openrouter-model=meta-llama/llama-3.1-405b-instruct:free; _csrf=-6LD5lyGNZmnOODBcveUpkuN",
      "if-none-match": "W/\"24f-GF4jL3Cb127EP+SzJFiCo0Q9AAI\""
    }
  },
  "trackingId": "a4b9c001-e7b7-484c-b350-234cd775fd84",
  "errorName": "RateLimitError",
  "statusCode": 429,
  "path": "/",
  "method": "GET",
  "ip": "::1",
  "userAgent": "Mozilla/5.0 (X11; Linux x86_64) AppleWebKit/537.36 (KHTML, like Gecko) Chrome/130.0.0.0 Safari/537.36",
  "environment": "development",
  "requestBody": {},
  "requestQuery": {},
  "requestHeaders": {
    "host": "localhost:7000",
    "connection": "keep-alive",
    "cache-control": "max-age=0",
    "sec-ch-ua": "\"Chromium\";v=\"130\", \"Google Chrome\";v=\"130\", \"Not?A_Brand\";v=\"99\"",
    "sec-ch-ua-mobile": "?0",
    "sec-ch-ua-platform": "\"Linux\"",
    "upgrade-insecure-requests": "1",
    "user-agent": "Mozilla/5.0 (X11; Linux x86_64) AppleWebKit/537.36 (KHTML, like Gecko) Chrome/130.0.0.0 Safari/537.36",
    "accept": "text/html,application/xhtml+xml,application/xml;q=0.9,image/avif,image/webp,image/apng,*/*;q=0.8,application/signed-exchange;v=b3;q=0.7",
    "sec-fetch-site": "none",
    "sec-fetch-mode": "navigate",
    "sec-fetch-user": "?1",
    "sec-fetch-dest": "document",
    "accept-encoding": "gzip, deflate, br, zstd",
    "accept-language": "en-US,en;q=0.9,fa;q=0.8",
    "cookie": "openrouter-api-key=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; openrouter-model=meta-llama/llama-3.1-405b-instruct:free; _csrf=-6LD5lyGNZmnOODBcveUpkuN",
    "if-none-match": "W/\"24f-GF4jL3Cb127EP+SzJFiCo0Q9AAI\""
  }
}
2024-11-18T13:22:15.147Z error: تعداد درخواست‌های شما از حد مجاز بیشتر شده است.
Error Location: rateLimiter.middleware.js:54 (Object.handler)
Full Path: /home/mhossein/Desktop/Cooleh.project/app/http/middlewares/rateLimiter.middleware.js
Stack Trace:
RateLimitError: تعداد درخواست‌های شما از حد مجاز بیشتر شده است.
    at Object.handler (/home/mhossein/Desktop/Cooleh.project/app/http/middlewares/rateLimiter.middleware.js:54:15)
    at /home/mhossein/Desktop/Cooleh.project/node_modules/express-rate-limit/dist/index.cjs:749:16
    at processTicksAndRejections (node:internal/process/task_queues:95:5)
    at /home/mhossein/Desktop/Cooleh.project/node_modules/express-rate-limit/dist/index.cjs:650:5
Metadata:
{
  "metadata": {
    "service": "user-service",
    "environment": "development",
    "trackingId": "7f161b3c-7710-405a-8b5b-38e9bdf4beac",
    "errorName": "RateLimitError",
    "statusCode": 429,
    "path": "/",
    "method": "GET",
    "ip": "::1",
    "userAgent": "Mozilla/5.0 (X11; Linux x86_64) AppleWebKit/537.36 (KHTML, like Gecko) Chrome/130.0.0.0 Safari/537.36",
    "requestBody": {},
    "requestQuery": {},
    "requestHeaders": {
      "host": "localhost:7000",
      "connection": "keep-alive",
      "cache-control": "max-age=0",
      "sec-ch-ua": "\"Chromium\";v=\"130\", \"Google Chrome\";v=\"130\", \"Not?A_Brand\";v=\"99\"",
      "sec-ch-ua-mobile": "?0",
      "sec-ch-ua-platform": "\"Linux\"",
      "upgrade-insecure-requests": "1",
      "user-agent": "Mozilla/5.0 (X11; Linux x86_64) AppleWebKit/537.36 (KHTML, like Gecko) Chrome/130.0.0.0 Safari/537.36",
      "accept": "text/html,application/xhtml+xml,application/xml;q=0.9,image/avif,image/webp,image/apng,*/*;q=0.8,application/signed-exchange;v=b3;q=0.7",
      "sec-fetch-site": "none",
      "sec-fetch-mode": "navigate",
      "sec-fetch-user": "?1",
      "sec-fetch-dest": "document",
      "accept-encoding": "gzip, deflate, br, zstd",
      "accept-language": "en-US,en;q=0.9,fa;q=0.8",
      "cookie": "openrouter-api-key=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; openrouter-model=meta-llama/llama-3.1-405b-instruct:free; _csrf=-6LD5lyGNZmnOODBcveUpkuN"
    }
  },
  "trackingId": "7f161b3c-7710-405a-8b5b-38e9bdf4beac",
  "errorName": "RateLimitError",
  "statusCode": 429,
  "path": "/",
  "method": "GET",
  "ip": "::1",
  "userAgent": "Mozilla/5.0 (X11; Linux x86_64) AppleWebKit/537.36 (KHTML, like Gecko) Chrome/130.0.0.0 Safari/537.36",
  "environment": "development",
  "requestBody": {},
  "requestQuery": {},
  "requestHeaders": {
    "host": "localhost:7000",
    "connection": "keep-alive",
    "cache-control": "max-age=0",
    "sec-ch-ua": "\"Chromium\";v=\"130\", \"Google Chrome\";v=\"130\", \"Not?A_Brand\";v=\"99\"",
    "sec-ch-ua-mobile": "?0",
    "sec-ch-ua-platform": "\"Linux\"",
    "upgrade-insecure-requests": "1",
    "user-agent": "Mozilla/5.0 (X11; Linux x86_64) AppleWebKit/537.36 (KHTML, like Gecko) Chrome/130.0.0.0 Safari/537.36",
    "accept": "text/html,application/xhtml+xml,application/xml;q=0.9,image/avif,image/webp,image/apng,*/*;q=0.8,application/signed-exchange;v=b3;q=0.7",
    "sec-fetch-site": "none",
    "sec-fetch-mode": "navigate",
    "sec-fetch-user": "?1",
    "sec-fetch-dest": "document",
    "accept-encoding": "gzip, deflate, br, zstd",
    "accept-language": "en-US,en;q=0.9,fa;q=0.8",
    "cookie": "openrouter-api-key=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; openrouter-model=meta-llama/llama-3.1-405b-instruct:free; _csrf=-6LD5lyGNZmnOODBcveUpkuN"
  }
}
2024-11-18T13:22:15.314Z error: تعداد درخواست‌های شما از حد مجاز بیشتر شده است.
Error Location: rateLimiter.middleware.js:54 (Object.handler)
Full Path: /home/mhossein/Desktop/Cooleh.project/app/http/middlewares/rateLimiter.middleware.js
Stack Trace:
RateLimitError: تعداد درخواست‌های شما از حد مجاز بیشتر شده است.
    at Object.handler (/home/mhossein/Desktop/Cooleh.project/app/http/middlewares/rateLimiter.middleware.js:54:15)
    at /home/mhossein/Desktop/Cooleh.project/node_modules/express-rate-limit/dist/index.cjs:749:16
    at processTicksAndRejections (node:internal/process/task_queues:95:5)
    at /home/mhossein/Desktop/Cooleh.project/node_modules/express-rate-limit/dist/index.cjs:650:5
Metadata:
{
  "metadata": {
    "service": "user-service",
    "environment": "development",
    "trackingId": "932bb32b-3c84-4a26-bcbc-708fc3dee2f5",
    "errorName": "RateLimitError",
    "statusCode": 429,
    "path": "/",
    "method": "GET",
    "ip": "::1",
    "userAgent": "Mozilla/5.0 (X11; Linux x86_64) AppleWebKit/537.36 (KHTML, like Gecko) Chrome/130.0.0.0 Safari/537.36",
    "requestBody": {},
    "requestQuery": {},
    "requestHeaders": {
      "host": "localhost:7000",
      "connection": "keep-alive",
      "cache-control": "max-age=0",
      "sec-ch-ua": "\"Chromium\";v=\"130\", \"Google Chrome\";v=\"130\", \"Not?A_Brand\";v=\"99\"",
      "sec-ch-ua-mobile": "?0",
      "sec-ch-ua-platform": "\"Linux\"",
      "upgrade-insecure-requests": "1",
      "user-agent": "Mozilla/5.0 (X11; Linux x86_64) AppleWebKit/537.36 (KHTML, like Gecko) Chrome/130.0.0.0 Safari/537.36",
      "accept": "text/html,application/xhtml+xml,application/xml;q=0.9,image/avif,image/webp,image/apng,*/*;q=0.8,application/signed-exchange;v=b3;q=0.7",
      "sec-fetch-site": "none",
      "sec-fetch-mode": "navigate",
      "sec-fetch-user": "?1",
      "sec-fetch-dest": "document",
      "accept-encoding": "gzip, deflate, br, zstd",
      "accept-language": "en-US,en;q=0.9,fa;q=0.8",
      "cookie": "openrouter-api-key=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; openrouter-model=meta-llama/llama-3.1-405b-instruct:free; _csrf=-6LD5lyGNZmnOODBcveUpkuN"
    }
  },
  "trackingId": "932bb32b-3c84-4a26-bcbc-708fc3dee2f5",
  "errorName": "RateLimitError",
  "statusCode": 429,
  "path": "/",
  "method": "GET",
  "ip": "::1",
  "userAgent": "Mozilla/5.0 (X11; Linux x86_64) AppleWebKit/537.36 (KHTML, like Gecko) Chrome/130.0.0.0 Safari/537.36",
  "environment": "development",
  "requestBody": {},
  "requestQuery": {},
  "requestHeaders": {
    "host": "localhost:7000",
    "connection": "keep-alive",
    "cache-control": "max-age=0",
    "sec-ch-ua": "\"Chromium\";v=\"130\", \"Google Chrome\";v=\"130\", \"Not?A_Brand\";v=\"99\"",
    "sec-ch-ua-mobile": "?0",
    "sec-ch-ua-platform": "\"Linux\"",
    "upgrade-insecure-requests": "1",
    "user-agent": "Mozilla/5.0 (X11; Linux x86_64) AppleWebKit/537.36 (KHTML, like Gecko) Chrome/130.0.0.0 Safari/537.36",
    "accept": "text/html,application/xhtml+xml,application/xml;q=0.9,image/avif,image/webp,image/apng,*/*;q=0.8,application/signed-exchange;v=b3;q=0.7",
    "sec-fetch-site": "none",
    "sec-fetch-mode": "navigate",
    "sec-fetch-user": "?1",
    "sec-fetch-dest": "document",
    "accept-encoding": "gzip, deflate, br, zstd",
    "accept-language": "en-US,en;q=0.9,fa;q=0.8",
    "cookie": "openrouter-api-key=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; openrouter-model=meta-llama/llama-3.1-405b-instruct:free; _csrf=-6LD5lyGNZmnOODBcveUpkuN"
  }
}
2024-11-18T13:23:26.840Z error: ERR Error running script (call to f_3f424a504987d231baa2e19159bb5def8ad32f87): @user_script:5: ERR value is not an integer or out of range
Stack Trace:
ReplyError: ERR Error running script (call to f_3f424a504987d231baa2e19159bb5def8ad32f87): @user_script:5: ERR value is not an integer or out of range
    at parseError (/home/mhossein/Desktop/Cooleh.project/node_modules/redis-parser/lib/parser.js:179:12)
    at parseType (/home/mhossein/Desktop/Cooleh.project/node_modules/redis-parser/lib/parser.js:302:14)
Metadata:
{
  "metadata": {
    "service": "user-service",
    "environment": "development",
    "trackingId": "308de33f-bc7e-4518-89dc-8ef2b037ce57",
    "errorName": "ReplyError",
    "statusCode": 500,
    "path": "/",
    "method": "GET",
    "ip": "::1",
    "userAgent": "Mozilla/5.0 (X11; Linux x86_64) AppleWebKit/537.36 (KHTML, like Gecko) Chrome/130.0.0.0 Safari/537.36",
    "requestBody": {},
    "requestQuery": {},
    "requestHeaders": {
      "host": "localhost:7000",
      "connection": "keep-alive",
      "cache-control": "max-age=0",
      "sec-ch-ua": "\"Chromium\";v=\"130\", \"Google Chrome\";v=\"130\", \"Not?A_Brand\";v=\"99\"",
      "sec-ch-ua-mobile": "?0",
      "sec-ch-ua-platform": "\"Linux\"",
      "upgrade-insecure-requests": "1",
      "user-agent": "Mozilla/5.0 (X11; Linux x86_64) AppleWebKit/537.36 (KHTML, like Gecko) Chrome/130.0.0.0 Safari/537.36",
      "accept": "text/html,application/xhtml+xml,application/xml;q=0.9,image/avif,image/webp,image/apng,*/*;q=0.8,application/signed-exchange;v=b3;q=0.7",
      "sec-fetch-site": "none",
      "sec-fetch-mode": "navigate",
      "sec-fetch-user": "?1",
      "sec-fetch-dest": "document",
      "accept-encoding": "gzip, deflate, br, zstd",
      "accept-language": "en-US,en;q=0.9,fa;q=0.8",
      "cookie": "openrouter-api-key=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; openrouter-model=meta-llama/llama-3.1-405b-instruct:free; _csrf=-6LD5lyGNZmnOODBcveUpkuN"
    }
  },
  "trackingId": "308de33f-bc7e-4518-89dc-8ef2b037ce57",
  "errorName": "ReplyError",
  "statusCode": 500,
  "path": "/",
  "method": "GET",
  "ip": "::1",
  "userAgent": "Mozilla/5.0 (X11; Linux x86_64) AppleWebKit/537.36 (KHTML, like Gecko) Chrome/130.0.0.0 Safari/537.36",
  "environment": "development",
  "requestBody": {},
  "requestQuery": {},
  "requestHeaders": {
    "host": "localhost:7000",
    "connection": "keep-alive",
    "cache-control": "max-age=0",
    "sec-ch-ua": "\"Chromium\";v=\"130\", \"Google Chrome\";v=\"130\", \"Not?A_Brand\";v=\"99\"",
    "sec-ch-ua-mobile": "?0",
    "sec-ch-ua-platform": "\"Linux\"",
    "upgrade-insecure-requests": "1",
    "user-agent": "Mozilla/5.0 (X11; Linux x86_64) AppleWebKit/537.36 (KHTML, like Gecko) Chrome/130.0.0.0 Safari/537.36",
    "accept": "text/html,application/xhtml+xml,application/xml;q=0.9,image/avif,image/webp,image/apng,*/*;q=0.8,application/signed-exchange;v=b3;q=0.7",
    "sec-fetch-site": "none",
    "sec-fetch-mode": "navigate",
    "sec-fetch-user": "?1",
    "sec-fetch-dest": "document",
    "accept-encoding": "gzip, deflate, br, zstd",
    "accept-language": "en-US,en;q=0.9,fa;q=0.8",
    "cookie": "openrouter-api-key=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; openrouter-model=meta-llama/llama-3.1-405b-instruct:free; _csrf=-6LD5lyGNZmnOODBcveUpkuN"
  }
}
2024-11-18T13:23:28.020Z error: ERR Error running script (call to f_3f424a504987d231baa2e19159bb5def8ad32f87): @user_script:5: ERR value is not an integer or out of range
Stack Trace:
ReplyError: ERR Error running script (call to f_3f424a504987d231baa2e19159bb5def8ad32f87): @user_script:5: ERR value is not an integer or out of range
    at parseError (/home/mhossein/Desktop/Cooleh.project/node_modules/redis-parser/lib/parser.js:179:12)
    at parseType (/home/mhossein/Desktop/Cooleh.project/node_modules/redis-parser/lib/parser.js:302:14)
Metadata:
{
  "metadata": {
    "service": "user-service",
    "environment": "development",
    "trackingId": "d18d1416-71f2-4d6e-85e5-491b590b13b7",
    "errorName": "ReplyError",
    "statusCode": 500,
    "path": "/",
    "method": "GET",
    "ip": "::1",
    "userAgent": "Mozilla/5.0 (X11; Linux x86_64) AppleWebKit/537.36 (KHTML, like Gecko) Chrome/130.0.0.0 Safari/537.36",
    "requestBody": {},
    "requestQuery": {},
    "requestHeaders": {
      "host": "localhost:7000",
      "connection": "keep-alive",
      "cache-control": "max-age=0",
      "sec-ch-ua": "\"Chromium\";v=\"130\", \"Google Chrome\";v=\"130\", \"Not?A_Brand\";v=\"99\"",
      "sec-ch-ua-mobile": "?0",
      "sec-ch-ua-platform": "\"Linux\"",
      "upgrade-insecure-requests": "1",
      "user-agent": "Mozilla/5.0 (X11; Linux x86_64) AppleWebKit/537.36 (KHTML, like Gecko) Chrome/130.0.0.0 Safari/537.36",
      "accept": "text/html,application/xhtml+xml,application/xml;q=0.9,image/avif,image/webp,image/apng,*/*;q=0.8,application/signed-exchange;v=b3;q=0.7",
      "sec-fetch-site": "none",
      "sec-fetch-mode": "navigate",
      "sec-fetch-user": "?1",
      "sec-fetch-dest": "document",
      "accept-encoding": "gzip, deflate, br, zstd",
      "accept-language": "en-US,en;q=0.9,fa;q=0.8",
      "cookie": "openrouter-api-key=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; openrouter-model=meta-llama/llama-3.1-405b-instruct:free; _csrf=-6LD5lyGNZmnOODBcveUpkuN"
    }
  },
  "trackingId": "d18d1416-71f2-4d6e-85e5-491b590b13b7",
  "errorName": "ReplyError",
  "statusCode": 500,
  "path": "/",
  "method": "GET",
  "ip": "::1",
  "userAgent": "Mozilla/5.0 (X11; Linux x86_64) AppleWebKit/537.36 (KHTML, like Gecko) Chrome/130.0.0.0 Safari/537.36",
  "environment": "development",
  "requestBody": {},
  "requestQuery": {},
  "requestHeaders": {
    "host": "localhost:7000",
    "connection": "keep-alive",
    "cache-control": "max-age=0",
    "sec-ch-ua": "\"Chromium\";v=\"130\", \"Google Chrome\";v=\"130\", \"Not?A_Brand\";v=\"99\"",
    "sec-ch-ua-mobile": "?0",
    "sec-ch-ua-platform": "\"Linux\"",
    "upgrade-insecure-requests": "1",
    "user-agent": "Mozilla/5.0 (X11; Linux x86_64) AppleWebKit/537.36 (KHTML, like Gecko) Chrome/130.0.0.0 Safari/537.36",
    "accept": "text/html,application/xhtml+xml,application/xml;q=0.9,image/avif,image/webp,image/apng,*/*;q=0.8,application/signed-exchange;v=b3;q=0.7",
    "sec-fetch-site": "none",
    "sec-fetch-mode": "navigate",
    "sec-fetch-user": "?1",
    "sec-fetch-dest": "document",
    "accept-encoding": "gzip, deflate, br, zstd",
    "accept-language": "en-US,en;q=0.9,fa;q=0.8",
    "cookie": "openrouter-api-key=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; openrouter-model=meta-llama/llama-3.1-405b-instruct:free; _csrf=-6LD5lyGNZmnOODBcveUpkuN"
  }
}
2024-11-18T13:23:28.912Z error: ERR Error running script (call to f_3f424a504987d231baa2e19159bb5def8ad32f87): @user_script:5: ERR value is not an integer or out of range
Stack Trace:
ReplyError: ERR Error running script (call to f_3f424a504987d231baa2e19159bb5def8ad32f87): @user_script:5: ERR value is not an integer or out of range
    at parseError (/home/mhossein/Desktop/Cooleh.project/node_modules/redis-parser/lib/parser.js:179:12)
    at parseType (/home/mhossein/Desktop/Cooleh.project/node_modules/redis-parser/lib/parser.js:302:14)
Metadata:
{
  "metadata": {
    "service": "user-service",
    "environment": "development",
    "trackingId": "5a051db8-eff2-4835-aa25-644ddec5685d",
    "errorName": "ReplyError",
    "statusCode": 500,
    "path": "/",
    "method": "GET",
    "ip": "::1",
    "userAgent": "Mozilla/5.0 (X11; Linux x86_64) AppleWebKit/537.36 (KHTML, like Gecko) Chrome/130.0.0.0 Safari/537.36",
    "requestBody": {},
    "requestQuery": {},
    "requestHeaders": {
      "host": "localhost:7000",
      "connection": "keep-alive",
      "cache-control": "max-age=0",
      "sec-ch-ua": "\"Chromium\";v=\"130\", \"Google Chrome\";v=\"130\", \"Not?A_Brand\";v=\"99\"",
      "sec-ch-ua-mobile": "?0",
      "sec-ch-ua-platform": "\"Linux\"",
      "upgrade-insecure-requests": "1",
      "user-agent": "Mozilla/5.0 (X11; Linux x86_64) AppleWebKit/537.36 (KHTML, like Gecko) Chrome/130.0.0.0 Safari/537.36",
      "accept": "text/html,application/xhtml+xml,application/xml;q=0.9,image/avif,image/webp,image/apng,*/*;q=0.8,application/signed-exchange;v=b3;q=0.7",
      "sec-fetch-site": "none",
      "sec-fetch-mode": "navigate",
      "sec-fetch-user": "?1",
      "sec-fetch-dest": "document",
      "accept-encoding": "gzip, deflate, br, zstd",
      "accept-language": "en-US,en;q=0.9,fa;q=0.8",
      "cookie": "openrouter-api-key=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; openrouter-model=meta-llama/llama-3.1-405b-instruct:free; _csrf=-6LD5lyGNZmnOODBcveUpkuN"
    }
  },
  "trackingId": "5a051db8-eff2-4835-aa25-644ddec5685d",
  "errorName": "ReplyError",
  "statusCode": 500,
  "path": "/",
  "method": "GET",
  "ip": "::1",
  "userAgent": "Mozilla/5.0 (X11; Linux x86_64) AppleWebKit/537.36 (KHTML, like Gecko) Chrome/130.0.0.0 Safari/537.36",
  "environment": "development",
  "requestBody": {},
  "requestQuery": {},
  "requestHeaders": {
    "host": "localhost:7000",
    "connection": "keep-alive",
    "cache-control": "max-age=0",
    "sec-ch-ua": "\"Chromium\";v=\"130\", \"Google Chrome\";v=\"130\", \"Not?A_Brand\";v=\"99\"",
    "sec-ch-ua-mobile": "?0",
    "sec-ch-ua-platform": "\"Linux\"",
    "upgrade-insecure-requests": "1",
    "user-agent": "Mozilla/5.0 (X11; Linux x86_64) AppleWebKit/537.36 (KHTML, like Gecko) Chrome/130.0.0.0 Safari/537.36",
    "accept": "text/html,application/xhtml+xml,application/xml;q=0.9,image/avif,image/webp,image/apng,*/*;q=0.8,application/signed-exchange;v=b3;q=0.7",
    "sec-fetch-site": "none",
    "sec-fetch-mode": "navigate",
    "sec-fetch-user": "?1",
    "sec-fetch-dest": "document",
    "accept-encoding": "gzip, deflate, br, zstd",
    "accept-language": "en-US,en;q=0.9,fa;q=0.8",
    "cookie": "openrouter-api-key=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; openrouter-model=meta-llama/llama-3.1-405b-instruct:free; _csrf=-6LD5lyGNZmnOODBcveUpkuN"
  }
}
2024-11-18T13:23:29.577Z error: ERR Error running script (call to f_3f424a504987d231baa2e19159bb5def8ad32f87): @user_script:5: ERR value is not an integer or out of range
Stack Trace:
ReplyError: ERR Error running script (call to f_3f424a504987d231baa2e19159bb5def8ad32f87): @user_script:5: ERR value is not an integer or out of range
    at parseError (/home/mhossein/Desktop/Cooleh.project/node_modules/redis-parser/lib/parser.js:179:12)
    at parseType (/home/mhossein/Desktop/Cooleh.project/node_modules/redis-parser/lib/parser.js:302:14)
Metadata:
{
  "metadata": {
    "service": "user-service",
    "environment": "development",
    "trackingId": "23dbd957-37d1-4299-873b-297878c31294",
    "errorName": "ReplyError",
    "statusCode": 500,
    "path": "/",
    "method": "GET",
    "ip": "::1",
    "userAgent": "Mozilla/5.0 (X11; Linux x86_64) AppleWebKit/537.36 (KHTML, like Gecko) Chrome/130.0.0.0 Safari/537.36",
    "requestBody": {},
    "requestQuery": {},
    "requestHeaders": {
      "host": "localhost:7000",
      "connection": "keep-alive",
      "cache-control": "max-age=0",
      "sec-ch-ua": "\"Chromium\";v=\"130\", \"Google Chrome\";v=\"130\", \"Not?A_Brand\";v=\"99\"",
      "sec-ch-ua-mobile": "?0",
      "sec-ch-ua-platform": "\"Linux\"",
      "upgrade-insecure-requests": "1",
      "user-agent": "Mozilla/5.0 (X11; Linux x86_64) AppleWebKit/537.36 (KHTML, like Gecko) Chrome/130.0.0.0 Safari/537.36",
      "accept": "text/html,application/xhtml+xml,application/xml;q=0.9,image/avif,image/webp,image/apng,*/*;q=0.8,application/signed-exchange;v=b3;q=0.7",
      "sec-fetch-site": "none",
      "sec-fetch-mode": "navigate",
      "sec-fetch-user": "?1",
      "sec-fetch-dest": "document",
      "accept-encoding": "gzip, deflate, br, zstd",
      "accept-language": "en-US,en;q=0.9,fa;q=0.8",
      "cookie": "openrouter-api-key=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; openrouter-model=meta-llama/llama-3.1-405b-instruct:free; _csrf=-6LD5lyGNZmnOODBcveUpkuN"
    }
  },
  "trackingId": "23dbd957-37d1-4299-873b-297878c31294",
  "errorName": "ReplyError",
  "statusCode": 500,
  "path": "/",
  "method": "GET",
  "ip": "::1",
  "userAgent": "Mozilla/5.0 (X11; Linux x86_64) AppleWebKit/537.36 (KHTML, like Gecko) Chrome/130.0.0.0 Safari/537.36",
  "environment": "development",
  "requestBody": {},
  "requestQuery": {},
  "requestHeaders": {
    "host": "localhost:7000",
    "connection": "keep-alive",
    "cache-control": "max-age=0",
    "sec-ch-ua": "\"Chromium\";v=\"130\", \"Google Chrome\";v=\"130\", \"Not?A_Brand\";v=\"99\"",
    "sec-ch-ua-mobile": "?0",
    "sec-ch-ua-platform": "\"Linux\"",
    "upgrade-insecure-requests": "1",
    "user-agent": "Mozilla/5.0 (X11; Linux x86_64) AppleWebKit/537.36 (KHTML, like Gecko) Chrome/130.0.0.0 Safari/537.36",
    "accept": "text/html,application/xhtml+xml,application/xml;q=0.9,image/avif,image/webp,image/apng,*/*;q=0.8,application/signed-exchange;v=b3;q=0.7",
    "sec-fetch-site": "none",
    "sec-fetch-mode": "navigate",
    "sec-fetch-user": "?1",
    "sec-fetch-dest": "document",
    "accept-encoding": "gzip, deflate, br, zstd",
    "accept-language": "en-US,en;q=0.9,fa;q=0.8",
    "cookie": "openrouter-api-key=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; openrouter-model=meta-llama/llama-3.1-405b-instruct:free; _csrf=-6LD5lyGNZmnOODBcveUpkuN"
  }
}
2024-11-18T13:23:32.595Z error: ERR Error running script (call to f_3f424a504987d231baa2e19159bb5def8ad32f87): @user_script:5: ERR value is not an integer or out of range
Stack Trace:
ReplyError: ERR Error running script (call to f_3f424a504987d231baa2e19159bb5def8ad32f87): @user_script:5: ERR value is not an integer or out of range
    at parseError (/home/mhossein/Desktop/Cooleh.project/node_modules/redis-parser/lib/parser.js:179:12)
    at parseType (/home/mhossein/Desktop/Cooleh.project/node_modules/redis-parser/lib/parser.js:302:14)
Metadata:
{
  "metadata": {
    "service": "user-service",
    "environment": "development",
    "trackingId": "c64a06e2-731f-45a7-ae56-7f8370b173c5",
    "errorName": "ReplyError",
    "statusCode": 500,
    "path": "/",
    "method": "GET",
    "ip": "::1",
    "userAgent": "Mozilla/5.0 (X11; Linux x86_64) AppleWebKit/537.36 (KHTML, like Gecko) Chrome/130.0.0.0 Safari/537.36",
    "requestBody": {},
    "requestQuery": {},
    "requestHeaders": {
      "host": "localhost:7000",
      "connection": "keep-alive",
      "cache-control": "max-age=0",
      "sec-ch-ua": "\"Chromium\";v=\"130\", \"Google Chrome\";v=\"130\", \"Not?A_Brand\";v=\"99\"",
      "sec-ch-ua-mobile": "?0",
      "sec-ch-ua-platform": "\"Linux\"",
      "upgrade-insecure-requests": "1",
      "user-agent": "Mozilla/5.0 (X11; Linux x86_64) AppleWebKit/537.36 (KHTML, like Gecko) Chrome/130.0.0.0 Safari/537.36",
      "accept": "text/html,application/xhtml+xml,application/xml;q=0.9,image/avif,image/webp,image/apng,*/*;q=0.8,application/signed-exchange;v=b3;q=0.7",
      "sec-fetch-site": "none",
      "sec-fetch-mode": "navigate",
      "sec-fetch-user": "?1",
      "sec-fetch-dest": "document",
      "accept-encoding": "gzip, deflate, br, zstd",
      "accept-language": "en-US,en;q=0.9,fa;q=0.8",
      "cookie": "openrouter-api-key=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; openrouter-model=meta-llama/llama-3.1-405b-instruct:free; _csrf=-6LD5lyGNZmnOODBcveUpkuN"
    }
  },
  "trackingId": "c64a06e2-731f-45a7-ae56-7f8370b173c5",
  "errorName": "ReplyError",
  "statusCode": 500,
  "path": "/",
  "method": "GET",
  "ip": "::1",
  "userAgent": "Mozilla/5.0 (X11; Linux x86_64) AppleWebKit/537.36 (KHTML, like Gecko) Chrome/130.0.0.0 Safari/537.36",
  "environment": "development",
  "requestBody": {},
  "requestQuery": {},
  "requestHeaders": {
    "host": "localhost:7000",
    "connection": "keep-alive",
    "cache-control": "max-age=0",
    "sec-ch-ua": "\"Chromium\";v=\"130\", \"Google Chrome\";v=\"130\", \"Not?A_Brand\";v=\"99\"",
    "sec-ch-ua-mobile": "?0",
    "sec-ch-ua-platform": "\"Linux\"",
    "upgrade-insecure-requests": "1",
    "user-agent": "Mozilla/5.0 (X11; Linux x86_64) AppleWebKit/537.36 (KHTML, like Gecko) Chrome/130.0.0.0 Safari/537.36",
    "accept": "text/html,application/xhtml+xml,application/xml;q=0.9,image/avif,image/webp,image/apng,*/*;q=0.8,application/signed-exchange;v=b3;q=0.7",
    "sec-fetch-site": "none",
    "sec-fetch-mode": "navigate",
    "sec-fetch-user": "?1",
    "sec-fetch-dest": "document",
    "accept-encoding": "gzip, deflate, br, zstd",
    "accept-language": "en-US,en;q=0.9,fa;q=0.8",
    "cookie": "openrouter-api-key=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; openrouter-model=meta-llama/llama-3.1-405b-instruct:free; _csrf=-6LD5lyGNZmnOODBcveUpkuN"
  }
}
2024-11-18 16:53:41 info: Server is running at http://localhost:7000
Metadata:
{
  "metadata": {
    "service": "user-service",
    "environment": "development"
  }
}
2024-11-18 16:53:41 info: Connected to MongoDB
Metadata:
{
  "metadata": {
    "service": "user-service",
    "environment": "development"
  }
}
2024-11-18 16:53:42 info: PrismaORM connected to MariaDB
Metadata:
{
  "metadata": {
    "service": "user-service",
    "environment": "development"
  }
}
2024-11-18T13:23:52.320Z error: ERR Error running script (call to f_3f424a504987d231baa2e19159bb5def8ad32f87): @user_script:5: ERR value is not an integer or out of range
Stack Trace:
ReplyError: ERR Error running script (call to f_3f424a504987d231baa2e19159bb5def8ad32f87): @user_script:5: ERR value is not an integer or out of range
    at parseError (/home/mhossein/Desktop/Cooleh.project/node_modules/redis-parser/lib/parser.js:179:12)
    at parseType (/home/mhossein/Desktop/Cooleh.project/node_modules/redis-parser/lib/parser.js:302:14)
Metadata:
{
  "metadata": {
    "service": "user-service",
    "environment": "development",
    "trackingId": "d2794bbc-f758-4091-a077-37f634dbadc8",
    "errorName": "ReplyError",
    "statusCode": 500,
    "path": "/",
    "method": "GET",
    "ip": "::1",
    "userAgent": "Mozilla/5.0 (X11; Linux x86_64) AppleWebKit/537.36 (KHTML, like Gecko) Chrome/130.0.0.0 Safari/537.36",
    "requestBody": {},
    "requestQuery": {},
    "requestHeaders": {
      "host": "localhost:7000",
      "connection": "keep-alive",
      "cache-control": "max-age=0",
      "sec-ch-ua": "\"Chromium\";v=\"130\", \"Google Chrome\";v=\"130\", \"Not?A_Brand\";v=\"99\"",
      "sec-ch-ua-mobile": "?0",
      "sec-ch-ua-platform": "\"Linux\"",
      "upgrade-insecure-requests": "1",
      "user-agent": "Mozilla/5.0 (X11; Linux x86_64) AppleWebKit/537.36 (KHTML, like Gecko) Chrome/130.0.0.0 Safari/537.36",
      "accept": "text/html,application/xhtml+xml,application/xml;q=0.9,image/avif,image/webp,image/apng,*/*;q=0.8,application/signed-exchange;v=b3;q=0.7",
      "sec-fetch-site": "none",
      "sec-fetch-mode": "navigate",
      "sec-fetch-user": "?1",
      "sec-fetch-dest": "document",
      "accept-encoding": "gzip, deflate, br, zstd",
      "accept-language": "en-US,en;q=0.9,fa;q=0.8",
      "cookie": "openrouter-api-key=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; openrouter-model=meta-llama/llama-3.1-405b-instruct:free; _csrf=-6LD5lyGNZmnOODBcveUpkuN"
    }
  },
  "trackingId": "d2794bbc-f758-4091-a077-37f634dbadc8",
  "errorName": "ReplyError",
  "statusCode": 500,
  "path": "/",
  "method": "GET",
  "ip": "::1",
  "userAgent": "Mozilla/5.0 (X11; Linux x86_64) AppleWebKit/537.36 (KHTML, like Gecko) Chrome/130.0.0.0 Safari/537.36",
  "environment": "development",
  "requestBody": {},
  "requestQuery": {},
  "requestHeaders": {
    "host": "localhost:7000",
    "connection": "keep-alive",
    "cache-control": "max-age=0",
    "sec-ch-ua": "\"Chromium\";v=\"130\", \"Google Chrome\";v=\"130\", \"Not?A_Brand\";v=\"99\"",
    "sec-ch-ua-mobile": "?0",
    "sec-ch-ua-platform": "\"Linux\"",
    "upgrade-insecure-requests": "1",
    "user-agent": "Mozilla/5.0 (X11; Linux x86_64) AppleWebKit/537.36 (KHTML, like Gecko) Chrome/130.0.0.0 Safari/537.36",
    "accept": "text/html,application/xhtml+xml,application/xml;q=0.9,image/avif,image/webp,image/apng,*/*;q=0.8,application/signed-exchange;v=b3;q=0.7",
    "sec-fetch-site": "none",
    "sec-fetch-mode": "navigate",
    "sec-fetch-user": "?1",
    "sec-fetch-dest": "document",
    "accept-encoding": "gzip, deflate, br, zstd",
    "accept-language": "en-US,en;q=0.9,fa;q=0.8",
    "cookie": "openrouter-api-key=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; openrouter-model=meta-llama/llama-3.1-405b-instruct:free; _csrf=-6LD5lyGNZmnOODBcveUpkuN"
  }
}
2024-11-18T13:23:53.663Z error: ERR Error running script (call to f_3f424a504987d231baa2e19159bb5def8ad32f87): @user_script:5: ERR value is not an integer or out of range
Stack Trace:
ReplyError: ERR Error running script (call to f_3f424a504987d231baa2e19159bb5def8ad32f87): @user_script:5: ERR value is not an integer or out of range
    at parseError (/home/mhossein/Desktop/Cooleh.project/node_modules/redis-parser/lib/parser.js:179:12)
    at parseType (/home/mhossein/Desktop/Cooleh.project/node_modules/redis-parser/lib/parser.js:302:14)
Metadata:
{
  "metadata": {
    "service": "user-service",
    "environment": "development",
    "trackingId": "983b75b2-0f53-4954-9a10-faa783853786",
    "errorName": "ReplyError",
    "statusCode": 500,
    "path": "/",
    "method": "GET",
    "ip": "::1",
    "userAgent": "Mozilla/5.0 (X11; Linux x86_64) AppleWebKit/537.36 (KHTML, like Gecko) Chrome/130.0.0.0 Safari/537.36",
    "requestBody": {},
    "requestQuery": {},
    "requestHeaders": {
      "host": "localhost:7000",
      "connection": "keep-alive",
      "cache-control": "max-age=0",
      "sec-ch-ua": "\"Chromium\";v=\"130\", \"Google Chrome\";v=\"130\", \"Not?A_Brand\";v=\"99\"",
      "sec-ch-ua-mobile": "?0",
      "sec-ch-ua-platform": "\"Linux\"",
      "upgrade-insecure-requests": "1",
      "user-agent": "Mozilla/5.0 (X11; Linux x86_64) AppleWebKit/537.36 (KHTML, like Gecko) Chrome/130.0.0.0 Safari/537.36",
      "accept": "text/html,application/xhtml+xml,application/xml;q=0.9,image/avif,image/webp,image/apng,*/*;q=0.8,application/signed-exchange;v=b3;q=0.7",
      "sec-fetch-site": "none",
      "sec-fetch-mode": "navigate",
      "sec-fetch-user": "?1",
      "sec-fetch-dest": "document",
      "accept-encoding": "gzip, deflate, br, zstd",
      "accept-language": "en-US,en;q=0.9,fa;q=0.8",
      "cookie": "openrouter-api-key=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; openrouter-model=meta-llama/llama-3.1-405b-instruct:free; _csrf=-6LD5lyGNZmnOODBcveUpkuN"
    }
  },
  "trackingId": "983b75b2-0f53-4954-9a10-faa783853786",
  "errorName": "ReplyError",
  "statusCode": 500,
  "path": "/",
  "method": "GET",
  "ip": "::1",
  "userAgent": "Mozilla/5.0 (X11; Linux x86_64) AppleWebKit/537.36 (KHTML, like Gecko) Chrome/130.0.0.0 Safari/537.36",
  "environment": "development",
  "requestBody": {},
  "requestQuery": {},
  "requestHeaders": {
    "host": "localhost:7000",
    "connection": "keep-alive",
    "cache-control": "max-age=0",
    "sec-ch-ua": "\"Chromium\";v=\"130\", \"Google Chrome\";v=\"130\", \"Not?A_Brand\";v=\"99\"",
    "sec-ch-ua-mobile": "?0",
    "sec-ch-ua-platform": "\"Linux\"",
    "upgrade-insecure-requests": "1",
    "user-agent": "Mozilla/5.0 (X11; Linux x86_64) AppleWebKit/537.36 (KHTML, like Gecko) Chrome/130.0.0.0 Safari/537.36",
    "accept": "text/html,application/xhtml+xml,application/xml;q=0.9,image/avif,image/webp,image/apng,*/*;q=0.8,application/signed-exchange;v=b3;q=0.7",
    "sec-fetch-site": "none",
    "sec-fetch-mode": "navigate",
    "sec-fetch-user": "?1",
    "sec-fetch-dest": "document",
    "accept-encoding": "gzip, deflate, br, zstd",
    "accept-language": "en-US,en;q=0.9,fa;q=0.8",
    "cookie": "openrouter-api-key=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; openrouter-model=meta-llama/llama-3.1-405b-instruct:free; _csrf=-6LD5lyGNZmnOODBcveUpkuN"
  }
}
2024-11-18T13:23:54.188Z error: ERR Error running script (call to f_3f424a504987d231baa2e19159bb5def8ad32f87): @user_script:5: ERR value is not an integer or out of range
Stack Trace:
ReplyError: ERR Error running script (call to f_3f424a504987d231baa2e19159bb5def8ad32f87): @user_script:5: ERR value is not an integer or out of range
    at parseError (/home/mhossein/Desktop/Cooleh.project/node_modules/redis-parser/lib/parser.js:179:12)
    at parseType (/home/mhossein/Desktop/Cooleh.project/node_modules/redis-parser/lib/parser.js:302:14)
Metadata:
{
  "metadata": {
    "service": "user-service",
    "environment": "development",
    "trackingId": "2a179ec8-671e-4ea1-9758-849ff582dc8a",
    "errorName": "ReplyError",
    "statusCode": 500,
    "path": "/",
    "method": "GET",
    "ip": "::1",
    "userAgent": "Mozilla/5.0 (X11; Linux x86_64) AppleWebKit/537.36 (KHTML, like Gecko) Chrome/130.0.0.0 Safari/537.36",
    "requestBody": {},
    "requestQuery": {},
    "requestHeaders": {
      "host": "localhost:7000",
      "connection": "keep-alive",
      "cache-control": "max-age=0",
      "sec-ch-ua": "\"Chromium\";v=\"130\", \"Google Chrome\";v=\"130\", \"Not?A_Brand\";v=\"99\"",
      "sec-ch-ua-mobile": "?0",
      "sec-ch-ua-platform": "\"Linux\"",
      "upgrade-insecure-requests": "1",
      "user-agent": "Mozilla/5.0 (X11; Linux x86_64) AppleWebKit/537.36 (KHTML, like Gecko) Chrome/130.0.0.0 Safari/537.36",
      "accept": "text/html,application/xhtml+xml,application/xml;q=0.9,image/avif,image/webp,image/apng,*/*;q=0.8,application/signed-exchange;v=b3;q=0.7",
      "sec-fetch-site": "none",
      "sec-fetch-mode": "navigate",
      "sec-fetch-user": "?1",
      "sec-fetch-dest": "document",
      "accept-encoding": "gzip, deflate, br, zstd",
      "accept-language": "en-US,en;q=0.9,fa;q=0.8",
      "cookie": "openrouter-api-key=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; openrouter-model=meta-llama/llama-3.1-405b-instruct:free; _csrf=-6LD5lyGNZmnOODBcveUpkuN"
    }
  },
  "trackingId": "2a179ec8-671e-4ea1-9758-849ff582dc8a",
  "errorName": "ReplyError",
  "statusCode": 500,
  "path": "/",
  "method": "GET",
  "ip": "::1",
  "userAgent": "Mozilla/5.0 (X11; Linux x86_64) AppleWebKit/537.36 (KHTML, like Gecko) Chrome/130.0.0.0 Safari/537.36",
  "environment": "development",
  "requestBody": {},
  "requestQuery": {},
  "requestHeaders": {
    "host": "localhost:7000",
    "connection": "keep-alive",
    "cache-control": "max-age=0",
    "sec-ch-ua": "\"Chromium\";v=\"130\", \"Google Chrome\";v=\"130\", \"Not?A_Brand\";v=\"99\"",
    "sec-ch-ua-mobile": "?0",
    "sec-ch-ua-platform": "\"Linux\"",
    "upgrade-insecure-requests": "1",
    "user-agent": "Mozilla/5.0 (X11; Linux x86_64) AppleWebKit/537.36 (KHTML, like Gecko) Chrome/130.0.0.0 Safari/537.36",
    "accept": "text/html,application/xhtml+xml,application/xml;q=0.9,image/avif,image/webp,image/apng,*/*;q=0.8,application/signed-exchange;v=b3;q=0.7",
    "sec-fetch-site": "none",
    "sec-fetch-mode": "navigate",
    "sec-fetch-user": "?1",
    "sec-fetch-dest": "document",
    "accept-encoding": "gzip, deflate, br, zstd",
    "accept-language": "en-US,en;q=0.9,fa;q=0.8",
    "cookie": "openrouter-api-key=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; openrouter-model=meta-llama/llama-3.1-405b-instruct:free; _csrf=-6LD5lyGNZmnOODBcveUpkuN"
  }
}
2024-11-18T13:23:56.127Z error: ERR Error running script (call to f_3f424a504987d231baa2e19159bb5def8ad32f87): @user_script:5: ERR value is not an integer or out of range
Stack Trace:
ReplyError: ERR Error running script (call to f_3f424a504987d231baa2e19159bb5def8ad32f87): @user_script:5: ERR value is not an integer or out of range
    at parseError (/home/mhossein/Desktop/Cooleh.project/node_modules/redis-parser/lib/parser.js:179:12)
    at parseType (/home/mhossein/Desktop/Cooleh.project/node_modules/redis-parser/lib/parser.js:302:14)
Metadata:
{
  "metadata": {
    "service": "user-service",
    "environment": "development",
    "trackingId": "24af0e77-5b69-456e-bedd-c613b5cc5890",
    "errorName": "ReplyError",
    "statusCode": 500,
    "path": "/",
    "method": "GET",
    "ip": "::1",
    "userAgent": "Mozilla/5.0 (X11; Linux x86_64) AppleWebKit/537.36 (KHTML, like Gecko) Chrome/130.0.0.0 Safari/537.36",
    "requestBody": {},
    "requestQuery": {},
    "requestHeaders": {
      "host": "localhost:7000",
      "connection": "keep-alive",
      "cache-control": "max-age=0",
      "sec-ch-ua": "\"Chromium\";v=\"130\", \"Google Chrome\";v=\"130\", \"Not?A_Brand\";v=\"99\"",
      "sec-ch-ua-mobile": "?0",
      "sec-ch-ua-platform": "\"Linux\"",
      "upgrade-insecure-requests": "1",
      "user-agent": "Mozilla/5.0 (X11; Linux x86_64) AppleWebKit/537.36 (KHTML, like Gecko) Chrome/130.0.0.0 Safari/537.36",
      "accept": "text/html,application/xhtml+xml,application/xml;q=0.9,image/avif,image/webp,image/apng,*/*;q=0.8,application/signed-exchange;v=b3;q=0.7",
      "sec-fetch-site": "none",
      "sec-fetch-mode": "navigate",
      "sec-fetch-user": "?1",
      "sec-fetch-dest": "document",
      "accept-encoding": "gzip, deflate, br, zstd",
      "accept-language": "en-US,en;q=0.9,fa;q=0.8",
      "cookie": "openrouter-api-key=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; openrouter-model=meta-llama/llama-3.1-405b-instruct:free; _csrf=-6LD5lyGNZmnOODBcveUpkuN"
    }
  },
  "trackingId": "24af0e77-5b69-456e-bedd-c613b5cc5890",
  "errorName": "ReplyError",
  "statusCode": 500,
  "path": "/",
  "method": "GET",
  "ip": "::1",
  "userAgent": "Mozilla/5.0 (X11; Linux x86_64) AppleWebKit/537.36 (KHTML, like Gecko) Chrome/130.0.0.0 Safari/537.36",
  "environment": "development",
  "requestBody": {},
  "requestQuery": {},
  "requestHeaders": {
    "host": "localhost:7000",
    "connection": "keep-alive",
    "cache-control": "max-age=0",
    "sec-ch-ua": "\"Chromium\";v=\"130\", \"Google Chrome\";v=\"130\", \"Not?A_Brand\";v=\"99\"",
    "sec-ch-ua-mobile": "?0",
    "sec-ch-ua-platform": "\"Linux\"",
    "upgrade-insecure-requests": "1",
    "user-agent": "Mozilla/5.0 (X11; Linux x86_64) AppleWebKit/537.36 (KHTML, like Gecko) Chrome/130.0.0.0 Safari/537.36",
    "accept": "text/html,application/xhtml+xml,application/xml;q=0.9,image/avif,image/webp,image/apng,*/*;q=0.8,application/signed-exchange;v=b3;q=0.7",
    "sec-fetch-site": "none",
    "sec-fetch-mode": "navigate",
    "sec-fetch-user": "?1",
    "sec-fetch-dest": "document",
    "accept-encoding": "gzip, deflate, br, zstd",
    "accept-language": "en-US,en;q=0.9,fa;q=0.8",
    "cookie": "openrouter-api-key=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; openrouter-model=meta-llama/llama-3.1-405b-instruct:free; _csrf=-6LD5lyGNZmnOODBcveUpkuN"
  }
}
2024-11-18T13:24:05.156Z error: ERR Error running script (call to f_3f424a504987d231baa2e19159bb5def8ad32f87): @user_script:5: ERR value is not an integer or out of range
Stack Trace:
ReplyError: ERR Error running script (call to f_3f424a504987d231baa2e19159bb5def8ad32f87): @user_script:5: ERR value is not an integer or out of range
    at parseError (/home/mhossein/Desktop/Cooleh.project/node_modules/redis-parser/lib/parser.js:179:12)
    at parseType (/home/mhossein/Desktop/Cooleh.project/node_modules/redis-parser/lib/parser.js:302:14)
Metadata:
{
  "metadata": {
    "service": "user-service",
    "environment": "development",
    "trackingId": "7cad9ab9-9cff-461a-934f-55e6196d8ff1",
    "errorName": "ReplyError",
    "statusCode": 500,
    "path": "/",
    "method": "GET",
    "ip": "::1",
    "userAgent": "Mozilla/5.0 (X11; Linux x86_64) AppleWebKit/537.36 (KHTML, like Gecko) Chrome/130.0.0.0 Safari/537.36",
    "requestBody": {},
    "requestQuery": {},
    "requestHeaders": {
      "host": "localhost:7000",
      "connection": "keep-alive",
      "cache-control": "max-age=0",
      "sec-ch-ua": "\"Chromium\";v=\"130\", \"Google Chrome\";v=\"130\", \"Not?A_Brand\";v=\"99\"",
      "sec-ch-ua-mobile": "?0",
      "sec-ch-ua-platform": "\"Linux\"",
      "upgrade-insecure-requests": "1",
      "user-agent": "Mozilla/5.0 (X11; Linux x86_64) AppleWebKit/537.36 (KHTML, like Gecko) Chrome/130.0.0.0 Safari/537.36",
      "accept": "text/html,application/xhtml+xml,application/xml;q=0.9,image/avif,image/webp,image/apng,*/*;q=0.8,application/signed-exchange;v=b3;q=0.7",
      "sec-fetch-site": "none",
      "sec-fetch-mode": "navigate",
      "sec-fetch-user": "?1",
      "sec-fetch-dest": "document",
      "accept-encoding": "gzip, deflate, br, zstd",
      "accept-language": "en-US,en;q=0.9,fa;q=0.8",
      "cookie": "openrouter-api-key=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; openrouter-model=meta-llama/llama-3.1-405b-instruct:free; _csrf=-6LD5lyGNZmnOODBcveUpkuN"
    }
  },
  "trackingId": "7cad9ab9-9cff-461a-934f-55e6196d8ff1",
  "errorName": "ReplyError",
  "statusCode": 500,
  "path": "/",
  "method": "GET",
  "ip": "::1",
  "userAgent": "Mozilla/5.0 (X11; Linux x86_64) AppleWebKit/537.36 (KHTML, like Gecko) Chrome/130.0.0.0 Safari/537.36",
  "environment": "development",
  "requestBody": {},
  "requestQuery": {},
  "requestHeaders": {
    "host": "localhost:7000",
    "connection": "keep-alive",
    "cache-control": "max-age=0",
    "sec-ch-ua": "\"Chromium\";v=\"130\", \"Google Chrome\";v=\"130\", \"Not?A_Brand\";v=\"99\"",
    "sec-ch-ua-mobile": "?0",
    "sec-ch-ua-platform": "\"Linux\"",
    "upgrade-insecure-requests": "1",
    "user-agent": "Mozilla/5.0 (X11; Linux x86_64) AppleWebKit/537.36 (KHTML, like Gecko) Chrome/130.0.0.0 Safari/537.36",
    "accept": "text/html,application/xhtml+xml,application/xml;q=0.9,image/avif,image/webp,image/apng,*/*;q=0.8,application/signed-exchange;v=b3;q=0.7",
    "sec-fetch-site": "none",
    "sec-fetch-mode": "navigate",
    "sec-fetch-user": "?1",
    "sec-fetch-dest": "document",
    "accept-encoding": "gzip, deflate, br, zstd",
    "accept-language": "en-US,en;q=0.9,fa;q=0.8",
    "cookie": "openrouter-api-key=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; openrouter-model=meta-llama/llama-3.1-405b-instruct:free; _csrf=-6LD5lyGNZmnOODBcveUpkuN"
  }
}
2024-11-18 16:56:09 info: Server is running at http://localhost:7000
Metadata:
{
  "metadata": {
    "service": "user-service",
    "environment": "development"
  }
}
2024-11-18 16:56:09 info: Connected to MongoDB
Metadata:
{
  "metadata": {
    "service": "user-service",
    "environment": "development"
  }
}
2024-11-18 16:56:10 info: PrismaORM connected to MariaDB
Metadata:
{
  "metadata": {
    "service": "user-service",
    "environment": "development"
  }
}
2024-11-18T13:26:27.394Z error: ERR Error running script (call to f_3f424a504987d231baa2e19159bb5def8ad32f87): @user_script:5: ERR value is not an integer or out of range
Stack Trace:
ReplyError: ERR Error running script (call to f_3f424a504987d231baa2e19159bb5def8ad32f87): @user_script:5: ERR value is not an integer or out of range
    at parseError (/home/mhossein/Desktop/Cooleh.project/node_modules/redis-parser/lib/parser.js:179:12)
    at parseType (/home/mhossein/Desktop/Cooleh.project/node_modules/redis-parser/lib/parser.js:302:14)
Metadata:
{
  "metadata": {
    "service": "user-service",
    "environment": "development",
    "trackingId": "fe1ffdf0-0bc8-4cf1-8a3b-83c932bf939a",
    "errorName": "ReplyError",
    "statusCode": 500,
    "path": "/api-doc/",
    "method": "GET",
    "ip": "::1",
    "userAgent": "Mozilla/5.0 (X11; Linux x86_64) AppleWebKit/537.36 (KHTML, like Gecko) Chrome/130.0.0.0 Safari/537.36",
    "requestBody": {},
    "requestQuery": {},
    "requestHeaders": {
      "host": "localhost:7000",
      "connection": "keep-alive",
      "sec-ch-ua": "\"Chromium\";v=\"130\", \"Google Chrome\";v=\"130\", \"Not?A_Brand\";v=\"99\"",
      "sec-ch-ua-mobile": "?0",
      "sec-ch-ua-platform": "\"Linux\"",
      "upgrade-insecure-requests": "1",
      "user-agent": "Mozilla/5.0 (X11; Linux x86_64) AppleWebKit/537.36 (KHTML, like Gecko) Chrome/130.0.0.0 Safari/537.36",
      "accept": "text/html,application/xhtml+xml,application/xml;q=0.9,image/avif,image/webp,image/apng,*/*;q=0.8,application/signed-exchange;v=b3;q=0.7",
      "sec-fetch-site": "none",
      "sec-fetch-mode": "navigate",
      "sec-fetch-user": "?1",
      "sec-fetch-dest": "document",
      "accept-encoding": "gzip, deflate, br, zstd",
      "accept-language": "en-US,en;q=0.9,fa;q=0.8",
      "cookie": "openrouter-api-key=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; openrouter-model=meta-llama/llama-3.1-405b-instruct:free; _csrf=-6LD5lyGNZmnOODBcveUpkuN"
    }
  },
  "trackingId": "fe1ffdf0-0bc8-4cf1-8a3b-83c932bf939a",
  "errorName": "ReplyError",
  "statusCode": 500,
  "path": "/api-doc/",
  "method": "GET",
  "ip": "::1",
  "userAgent": "Mozilla/5.0 (X11; Linux x86_64) AppleWebKit/537.36 (KHTML, like Gecko) Chrome/130.0.0.0 Safari/537.36",
  "environment": "development",
  "requestBody": {},
  "requestQuery": {},
  "requestHeaders": {
    "host": "localhost:7000",
    "connection": "keep-alive",
    "sec-ch-ua": "\"Chromium\";v=\"130\", \"Google Chrome\";v=\"130\", \"Not?A_Brand\";v=\"99\"",
    "sec-ch-ua-mobile": "?0",
    "sec-ch-ua-platform": "\"Linux\"",
    "upgrade-insecure-requests": "1",
    "user-agent": "Mozilla/5.0 (X11; Linux x86_64) AppleWebKit/537.36 (KHTML, like Gecko) Chrome/130.0.0.0 Safari/537.36",
    "accept": "text/html,application/xhtml+xml,application/xml;q=0.9,image/avif,image/webp,image/apng,*/*;q=0.8,application/signed-exchange;v=b3;q=0.7",
    "sec-fetch-site": "none",
    "sec-fetch-mode": "navigate",
    "sec-fetch-user": "?1",
    "sec-fetch-dest": "document",
    "accept-encoding": "gzip, deflate, br, zstd",
    "accept-language": "en-US,en;q=0.9,fa;q=0.8",
    "cookie": "openrouter-api-key=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; openrouter-model=meta-llama/llama-3.1-405b-instruct:free; _csrf=-6LD5lyGNZmnOODBcveUpkuN"
  }
}
2024-11-18 16:59:24 info: Server is running at http://localhost:7000
Metadata:
{
  "metadata": {
    "service": "user-service",
    "environment": "development"
  }
}
2024-11-18 16:59:24 info: Connected to MongoDB
Metadata:
{
  "metadata": {
    "service": "user-service",
    "environment": "development"
  }
}
2024-11-18 16:59:24 info: PrismaORM connected to MariaDB
Metadata:
{
  "metadata": {
    "service": "user-service",
    "environment": "development"
  }
}
2024-11-18T13:29:30.321Z error: ERR Error running script (call to f_3f424a504987d231baa2e19159bb5def8ad32f87): @user_script:5: ERR value is not an integer or out of range
Stack Trace:
ReplyError: ERR Error running script (call to f_3f424a504987d231baa2e19159bb5def8ad32f87): @user_script:5: ERR value is not an integer or out of range
    at parseError (/home/mhossein/Desktop/Cooleh.project/node_modules/redis-parser/lib/parser.js:179:12)
    at parseType (/home/mhossein/Desktop/Cooleh.project/node_modules/redis-parser/lib/parser.js:302:14)
Metadata:
{
  "metadata": {
    "service": "user-service",
    "environment": "development",
    "trackingId": "076cbfea-eb5f-4533-891f-496bbd9dbb9d",
    "errorName": "ReplyError",
    "statusCode": 500,
    "path": "/api-doc/",
    "method": "GET",
    "ip": "::1",
    "userAgent": "Mozilla/5.0 (X11; Linux x86_64) AppleWebKit/537.36 (KHTML, like Gecko) Chrome/130.0.0.0 Safari/537.36",
    "requestBody": {},
    "requestQuery": {},
    "requestHeaders": {
      "host": "localhost:7000",
      "connection": "keep-alive",
      "cache-control": "max-age=0",
      "sec-ch-ua": "\"Chromium\";v=\"130\", \"Google Chrome\";v=\"130\", \"Not?A_Brand\";v=\"99\"",
      "sec-ch-ua-mobile": "?0",
      "sec-ch-ua-platform": "\"Linux\"",
      "upgrade-insecure-requests": "1",
      "user-agent": "Mozilla/5.0 (X11; Linux x86_64) AppleWebKit/537.36 (KHTML, like Gecko) Chrome/130.0.0.0 Safari/537.36",
      "accept": "text/html,application/xhtml+xml,application/xml;q=0.9,image/avif,image/webp,image/apng,*/*;q=0.8,application/signed-exchange;v=b3;q=0.7",
      "sec-fetch-site": "none",
      "sec-fetch-mode": "navigate",
      "sec-fetch-user": "?1",
      "sec-fetch-dest": "document",
      "accept-encoding": "gzip, deflate, br, zstd",
      "accept-language": "en-US,en;q=0.9,fa;q=0.8",
      "cookie": "openrouter-api-key=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; openrouter-model=meta-llama/llama-3.1-405b-instruct:free; _csrf=-6LD5lyGNZmnOODBcveUpkuN"
    }
  },
  "trackingId": "076cbfea-eb5f-4533-891f-496bbd9dbb9d",
  "errorName": "ReplyError",
  "statusCode": 500,
  "path": "/api-doc/",
  "method": "GET",
  "ip": "::1",
  "userAgent": "Mozilla/5.0 (X11; Linux x86_64) AppleWebKit/537.36 (KHTML, like Gecko) Chrome/130.0.0.0 Safari/537.36",
  "environment": "development",
  "requestBody": {},
  "requestQuery": {},
  "requestHeaders": {
    "host": "localhost:7000",
    "connection": "keep-alive",
    "cache-control": "max-age=0",
    "sec-ch-ua": "\"Chromium\";v=\"130\", \"Google Chrome\";v=\"130\", \"Not?A_Brand\";v=\"99\"",
    "sec-ch-ua-mobile": "?0",
    "sec-ch-ua-platform": "\"Linux\"",
    "upgrade-insecure-requests": "1",
    "user-agent": "Mozilla/5.0 (X11; Linux x86_64) AppleWebKit/537.36 (KHTML, like Gecko) Chrome/130.0.0.0 Safari/537.36",
    "accept": "text/html,application/xhtml+xml,application/xml;q=0.9,image/avif,image/webp,image/apng,*/*;q=0.8,application/signed-exchange;v=b3;q=0.7",
    "sec-fetch-site": "none",
    "sec-fetch-mode": "navigate",
    "sec-fetch-user": "?1",
    "sec-fetch-dest": "document",
    "accept-encoding": "gzip, deflate, br, zstd",
    "accept-language": "en-US,en;q=0.9,fa;q=0.8",
    "cookie": "openrouter-api-key=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; openrouter-model=meta-llama/llama-3.1-405b-instruct:free; _csrf=-6LD5lyGNZmnOODBcveUpkuN"
  }
}
2024-11-18 17:03:41 info: Server is running at http://localhost:7000
Metadata:
{
  "metadata": {
    "service": "user-service",
    "environment": "development"
  }
}
2024-11-18 17:03:41 info: Connected to MongoDB
Metadata:
{
  "metadata": {
    "service": "user-service",
    "environment": "development"
  }
}
2024-11-18 17:03:42 info: PrismaORM connected to MariaDB
Metadata:
{
  "metadata": {
    "service": "user-service",
    "environment": "development"
  }
}
2024-11-18T13:33:51.644Z error: ERR Error running script (call to f_3f424a504987d231baa2e19159bb5def8ad32f87): @user_script:5: ERR value is not an integer or out of range
Stack Trace:
ReplyError: ERR Error running script (call to f_3f424a504987d231baa2e19159bb5def8ad32f87): @user_script:5: ERR value is not an integer or out of range
    at parseError (/home/mhossein/Desktop/Cooleh.project/node_modules/redis-parser/lib/parser.js:179:12)
    at parseType (/home/mhossein/Desktop/Cooleh.project/node_modules/redis-parser/lib/parser.js:302:14)
Metadata:
{
  "metadata": {
    "service": "user-service",
    "environment": "development",
    "trackingId": "2e0eb3f2-1866-4592-92f3-4f5ae3bae8f6",
    "errorName": "ReplyError",
    "statusCode": 500,
    "path": "/api-doc/",
    "method": "GET",
    "ip": "::1",
    "userAgent": "Mozilla/5.0 (X11; Linux x86_64) AppleWebKit/537.36 (KHTML, like Gecko) Chrome/130.0.0.0 Safari/537.36",
    "requestBody": {},
    "requestQuery": {},
    "requestHeaders": {
      "host": "localhost:7000",
      "connection": "keep-alive",
      "cache-control": "max-age=0",
      "sec-ch-ua": "\"Chromium\";v=\"130\", \"Google Chrome\";v=\"130\", \"Not?A_Brand\";v=\"99\"",
      "sec-ch-ua-mobile": "?0",
      "sec-ch-ua-platform": "\"Linux\"",
      "upgrade-insecure-requests": "1",
      "user-agent": "Mozilla/5.0 (X11; Linux x86_64) AppleWebKit/537.36 (KHTML, like Gecko) Chrome/130.0.0.0 Safari/537.36",
      "accept": "text/html,application/xhtml+xml,application/xml;q=0.9,image/avif,image/webp,image/apng,*/*;q=0.8,application/signed-exchange;v=b3;q=0.7",
      "sec-fetch-site": "none",
      "sec-fetch-mode": "navigate",
      "sec-fetch-user": "?1",
      "sec-fetch-dest": "document",
      "accept-encoding": "gzip, deflate, br, zstd",
      "accept-language": "en-US,en;q=0.9,fa;q=0.8",
      "cookie": "openrouter-api-key=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; openrouter-model=meta-llama/llama-3.1-405b-instruct:free; _csrf=-6LD5lyGNZmnOODBcveUpkuN"
    }
  },
  "trackingId": "2e0eb3f2-1866-4592-92f3-4f5ae3bae8f6",
  "errorName": "ReplyError",
  "statusCode": 500,
  "path": "/api-doc/",
  "method": "GET",
  "ip": "::1",
  "userAgent": "Mozilla/5.0 (X11; Linux x86_64) AppleWebKit/537.36 (KHTML, like Gecko) Chrome/130.0.0.0 Safari/537.36",
  "environment": "development",
  "requestBody": {},
  "requestQuery": {},
  "requestHeaders": {
    "host": "localhost:7000",
    "connection": "keep-alive",
    "cache-control": "max-age=0",
    "sec-ch-ua": "\"Chromium\";v=\"130\", \"Google Chrome\";v=\"130\", \"Not?A_Brand\";v=\"99\"",
    "sec-ch-ua-mobile": "?0",
    "sec-ch-ua-platform": "\"Linux\"",
    "upgrade-insecure-requests": "1",
    "user-agent": "Mozilla/5.0 (X11; Linux x86_64) AppleWebKit/537.36 (KHTML, like Gecko) Chrome/130.0.0.0 Safari/537.36",
    "accept": "text/html,application/xhtml+xml,application/xml;q=0.9,image/avif,image/webp,image/apng,*/*;q=0.8,application/signed-exchange;v=b3;q=0.7",
    "sec-fetch-site": "none",
    "sec-fetch-mode": "navigate",
    "sec-fetch-user": "?1",
    "sec-fetch-dest": "document",
    "accept-encoding": "gzip, deflate, br, zstd",
    "accept-language": "en-US,en;q=0.9,fa;q=0.8",
    "cookie": "openrouter-api-key=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; openrouter-model=meta-llama/llama-3.1-405b-instruct:free; _csrf=-6LD5lyGNZmnOODBcveUpkuN"
  }
}
2024-11-18 17:05:56 info: Server is running at http://localhost:7000
Metadata:
{
  "metadata": {
    "service": "user-service",
    "environment": "development"
  }
}
2024-11-18 17:05:56 info: Connected to MongoDB
Metadata:
{
  "metadata": {
    "service": "user-service",
    "environment": "development"
  }
}
2024-11-18 17:05:56 info: PrismaORM connected to MariaDB
Metadata:
{
  "metadata": {
    "service": "user-service",
    "environment": "development"
  }
}
2024-11-18 17:06:02 info: ::1 - - [18/Nov/2024:13:36:02 +0000] "GET /api-doc/ HTTP/1.1" 200 NaNs "-" "Mozilla/5.0 (X11; Linux x86_64) AppleWebKit/537.36 (KHTML, like Gecko) Chrome/130.0.0.0 Safari/537.36"
Metadata:
{
  "metadata": {
    "service": "user-service",
    "environment": "development",
    "type": "access_log",
    "component": "morgan"
  },
  "type": "access_log",
  "component": "morgan"
}
2024-11-18 17:06:02 info: ::1 - - [18/Nov/2024:13:36:02 +0000] "GET /api-doc/swagger-ui.css HTTP/1.1" 200 NaNs "http://localhost:7000/api-doc/" "Mozilla/5.0 (X11; Linux x86_64) AppleWebKit/537.36 (KHTML, like Gecko) Chrome/130.0.0.0 Safari/537.36"
Metadata:
{
  "metadata": {
    "service": "user-service",
    "environment": "development",
    "type": "access_log",
    "component": "morgan"
  },
  "type": "access_log",
  "component": "morgan"
}
2024-11-18 17:06:02 info: ::1 - - [18/Nov/2024:13:36:02 +0000] "GET /api-doc/swagger-ui-init.js HTTP/1.1" 200 NaNs "http://localhost:7000/api-doc/" "Mozilla/5.0 (X11; Linux x86_64) AppleWebKit/537.36 (KHTML, like Gecko) Chrome/130.0.0.0 Safari/537.36"
Metadata:
{
  "metadata": {
    "service": "user-service",
    "environment": "development",
    "type": "access_log",
    "component": "morgan"
  },
  "type": "access_log",
  "component": "morgan"
}
2024-11-18 17:06:02 info: ::1 - - [18/Nov/2024:13:36:02 +0000] "GET /api-doc/swagger-ui-standalone-preset.js HTTP/1.1" 200 NaNs "http://localhost:7000/api-doc/" "Mozilla/5.0 (X11; Linux x86_64) AppleWebKit/537.36 (KHTML, like Gecko) Chrome/130.0.0.0 Safari/537.36"
Metadata:
{
  "metadata": {
    "service": "user-service",
    "environment": "development",
    "type": "access_log",
    "component": "morgan"
  },
  "type": "access_log",
  "component": "morgan"
}
2024-11-18 17:06:02 info: ::1 - - [18/Nov/2024:13:36:02 +0000] "GET /api-doc/swagger-ui-bundle.js HTTP/1.1" 200 NaNs "http://localhost:7000/api-doc/" "Mozilla/5.0 (X11; Linux x86_64) AppleWebKit/537.36 (KHTML, like Gecko) Chrome/130.0.0.0 Safari/537.36"
Metadata:
{
  "metadata": {
    "service": "user-service",
    "environment": "development",
    "type": "access_log",
    "component": "morgan"
  },
  "type": "access_log",
  "component": "morgan"
}
2024-11-18 17:06:09 info: ::1 - - [18/Nov/2024:13:36:09 +0000] "GET /api-doc/ HTTP/1.1" 200 NaNs "-" "Mozilla/5.0 (X11; Linux x86_64) AppleWebKit/537.36 (KHTML, like Gecko) Chrome/130.0.0.0 Safari/537.36"
Metadata:
{
  "metadata": {
    "service": "user-service",
    "environment": "development",
    "type": "access_log",
    "component": "morgan"
  },
  "type": "access_log",
  "component": "morgan"
}
2024-11-18 17:06:09 info: ::1 - - [18/Nov/2024:13:36:09 +0000] "GET /api-doc/swagger-ui-init.js HTTP/1.1" 200 NaNs "http://localhost:7000/api-doc/" "Mozilla/5.0 (X11; Linux x86_64) AppleWebKit/537.36 (KHTML, like Gecko) Chrome/130.0.0.0 Safari/537.36"
Metadata:
{
  "metadata": {
    "service": "user-service",
    "environment": "development",
    "type": "access_log",
    "component": "morgan"
  },
  "type": "access_log",
  "component": "morgan"
}
2024-11-18 17:06:09 info: ::1 - - [18/Nov/2024:13:36:09 +0000] "GET /api-doc/swagger-ui.css HTTP/1.1" 200 NaNs "http://localhost:7000/api-doc/" "Mozilla/5.0 (X11; Linux x86_64) AppleWebKit/537.36 (KHTML, like Gecko) Chrome/130.0.0.0 Safari/537.36"
Metadata:
{
  "metadata": {
    "service": "user-service",
    "environment": "development",
    "type": "access_log",
    "component": "morgan"
  },
  "type": "access_log",
  "component": "morgan"
}
2024-11-18 17:06:10 info: ::1 - - [18/Nov/2024:13:36:09 +0000] "GET /api-doc/swagger-ui-standalone-preset.js HTTP/1.1" 200 NaNs "http://localhost:7000/api-doc/" "Mozilla/5.0 (X11; Linux x86_64) AppleWebKit/537.36 (KHTML, like Gecko) Chrome/130.0.0.0 Safari/537.36"
Metadata:
{
  "metadata": {
    "service": "user-service",
    "environment": "development",
    "type": "access_log",
    "component": "morgan"
  },
  "type": "access_log",
  "component": "morgan"
}
2024-11-18 17:06:10 info: ::1 - - [18/Nov/2024:13:36:10 +0000] "GET /api-doc/swagger-ui-bundle.js HTTP/1.1" 200 NaNs "http://localhost:7000/api-doc/" "Mozilla/5.0 (X11; Linux x86_64) AppleWebKit/537.36 (KHTML, like Gecko) Chrome/130.0.0.0 Safari/537.36"
Metadata:
{
  "metadata": {
    "service": "user-service",
    "environment": "development",
    "type": "access_log",
    "component": "morgan"
  },
  "type": "access_log",
  "component": "morgan"
}
2024-11-18 17:06:11 info: ::1 - - [18/Nov/2024:13:36:11 +0000] "GET /api-doc/favicon-32x32.png HTTP/1.1" 200 NaNs "http://localhost:7000/api-doc/" "Mozilla/5.0 (X11; Linux x86_64) AppleWebKit/537.36 (KHTML, like Gecko) Chrome/130.0.0.0 Safari/537.36"
Metadata:
{
  "metadata": {
    "service": "user-service",
    "environment": "development",
    "type": "access_log",
    "component": "morgan"
  },
  "type": "access_log",
  "component": "morgan"
}
2024-11-18 17:06:14 info: ::1 - - [18/Nov/2024:13:36:14 +0000] "GET / HTTP/1.1" 200 NaNs "-" "Mozilla/5.0 (X11; Linux x86_64) AppleWebKit/537.36 (KHTML, like Gecko) Chrome/130.0.0.0 Safari/537.36"
Metadata:
{
  "metadata": {
    "service": "user-service",
    "environment": "development",
    "type": "access_log",
    "component": "morgan"
  },
  "type": "access_log",
  "component": "morgan"
}
2024-11-18 17:06:18 info: ::1 - - [18/Nov/2024:13:36:18 +0000] "GET / HTTP/1.1" 304 NaNs "-" "Mozilla/5.0 (X11; Linux x86_64) AppleWebKit/537.36 (KHTML, like Gecko) Chrome/130.0.0.0 Safari/537.36"
Metadata:
{
  "metadata": {
    "service": "user-service",
    "environment": "development",
    "type": "access_log",
    "component": "morgan"
  },
  "type": "access_log",
  "component": "morgan"
}
2024-11-18 17:06:18 info: ::1 - - [18/Nov/2024:13:36:18 +0000] "GET / HTTP/1.1" 304 NaNs "-" "Mozilla/5.0 (X11; Linux x86_64) AppleWebKit/537.36 (KHTML, like Gecko) Chrome/130.0.0.0 Safari/537.36"
Metadata:
{
  "metadata": {
    "service": "user-service",
    "environment": "development",
    "type": "access_log",
    "component": "morgan"
  },
  "type": "access_log",
  "component": "morgan"
}
2024-11-18 17:06:18 info: ::1 - - [18/Nov/2024:13:36:18 +0000] "GET / HTTP/1.1" 304 NaNs "-" "Mozilla/5.0 (X11; Linux x86_64) AppleWebKit/537.36 (KHTML, like Gecko) Chrome/130.0.0.0 Safari/537.36"
Metadata:
{
  "metadata": {
    "service": "user-service",
    "environment": "development",
    "type": "access_log",
    "component": "morgan"
  },
  "type": "access_log",
  "component": "morgan"
}
2024-11-18 17:06:18 info: ::1 - - [18/Nov/2024:13:36:18 +0000] "GET / HTTP/1.1" 304 NaNs "-" "Mozilla/5.0 (X11; Linux x86_64) AppleWebKit/537.36 (KHTML, like Gecko) Chrome/130.0.0.0 Safari/537.36"
Metadata:
{
  "metadata": {
    "service": "user-service",
    "environment": "development",
    "type": "access_log",
    "component": "morgan"
  },
  "type": "access_log",
  "component": "morgan"
}
2024-11-18 17:06:18 info: ::1 - - [18/Nov/2024:13:36:18 +0000] "GET / HTTP/1.1" 304 NaNs "-" "Mozilla/5.0 (X11; Linux x86_64) AppleWebKit/537.36 (KHTML, like Gecko) Chrome/130.0.0.0 Safari/537.36"
Metadata:
{
  "metadata": {
    "service": "user-service",
    "environment": "development",
    "type": "access_log",
    "component": "morgan"
  },
  "type": "access_log",
  "component": "morgan"
}
2024-11-18 17:06:18 info: ::1 - - [18/Nov/2024:13:36:18 +0000] "GET / HTTP/1.1" 304 NaNs "-" "Mozilla/5.0 (X11; Linux x86_64) AppleWebKit/537.36 (KHTML, like Gecko) Chrome/130.0.0.0 Safari/537.36"
Metadata:
{
  "metadata": {
    "service": "user-service",
    "environment": "development",
    "type": "access_log",
    "component": "morgan"
  },
  "type": "access_log",
  "component": "morgan"
}
2024-11-18 17:06:18 info: ::1 - - [18/Nov/2024:13:36:18 +0000] "GET / HTTP/1.1" 304 NaNs "-" "Mozilla/5.0 (X11; Linux x86_64) AppleWebKit/537.36 (KHTML, like Gecko) Chrome/130.0.0.0 Safari/537.36"
Metadata:
{
  "metadata": {
    "service": "user-service",
    "environment": "development",
    "type": "access_log",
    "component": "morgan"
  },
  "type": "access_log",
  "component": "morgan"
}
2024-11-18 17:06:19 info: ::1 - - [18/Nov/2024:13:36:19 +0000] "GET / HTTP/1.1" 304 NaNs "-" "Mozilla/5.0 (X11; Linux x86_64) AppleWebKit/537.36 (KHTML, like Gecko) Chrome/130.0.0.0 Safari/537.36"
Metadata:
{
  "metadata": {
    "service": "user-service",
    "environment": "development",
    "type": "access_log",
    "component": "morgan"
  },
  "type": "access_log",
  "component": "morgan"
}
2024-11-18 17:06:19 info: ::1 - - [18/Nov/2024:13:36:19 +0000] "GET / HTTP/1.1" 304 NaNs "-" "Mozilla/5.0 (X11; Linux x86_64) AppleWebKit/537.36 (KHTML, like Gecko) Chrome/130.0.0.0 Safari/537.36"
Metadata:
{
  "metadata": {
    "service": "user-service",
    "environment": "development",
    "type": "access_log",
    "component": "morgan"
  },
  "type": "access_log",
  "component": "morgan"
}
2024-11-18 17:06:19 info: ::1 - - [18/Nov/2024:13:36:19 +0000] "GET / HTTP/1.1" 304 NaNs "-" "Mozilla/5.0 (X11; Linux x86_64) AppleWebKit/537.36 (KHTML, like Gecko) Chrome/130.0.0.0 Safari/537.36"
Metadata:
{
  "metadata": {
    "service": "user-service",
    "environment": "development",
    "type": "access_log",
    "component": "morgan"
  },
  "type": "access_log",
  "component": "morgan"
}
2024-11-18 17:06:19 info: ::1 - - [18/Nov/2024:13:36:19 +0000] "GET / HTTP/1.1" 304 NaNs "-" "Mozilla/5.0 (X11; Linux x86_64) AppleWebKit/537.36 (KHTML, like Gecko) Chrome/130.0.0.0 Safari/537.36"
Metadata:
{
  "metadata": {
    "service": "user-service",
    "environment": "development",
    "type": "access_log",
    "component": "morgan"
  },
  "type": "access_log",
  "component": "morgan"
}
2024-11-18 17:06:19 info: ::1 - - [18/Nov/2024:13:36:19 +0000] "GET / HTTP/1.1" 304 NaNs "-" "Mozilla/5.0 (X11; Linux x86_64) AppleWebKit/537.36 (KHTML, like Gecko) Chrome/130.0.0.0 Safari/537.36"
Metadata:
{
  "metadata": {
    "service": "user-service",
    "environment": "development",
    "type": "access_log",
    "component": "morgan"
  },
  "type": "access_log",
  "component": "morgan"
}
2024-11-18 17:06:19 info: ::1 - - [18/Nov/2024:13:36:19 +0000] "GET / HTTP/1.1" 304 NaNs "-" "Mozilla/5.0 (X11; Linux x86_64) AppleWebKit/537.36 (KHTML, like Gecko) Chrome/130.0.0.0 Safari/537.36"
Metadata:
{
  "metadata": {
    "service": "user-service",
    "environment": "development",
    "type": "access_log",
    "component": "morgan"
  },
  "type": "access_log",
  "component": "morgan"
}
2024-11-18 17:06:19 info: ::1 - - [18/Nov/2024:13:36:19 +0000] "GET / HTTP/1.1" 304 NaNs "-" "Mozilla/5.0 (X11; Linux x86_64) AppleWebKit/537.36 (KHTML, like Gecko) Chrome/130.0.0.0 Safari/537.36"
Metadata:
{
  "metadata": {
    "service": "user-service",
    "environment": "development",
    "type": "access_log",
    "component": "morgan"
  },
  "type": "access_log",
  "component": "morgan"
}
2024-11-18 17:06:20 info: ::1 - - [18/Nov/2024:13:36:20 +0000] "GET / HTTP/1.1" 304 NaNs "-" "Mozilla/5.0 (X11; Linux x86_64) AppleWebKit/537.36 (KHTML, like Gecko) Chrome/130.0.0.0 Safari/537.36"
Metadata:
{
  "metadata": {
    "service": "user-service",
    "environment": "development",
    "type": "access_log",
    "component": "morgan"
  },
  "type": "access_log",
  "component": "morgan"
}
2024-11-18 17:06:20 info: ::1 - - [18/Nov/2024:13:36:20 +0000] "GET / HTTP/1.1" 304 NaNs "-" "Mozilla/5.0 (X11; Linux x86_64) AppleWebKit/537.36 (KHTML, like Gecko) Chrome/130.0.0.0 Safari/537.36"
Metadata:
{
  "metadata": {
    "service": "user-service",
    "environment": "development",
    "type": "access_log",
    "component": "morgan"
  },
  "type": "access_log",
  "component": "morgan"
}
2024-11-18 17:06:20 info: ::1 - - [18/Nov/2024:13:36:20 +0000] "GET / HTTP/1.1" 304 NaNs "-" "Mozilla/5.0 (X11; Linux x86_64) AppleWebKit/537.36 (KHTML, like Gecko) Chrome/130.0.0.0 Safari/537.36"
Metadata:
{
  "metadata": {
    "service": "user-service",
    "environment": "development",
    "type": "access_log",
    "component": "morgan"
  },
  "type": "access_log",
  "component": "morgan"
}
2024-11-18 17:06:20 info: ::1 - - [18/Nov/2024:13:36:20 +0000] "GET / HTTP/1.1" 304 NaNs "-" "Mozilla/5.0 (X11; Linux x86_64) AppleWebKit/537.36 (KHTML, like Gecko) Chrome/130.0.0.0 Safari/537.36"
Metadata:
{
  "metadata": {
    "service": "user-service",
    "environment": "development",
    "type": "access_log",
    "component": "morgan"
  },
  "type": "access_log",
  "component": "morgan"
}
2024-11-18 17:06:20 info: ::1 - - [18/Nov/2024:13:36:20 +0000] "GET / HTTP/1.1" 304 NaNs "-" "Mozilla/5.0 (X11; Linux x86_64) AppleWebKit/537.36 (KHTML, like Gecko) Chrome/130.0.0.0 Safari/537.36"
Metadata:
{
  "metadata": {
    "service": "user-service",
    "environment": "development",
    "type": "access_log",
    "component": "morgan"
  },
  "type": "access_log",
  "component": "morgan"
}
2024-11-18 17:06:20 info: ::1 - - [18/Nov/2024:13:36:20 +0000] "GET / HTTP/1.1" 304 NaNs "-" "Mozilla/5.0 (X11; Linux x86_64) AppleWebKit/537.36 (KHTML, like Gecko) Chrome/130.0.0.0 Safari/537.36"
Metadata:
{
  "metadata": {
    "service": "user-service",
    "environment": "development",
    "type": "access_log",
    "component": "morgan"
  },
  "type": "access_log",
  "component": "morgan"
}
2024-11-18 17:06:21 info: ::1 - - [18/Nov/2024:13:36:21 +0000] "GET / HTTP/1.1" 304 NaNs "-" "Mozilla/5.0 (X11; Linux x86_64) AppleWebKit/537.36 (KHTML, like Gecko) Chrome/130.0.0.0 Safari/537.36"
Metadata:
{
  "metadata": {
    "service": "user-service",
    "environment": "development",
    "type": "access_log",
    "component": "morgan"
  },
  "type": "access_log",
  "component": "morgan"
}
2024-11-18 17:06:21 info: ::1 - - [18/Nov/2024:13:36:21 +0000] "GET / HTTP/1.1" 304 NaNs "-" "Mozilla/5.0 (X11; Linux x86_64) AppleWebKit/537.36 (KHTML, like Gecko) Chrome/130.0.0.0 Safari/537.36"
Metadata:
{
  "metadata": {
    "service": "user-service",
    "environment": "development",
    "type": "access_log",
    "component": "morgan"
  },
  "type": "access_log",
  "component": "morgan"
}
2024-11-18 17:06:21 info: ::1 - - [18/Nov/2024:13:36:21 +0000] "GET / HTTP/1.1" 304 NaNs "-" "Mozilla/5.0 (X11; Linux x86_64) AppleWebKit/537.36 (KHTML, like Gecko) Chrome/130.0.0.0 Safari/537.36"
Metadata:
{
  "metadata": {
    "service": "user-service",
    "environment": "development",
    "type": "access_log",
    "component": "morgan"
  },
  "type": "access_log",
  "component": "morgan"
}
2024-11-18 17:06:21 info: ::1 - - [18/Nov/2024:13:36:21 +0000] "GET / HTTP/1.1" 304 NaNs "-" "Mozilla/5.0 (X11; Linux x86_64) AppleWebKit/537.36 (KHTML, like Gecko) Chrome/130.0.0.0 Safari/537.36"
Metadata:
{
  "metadata": {
    "service": "user-service",
    "environment": "development",
    "type": "access_log",
    "component": "morgan"
  },
  "type": "access_log",
  "component": "morgan"
}
2024-11-18 17:06:21 info: ::1 - - [18/Nov/2024:13:36:21 +0000] "GET / HTTP/1.1" 304 NaNs "-" "Mozilla/5.0 (X11; Linux x86_64) AppleWebKit/537.36 (KHTML, like Gecko) Chrome/130.0.0.0 Safari/537.36"
Metadata:
{
  "metadata": {
    "service": "user-service",
    "environment": "development",
    "type": "access_log",
    "component": "morgan"
  },
  "type": "access_log",
  "component": "morgan"
}
2024-11-18 17:06:21 info: ::1 - - [18/Nov/2024:13:36:21 +0000] "GET / HTTP/1.1" 304 NaNs "-" "Mozilla/5.0 (X11; Linux x86_64) AppleWebKit/537.36 (KHTML, like Gecko) Chrome/130.0.0.0 Safari/537.36"
Metadata:
{
  "metadata": {
    "service": "user-service",
    "environment": "development",
    "type": "access_log",
    "component": "morgan"
  },
  "type": "access_log",
  "component": "morgan"
}
2024-11-18 17:06:21 info: ::1 - - [18/Nov/2024:13:36:21 +0000] "GET / HTTP/1.1" 304 NaNs "-" "Mozilla/5.0 (X11; Linux x86_64) AppleWebKit/537.36 (KHTML, like Gecko) Chrome/130.0.0.0 Safari/537.36"
Metadata:
{
  "metadata": {
    "service": "user-service",
    "environment": "development",
    "type": "access_log",
    "component": "morgan"
  },
  "type": "access_log",
  "component": "morgan"
}
2024-11-18 17:06:22 info: ::1 - - [18/Nov/2024:13:36:22 +0000] "GET / HTTP/1.1" 304 NaNs "-" "Mozilla/5.0 (X11; Linux x86_64) AppleWebKit/537.36 (KHTML, like Gecko) Chrome/130.0.0.0 Safari/537.36"
Metadata:
{
  "metadata": {
    "service": "user-service",
    "environment": "development",
    "type": "access_log",
    "component": "morgan"
  },
  "type": "access_log",
  "component": "morgan"
}
2024-11-18 17:06:22 info: ::1 - - [18/Nov/2024:13:36:22 +0000] "GET / HTTP/1.1" 304 NaNs "-" "Mozilla/5.0 (X11; Linux x86_64) AppleWebKit/537.36 (KHTML, like Gecko) Chrome/130.0.0.0 Safari/537.36"
Metadata:
{
  "metadata": {
    "service": "user-service",
    "environment": "development",
    "type": "access_log",
    "component": "morgan"
  },
  "type": "access_log",
  "component": "morgan"
}
2024-11-18 17:06:22 info: ::1 - - [18/Nov/2024:13:36:22 +0000] "GET / HTTP/1.1" 304 NaNs "-" "Mozilla/5.0 (X11; Linux x86_64) AppleWebKit/537.36 (KHTML, like Gecko) Chrome/130.0.0.0 Safari/537.36"
Metadata:
{
  "metadata": {
    "service": "user-service",
    "environment": "development",
    "type": "access_log",
    "component": "morgan"
  },
  "type": "access_log",
  "component": "morgan"
}
2024-11-18 17:06:22 info: ::1 - - [18/Nov/2024:13:36:22 +0000] "GET / HTTP/1.1" 304 NaNs "-" "Mozilla/5.0 (X11; Linux x86_64) AppleWebKit/537.36 (KHTML, like Gecko) Chrome/130.0.0.0 Safari/537.36"
Metadata:
{
  "metadata": {
    "service": "user-service",
    "environment": "development",
    "type": "access_log",
    "component": "morgan"
  },
  "type": "access_log",
  "component": "morgan"
}
2024-11-18 17:06:22 info: ::1 - - [18/Nov/2024:13:36:22 +0000] "GET / HTTP/1.1" 304 NaNs "-" "Mozilla/5.0 (X11; Linux x86_64) AppleWebKit/537.36 (KHTML, like Gecko) Chrome/130.0.0.0 Safari/537.36"
Metadata:
{
  "metadata": {
    "service": "user-service",
    "environment": "development",
    "type": "access_log",
    "component": "morgan"
  },
  "type": "access_log",
  "component": "morgan"
}
2024-11-18 17:06:22 info: ::1 - - [18/Nov/2024:13:36:22 +0000] "GET / HTTP/1.1" 304 NaNs "-" "Mozilla/5.0 (X11; Linux x86_64) AppleWebKit/537.36 (KHTML, like Gecko) Chrome/130.0.0.0 Safari/537.36"
Metadata:
{
  "metadata": {
    "service": "user-service",
    "environment": "development",
    "type": "access_log",
    "component": "morgan"
  },
  "type": "access_log",
  "component": "morgan"
}
2024-11-18 17:06:23 info: ::1 - - [18/Nov/2024:13:36:23 +0000] "GET / HTTP/1.1" 304 NaNs "-" "Mozilla/5.0 (X11; Linux x86_64) AppleWebKit/537.36 (KHTML, like Gecko) Chrome/130.0.0.0 Safari/537.36"
Metadata:
{
  "metadata": {
    "service": "user-service",
    "environment": "development",
    "type": "access_log",
    "component": "morgan"
  },
  "type": "access_log",
  "component": "morgan"
}
2024-11-18 17:06:23 info: ::1 - - [18/Nov/2024:13:36:23 +0000] "GET / HTTP/1.1" 304 NaNs "-" "Mozilla/5.0 (X11; Linux x86_64) AppleWebKit/537.36 (KHTML, like Gecko) Chrome/130.0.0.0 Safari/537.36"
Metadata:
{
  "metadata": {
    "service": "user-service",
    "environment": "development",
    "type": "access_log",
    "component": "morgan"
  },
  "type": "access_log",
  "component": "morgan"
}
2024-11-18 17:06:23 info: ::1 - - [18/Nov/2024:13:36:23 +0000] "GET / HTTP/1.1" 304 NaNs "-" "Mozilla/5.0 (X11; Linux x86_64) AppleWebKit/537.36 (KHTML, like Gecko) Chrome/130.0.0.0 Safari/537.36"
Metadata:
{
  "metadata": {
    "service": "user-service",
    "environment": "development",
    "type": "access_log",
    "component": "morgan"
  },
  "type": "access_log",
  "component": "morgan"
}
2024-11-18 17:06:23 info: ::1 - - [18/Nov/2024:13:36:23 +0000] "GET / HTTP/1.1" 304 NaNs "-" "Mozilla/5.0 (X11; Linux x86_64) AppleWebKit/537.36 (KHTML, like Gecko) Chrome/130.0.0.0 Safari/537.36"
Metadata:
{
  "metadata": {
    "service": "user-service",
    "environment": "development",
    "type": "access_log",
    "component": "morgan"
  },
  "type": "access_log",
  "component": "morgan"
}
2024-11-18 17:06:23 info: ::1 - - [18/Nov/2024:13:36:23 +0000] "GET / HTTP/1.1" 304 NaNs "-" "Mozilla/5.0 (X11; Linux x86_64) AppleWebKit/537.36 (KHTML, like Gecko) Chrome/130.0.0.0 Safari/537.36"
Metadata:
{
  "metadata": {
    "service": "user-service",
    "environment": "development",
    "type": "access_log",
    "component": "morgan"
  },
  "type": "access_log",
  "component": "morgan"
}
2024-11-18 17:06:23 info: ::1 - - [18/Nov/2024:13:36:23 +0000] "GET / HTTP/1.1" 304 NaNs "-" "Mozilla/5.0 (X11; Linux x86_64) AppleWebKit/537.36 (KHTML, like Gecko) Chrome/130.0.0.0 Safari/537.36"
Metadata:
{
  "metadata": {
    "service": "user-service",
    "environment": "development",
    "type": "access_log",
    "component": "morgan"
  },
  "type": "access_log",
  "component": "morgan"
}
2024-11-18 17:06:24 info: ::1 - - [18/Nov/2024:13:36:24 +0000] "GET / HTTP/1.1" 304 NaNs "-" "Mozilla/5.0 (X11; Linux x86_64) AppleWebKit/537.36 (KHTML, like Gecko) Chrome/130.0.0.0 Safari/537.36"
Metadata:
{
  "metadata": {
    "service": "user-service",
    "environment": "development",
    "type": "access_log",
    "component": "morgan"
  },
  "type": "access_log",
  "component": "morgan"
}
2024-11-18 17:06:24 info: ::1 - - [18/Nov/2024:13:36:24 +0000] "GET / HTTP/1.1" 304 NaNs "-" "Mozilla/5.0 (X11; Linux x86_64) AppleWebKit/537.36 (KHTML, like Gecko) Chrome/130.0.0.0 Safari/537.36"
Metadata:
{
  "metadata": {
    "service": "user-service",
    "environment": "development",
    "type": "access_log",
    "component": "morgan"
  },
  "type": "access_log",
  "component": "morgan"
}
2024-11-18 17:06:24 info: ::1 - - [18/Nov/2024:13:36:24 +0000] "GET / HTTP/1.1" 304 NaNs "-" "Mozilla/5.0 (X11; Linux x86_64) AppleWebKit/537.36 (KHTML, like Gecko) Chrome/130.0.0.0 Safari/537.36"
Metadata:
{
  "metadata": {
    "service": "user-service",
    "environment": "development",
    "type": "access_log",
    "component": "morgan"
  },
  "type": "access_log",
  "component": "morgan"
}
2024-11-18 17:06:24 info: ::1 - - [18/Nov/2024:13:36:24 +0000] "GET / HTTP/1.1" 304 NaNs "-" "Mozilla/5.0 (X11; Linux x86_64) AppleWebKit/537.36 (KHTML, like Gecko) Chrome/130.0.0.0 Safari/537.36"
Metadata:
{
  "metadata": {
    "service": "user-service",
    "environment": "development",
    "type": "access_log",
    "component": "morgan"
  },
  "type": "access_log",
  "component": "morgan"
}
2024-11-18 17:06:24 info: ::1 - - [18/Nov/2024:13:36:24 +0000] "GET / HTTP/1.1" 304 NaNs "-" "Mozilla/5.0 (X11; Linux x86_64) AppleWebKit/537.36 (KHTML, like Gecko) Chrome/130.0.0.0 Safari/537.36"
Metadata:
{
  "metadata": {
    "service": "user-service",
    "environment": "development",
    "type": "access_log",
    "component": "morgan"
  },
  "type": "access_log",
  "component": "morgan"
}
2024-11-18 17:06:24 info: ::1 - - [18/Nov/2024:13:36:24 +0000] "GET / HTTP/1.1" 304 NaNs "-" "Mozilla/5.0 (X11; Linux x86_64) AppleWebKit/537.36 (KHTML, like Gecko) Chrome/130.0.0.0 Safari/537.36"
Metadata:
{
  "metadata": {
    "service": "user-service",
    "environment": "development",
    "type": "access_log",
    "component": "morgan"
  },
  "type": "access_log",
  "component": "morgan"
}
2024-11-18 17:06:25 info: ::1 - - [18/Nov/2024:13:36:25 +0000] "GET / HTTP/1.1" 304 NaNs "-" "Mozilla/5.0 (X11; Linux x86_64) AppleWebKit/537.36 (KHTML, like Gecko) Chrome/130.0.0.0 Safari/537.36"
Metadata:
{
  "metadata": {
    "service": "user-service",
    "environment": "development",
    "type": "access_log",
    "component": "morgan"
  },
  "type": "access_log",
  "component": "morgan"
}
2024-11-18 17:06:25 info: ::1 - - [18/Nov/2024:13:36:25 +0000] "GET / HTTP/1.1" 304 NaNs "-" "Mozilla/5.0 (X11; Linux x86_64) AppleWebKit/537.36 (KHTML, like Gecko) Chrome/130.0.0.0 Safari/537.36"
Metadata:
{
  "metadata": {
    "service": "user-service",
    "environment": "development",
    "type": "access_log",
    "component": "morgan"
  },
  "type": "access_log",
  "component": "morgan"
}
2024-11-18 17:06:25 info: ::1 - - [18/Nov/2024:13:36:25 +0000] "GET / HTTP/1.1" 304 NaNs "-" "Mozilla/5.0 (X11; Linux x86_64) AppleWebKit/537.36 (KHTML, like Gecko) Chrome/130.0.0.0 Safari/537.36"
Metadata:
{
  "metadata": {
    "service": "user-service",
    "environment": "development",
    "type": "access_log",
    "component": "morgan"
  },
  "type": "access_log",
  "component": "morgan"
}
2024-11-18 17:06:25 info: ::1 - - [18/Nov/2024:13:36:25 +0000] "GET / HTTP/1.1" 304 NaNs "-" "Mozilla/5.0 (X11; Linux x86_64) AppleWebKit/537.36 (KHTML, like Gecko) Chrome/130.0.0.0 Safari/537.36"
Metadata:
{
  "metadata": {
    "service": "user-service",
    "environment": "development",
    "type": "access_log",
    "component": "morgan"
  },
  "type": "access_log",
  "component": "morgan"
}
2024-11-18 17:06:25 info: ::1 - - [18/Nov/2024:13:36:25 +0000] "GET / HTTP/1.1" 304 NaNs "-" "Mozilla/5.0 (X11; Linux x86_64) AppleWebKit/537.36 (KHTML, like Gecko) Chrome/130.0.0.0 Safari/537.36"
Metadata:
{
  "metadata": {
    "service": "user-service",
    "environment": "development",
    "type": "access_log",
    "component": "morgan"
  },
  "type": "access_log",
  "component": "morgan"
}
2024-11-18 17:06:26 info: ::1 - - [18/Nov/2024:13:36:26 +0000] "GET / HTTP/1.1" 304 NaNs "-" "Mozilla/5.0 (X11; Linux x86_64) AppleWebKit/537.36 (KHTML, like Gecko) Chrome/130.0.0.0 Safari/537.36"
Metadata:
{
  "metadata": {
    "service": "user-service",
    "environment": "development",
    "type": "access_log",
    "component": "morgan"
  },
  "type": "access_log",
  "component": "morgan"
}
2024-11-18 17:06:26 info: ::1 - - [18/Nov/2024:13:36:26 +0000] "GET / HTTP/1.1" 304 NaNs "-" "Mozilla/5.0 (X11; Linux x86_64) AppleWebKit/537.36 (KHTML, like Gecko) Chrome/130.0.0.0 Safari/537.36"
Metadata:
{
  "metadata": {
    "service": "user-service",
    "environment": "development",
    "type": "access_log",
    "component": "morgan"
  },
  "type": "access_log",
  "component": "morgan"
}
2024-11-18 17:06:26 info: ::1 - - [18/Nov/2024:13:36:26 +0000] "GET / HTTP/1.1" 304 NaNs "-" "Mozilla/5.0 (X11; Linux x86_64) AppleWebKit/537.36 (KHTML, like Gecko) Chrome/130.0.0.0 Safari/537.36"
Metadata:
{
  "metadata": {
    "service": "user-service",
    "environment": "development",
    "type": "access_log",
    "component": "morgan"
  },
  "type": "access_log",
  "component": "morgan"
}
2024-11-18 17:06:26 info: ::1 - - [18/Nov/2024:13:36:26 +0000] "GET / HTTP/1.1" 304 NaNs "-" "Mozilla/5.0 (X11; Linux x86_64) AppleWebKit/537.36 (KHTML, like Gecko) Chrome/130.0.0.0 Safari/537.36"
Metadata:
{
  "metadata": {
    "service": "user-service",
    "environment": "development",
    "type": "access_log",
    "component": "morgan"
  },
  "type": "access_log",
  "component": "morgan"
}
2024-11-18 17:06:26 info: ::1 - - [18/Nov/2024:13:36:26 +0000] "GET / HTTP/1.1" 304 NaNs "-" "Mozilla/5.0 (X11; Linux x86_64) AppleWebKit/537.36 (KHTML, like Gecko) Chrome/130.0.0.0 Safari/537.36"
Metadata:
{
  "metadata": {
    "service": "user-service",
    "environment": "development",
    "type": "access_log",
    "component": "morgan"
  },
  "type": "access_log",
  "component": "morgan"
}
2024-11-18 17:06:26 info: ::1 - - [18/Nov/2024:13:36:26 +0000] "GET / HTTP/1.1" 304 NaNs "-" "Mozilla/5.0 (X11; Linux x86_64) AppleWebKit/537.36 (KHTML, like Gecko) Chrome/130.0.0.0 Safari/537.36"
Metadata:
{
  "metadata": {
    "service": "user-service",
    "environment": "development",
    "type": "access_log",
    "component": "morgan"
  },
  "type": "access_log",
  "component": "morgan"
}
2024-11-18 17:06:27 info: ::1 - - [18/Nov/2024:13:36:27 +0000] "GET / HTTP/1.1" 304 NaNs "-" "Mozilla/5.0 (X11; Linux x86_64) AppleWebKit/537.36 (KHTML, like Gecko) Chrome/130.0.0.0 Safari/537.36"
Metadata:
{
  "metadata": {
    "service": "user-service",
    "environment": "development",
    "type": "access_log",
    "component": "morgan"
  },
  "type": "access_log",
  "component": "morgan"
}
2024-11-18 17:06:27 info: ::1 - - [18/Nov/2024:13:36:27 +0000] "GET / HTTP/1.1" 304 NaNs "-" "Mozilla/5.0 (X11; Linux x86_64) AppleWebKit/537.36 (KHTML, like Gecko) Chrome/130.0.0.0 Safari/537.36"
Metadata:
{
  "metadata": {
    "service": "user-service",
    "environment": "development",
    "type": "access_log",
    "component": "morgan"
  },
  "type": "access_log",
  "component": "morgan"
}
2024-11-18 17:06:27 info: ::1 - - [18/Nov/2024:13:36:27 +0000] "GET / HTTP/1.1" 304 NaNs "-" "Mozilla/5.0 (X11; Linux x86_64) AppleWebKit/537.36 (KHTML, like Gecko) Chrome/130.0.0.0 Safari/537.36"
Metadata:
{
  "metadata": {
    "service": "user-service",
    "environment": "development",
    "type": "access_log",
    "component": "morgan"
  },
  "type": "access_log",
  "component": "morgan"
}
2024-11-18 17:06:27 info: ::1 - - [18/Nov/2024:13:36:27 +0000] "GET / HTTP/1.1" 304 NaNs "-" "Mozilla/5.0 (X11; Linux x86_64) AppleWebKit/537.36 (KHTML, like Gecko) Chrome/130.0.0.0 Safari/537.36"
Metadata:
{
  "metadata": {
    "service": "user-service",
    "environment": "development",
    "type": "access_log",
    "component": "morgan"
  },
  "type": "access_log",
  "component": "morgan"
}
2024-11-18 17:06:27 info: ::1 - - [18/Nov/2024:13:36:27 +0000] "GET / HTTP/1.1" 304 NaNs "-" "Mozilla/5.0 (X11; Linux x86_64) AppleWebKit/537.36 (KHTML, like Gecko) Chrome/130.0.0.0 Safari/537.36"
Metadata:
{
  "metadata": {
    "service": "user-service",
    "environment": "development",
    "type": "access_log",
    "component": "morgan"
  },
  "type": "access_log",
  "component": "morgan"
}
2024-11-18 17:06:27 info: ::1 - - [18/Nov/2024:13:36:27 +0000] "GET / HTTP/1.1" 304 NaNs "-" "Mozilla/5.0 (X11; Linux x86_64) AppleWebKit/537.36 (KHTML, like Gecko) Chrome/130.0.0.0 Safari/537.36"
Metadata:
{
  "metadata": {
    "service": "user-service",
    "environment": "development",
    "type": "access_log",
    "component": "morgan"
  },
  "type": "access_log",
  "component": "morgan"
}
2024-11-18 17:06:28 info: ::1 - - [18/Nov/2024:13:36:28 +0000] "GET / HTTP/1.1" 304 NaNs "-" "Mozilla/5.0 (X11; Linux x86_64) AppleWebKit/537.36 (KHTML, like Gecko) Chrome/130.0.0.0 Safari/537.36"
Metadata:
{
  "metadata": {
    "service": "user-service",
    "environment": "development",
    "type": "access_log",
    "component": "morgan"
  },
  "type": "access_log",
  "component": "morgan"
}
2024-11-18 17:06:28 info: ::1 - - [18/Nov/2024:13:36:28 +0000] "GET / HTTP/1.1" 304 NaNs "-" "Mozilla/5.0 (X11; Linux x86_64) AppleWebKit/537.36 (KHTML, like Gecko) Chrome/130.0.0.0 Safari/537.36"
Metadata:
{
  "metadata": {
    "service": "user-service",
    "environment": "development",
    "type": "access_log",
    "component": "morgan"
  },
  "type": "access_log",
  "component": "morgan"
}
2024-11-18 17:06:28 info: ::1 - - [18/Nov/2024:13:36:28 +0000] "GET / HTTP/1.1" 304 NaNs "-" "Mozilla/5.0 (X11; Linux x86_64) AppleWebKit/537.36 (KHTML, like Gecko) Chrome/130.0.0.0 Safari/537.36"
Metadata:
{
  "metadata": {
    "service": "user-service",
    "environment": "development",
    "type": "access_log",
    "component": "morgan"
  },
  "type": "access_log",
  "component": "morgan"
}
2024-11-18 17:06:28 info: ::1 - - [18/Nov/2024:13:36:28 +0000] "GET / HTTP/1.1" 304 NaNs "-" "Mozilla/5.0 (X11; Linux x86_64) AppleWebKit/537.36 (KHTML, like Gecko) Chrome/130.0.0.0 Safari/537.36"
Metadata:
{
  "metadata": {
    "service": "user-service",
    "environment": "development",
    "type": "access_log",
    "component": "morgan"
  },
  "type": "access_log",
  "component": "morgan"
}
2024-11-18 17:06:28 info: ::1 - - [18/Nov/2024:13:36:28 +0000] "GET / HTTP/1.1" 304 NaNs "-" "Mozilla/5.0 (X11; Linux x86_64) AppleWebKit/537.36 (KHTML, like Gecko) Chrome/130.0.0.0 Safari/537.36"
Metadata:
{
  "metadata": {
    "service": "user-service",
    "environment": "development",
    "type": "access_log",
    "component": "morgan"
  },
  "type": "access_log",
  "component": "morgan"
}
2024-11-18 17:06:28 info: ::1 - - [18/Nov/2024:13:36:28 +0000] "GET / HTTP/1.1" 304 NaNs "-" "Mozilla/5.0 (X11; Linux x86_64) AppleWebKit/537.36 (KHTML, like Gecko) Chrome/130.0.0.0 Safari/537.36"
Metadata:
{
  "metadata": {
    "service": "user-service",
    "environment": "development",
    "type": "access_log",
    "component": "morgan"
  },
  "type": "access_log",
  "component": "morgan"
}
2024-11-18 17:06:29 info: ::1 - - [18/Nov/2024:13:36:29 +0000] "GET / HTTP/1.1" 304 NaNs "-" "Mozilla/5.0 (X11; Linux x86_64) AppleWebKit/537.36 (KHTML, like Gecko) Chrome/130.0.0.0 Safari/537.36"
Metadata:
{
  "metadata": {
    "service": "user-service",
    "environment": "development",
    "type": "access_log",
    "component": "morgan"
  },
  "type": "access_log",
  "component": "morgan"
}
2024-11-18 17:06:29 info: ::1 - - [18/Nov/2024:13:36:29 +0000] "GET / HTTP/1.1" 304 NaNs "-" "Mozilla/5.0 (X11; Linux x86_64) AppleWebKit/537.36 (KHTML, like Gecko) Chrome/130.0.0.0 Safari/537.36"
Metadata:
{
  "metadata": {
    "service": "user-service",
    "environment": "development",
    "type": "access_log",
    "component": "morgan"
  },
  "type": "access_log",
  "component": "morgan"
}
2024-11-18 17:06:29 info: ::1 - - [18/Nov/2024:13:36:29 +0000] "GET / HTTP/1.1" 304 NaNs "-" "Mozilla/5.0 (X11; Linux x86_64) AppleWebKit/537.36 (KHTML, like Gecko) Chrome/130.0.0.0 Safari/537.36"
Metadata:
{
  "metadata": {
    "service": "user-service",
    "environment": "development",
    "type": "access_log",
    "component": "morgan"
  },
  "type": "access_log",
  "component": "morgan"
}
2024-11-18 17:06:55 info: All database connections closed
Metadata:
{
  "metadata": {
    "service": "user-service",
    "environment": "development"
  }
}
{"timestamp":"2024-11-18 19:13:08.794","level":"info","message":"Server is running at http://localhost:7000","context":{},"location":null,"metadata":{"metadata":{"service":"user-service","environment":"development","version":"1.0.0"}}}
{"timestamp":"2024-11-18 19:13:08.851","level":"info","message":"Connected to MongoDB","context":{},"location":null,"metadata":{"metadata":{"service":"user-service","environment":"development","version":"1.0.0"}}}
{"timestamp":"2024-11-18 19:13:10.565","level":"info","message":"PrismaORM connected to MariaDB","context":{},"location":null,"metadata":{"metadata":{"service":"user-service","environment":"development","version":"1.0.0"}}}
{"timestamp":"2024-11-18 19:13:38.935","level":"info","message":"Server is running at http://localhost:7000","context":{},"location":null,"metadata":{"metadata":{"service":"user-service","environment":"development","version":"1.0.0"}}}
{"timestamp":"2024-11-18 19:13:38.992","level":"info","message":"Connected to MongoDB","context":{},"location":null,"metadata":{"metadata":{"service":"user-service","environment":"development","version":"1.0.0"}}}
{"timestamp":"2024-11-18 19:13:39.484","level":"info","message":"PrismaORM connected to MariaDB","context":{},"location":null,"metadata":{"metadata":{"service":"user-service","environment":"development","version":"1.0.0"}}}
{"timestamp":"2024-11-18 19:13:55.595","level":"info","message":"::1 [2024-11-18T15:43:55.591Z] - anonymous \"GET /api-doc/ HTTP/1.1\" 200 NaNs \"-\" \"Mozilla/5.0 (X11; Linux x86_64) AppleWebKit/537.36 (KHTML, like Gecko) Chrome/130.0.0.0 Safari/537.36\"","context":{"logType":"access"},"location":null,"metadata":{"metadata":{"service":"user-service","environment":"development","version":"1.0.0","type":"access_log","component":"morgan"},"type":"access_log","component":"morgan"}}
{"timestamp":"2024-11-18 19:13:55.791","level":"info","message":"::1 [2024-11-18T15:43:55.791Z] - anonymous \"GET /api-doc/swagger-ui-init.js HTTP/1.1\" 200 NaNs \"http://localhost:7000/api-doc/\" \"Mozilla/5.0 (X11; Linux x86_64) AppleWebKit/537.36 (KHTML, like Gecko) Chrome/130.0.0.0 Safari/537.36\"","context":{"logType":"access"},"location":null,"metadata":{"metadata":{"service":"user-service","environment":"development","version":"1.0.0","type":"access_log","component":"morgan"},"type":"access_log","component":"morgan"}}
{"timestamp":"2024-11-18 19:13:55.911","level":"info","message":"::1 [2024-11-18T15:43:55.910Z] - anonymous \"GET /api-doc/swagger-ui.css HTTP/1.1\" 200 NaNs \"http://localhost:7000/api-doc/\" \"Mozilla/5.0 (X11; Linux x86_64) AppleWebKit/537.36 (KHTML, like Gecko) Chrome/130.0.0.0 Safari/537.36\"","context":{"logType":"access"},"location":null,"metadata":{"metadata":{"service":"user-service","environment":"development","version":"1.0.0","type":"access_log","component":"morgan"},"type":"access_log","component":"morgan"}}
{"timestamp":"2024-11-18 19:13:56.034","level":"info","message":"::1 [2024-11-18T15:43:56.034Z] - anonymous \"GET /api-doc/swagger-ui-standalone-preset.js HTTP/1.1\" 200 NaNs \"http://localhost:7000/api-doc/\" \"Mozilla/5.0 (X11; Linux x86_64) AppleWebKit/537.36 (KHTML, like Gecko) Chrome/130.0.0.0 Safari/537.36\"","context":{"logType":"access"},"location":null,"metadata":{"metadata":{"service":"user-service","environment":"development","version":"1.0.0","type":"access_log","component":"morgan"},"type":"access_log","component":"morgan"}}
{"timestamp":"2024-11-18 19:13:56.334","level":"info","message":"::1 [2024-11-18T15:43:56.334Z] - anonymous \"GET /api-doc/swagger-ui-bundle.js HTTP/1.1\" 200 NaNs \"http://localhost:7000/api-doc/\" \"Mozilla/5.0 (X11; Linux x86_64) AppleWebKit/537.36 (KHTML, like Gecko) Chrome/130.0.0.0 Safari/537.36\"","context":{"logType":"access"},"location":null,"metadata":{"metadata":{"service":"user-service","environment":"development","version":"1.0.0","type":"access_log","component":"morgan"},"type":"access_log","component":"morgan"}}
{"timestamp":"2024-11-18 19:14:27.138","level":"info","message":"::1 [2024-11-18T15:44:27.138Z] - anonymous \"GET /api-doc/ HTTP/1.1\" 200 NaNs \"-\" \"Mozilla/5.0 (X11; Linux x86_64) AppleWebKit/537.36 (KHTML, like Gecko) Chrome/130.0.0.0 Safari/537.36\"","context":{"logType":"access"},"location":null,"metadata":{"metadata":{"service":"user-service","environment":"development","version":"1.0.0","type":"access_log","component":"morgan"},"type":"access_log","component":"morgan"}}
{"timestamp":"2024-11-18 19:14:27.221","level":"info","message":"::1 [2024-11-18T15:44:27.221Z] - anonymous \"GET /api-doc/swagger-ui-init.js HTTP/1.1\" 200 NaNs \"http://localhost:7000/api-doc/\" \"Mozilla/5.0 (X11; Linux x86_64) AppleWebKit/537.36 (KHTML, like Gecko) Chrome/130.0.0.0 Safari/537.36\"","context":{"logType":"access"},"location":null,"metadata":{"metadata":{"service":"user-service","environment":"development","version":"1.0.0","type":"access_log","component":"morgan"},"type":"access_log","component":"morgan"}}
{"timestamp":"2024-11-18 19:14:27.240","level":"info","message":"::1 [2024-11-18T15:44:27.240Z] - anonymous \"GET /api-doc/swagger-ui.css HTTP/1.1\" 200 NaNs \"http://localhost:7000/api-doc/\" \"Mozilla/5.0 (X11; Linux x86_64) AppleWebKit/537.36 (KHTML, like Gecko) Chrome/130.0.0.0 Safari/537.36\"","context":{"logType":"access"},"location":null,"metadata":{"metadata":{"service":"user-service","environment":"development","version":"1.0.0","type":"access_log","component":"morgan"},"type":"access_log","component":"morgan"}}
{"timestamp":"2024-11-18 19:14:27.254","level":"info","message":"::1 [2024-11-18T15:44:27.253Z] - anonymous \"GET /api-doc/swagger-ui-standalone-preset.js HTTP/1.1\" 200 NaNs \"http://localhost:7000/api-doc/\" \"Mozilla/5.0 (X11; Linux x86_64) AppleWebKit/537.36 (KHTML, like Gecko) Chrome/130.0.0.0 Safari/537.36\"","context":{"logType":"access"},"location":null,"metadata":{"metadata":{"service":"user-service","environment":"development","version":"1.0.0","type":"access_log","component":"morgan"},"type":"access_log","component":"morgan"}}
{"timestamp":"2024-11-18 19:14:27.292","level":"info","message":"::1 [2024-11-18T15:44:27.288Z] - anonymous \"GET /api-doc/swagger-ui-bundle.js HTTP/1.1\" 200 NaNs \"http://localhost:7000/api-doc/\" \"Mozilla/5.0 (X11; Linux x86_64) AppleWebKit/537.36 (KHTML, like Gecko) Chrome/130.0.0.0 Safari/537.36\"","context":{"logType":"access"},"location":null,"metadata":{"metadata":{"service":"user-service","environment":"development","version":"1.0.0","type":"access_log","component":"morgan"},"type":"access_log","component":"morgan"}}
{"timestamp":"2024-11-18 19:14:28.601","level":"info","message":"::1 [2024-11-18T15:44:28.600Z] - anonymous \"GET /api-doc/favicon-32x32.png HTTP/1.1\" 200 NaNs \"http://localhost:7000/api-doc/\" \"Mozilla/5.0 (X11; Linux x86_64) AppleWebKit/537.36 (KHTML, like Gecko) Chrome/130.0.0.0 Safari/537.36\"","context":{"logType":"access"},"location":null,"metadata":{"metadata":{"service":"user-service","environment":"development","version":"1.0.0","type":"access_log","component":"morgan"},"type":"access_log","component":"morgan"}}
{"timestamp":"2024-11-18 19:14:33.270","level":"info","message":"::1 [2024-11-18T15:44:33.270Z] - anonymous \"GET /api-doc/ HTTP/1.1\" 200 NaNs \"-\" \"Mozilla/5.0 (X11; Linux x86_64) AppleWebKit/537.36 (KHTML, like Gecko) Chrome/130.0.0.0 Safari/537.36\"","context":{"logType":"access"},"location":null,"metadata":{"metadata":{"service":"user-service","environment":"development","version":"1.0.0","type":"access_log","component":"morgan"},"type":"access_log","component":"morgan"}}
{"timestamp":"2024-11-18 19:14:33.329","level":"info","message":"::1 [2024-11-18T15:44:33.328Z] - anonymous \"GET /api-doc/swagger-ui.css HTTP/1.1\" 200 NaNs \"http://localhost:7000/api-doc/\" \"Mozilla/5.0 (X11; Linux x86_64) AppleWebKit/537.36 (KHTML, like Gecko) Chrome/130.0.0.0 Safari/537.36\"","context":{"logType":"access"},"location":null,"metadata":{"metadata":{"service":"user-service","environment":"development","version":"1.0.0","type":"access_log","component":"morgan"},"type":"access_log","component":"morgan"}}
{"timestamp":"2024-11-18 19:14:33.376","level":"info","message":"::1 [2024-11-18T15:44:33.373Z] - anonymous \"GET /api-doc/swagger-ui-init.js HTTP/1.1\" 200 NaNs \"http://localhost:7000/api-doc/\" \"Mozilla/5.0 (X11; Linux x86_64) AppleWebKit/537.36 (KHTML, like Gecko) Chrome/130.0.0.0 Safari/537.36\"","context":{"logType":"access"},"location":null,"metadata":{"metadata":{"service":"user-service","environment":"development","version":"1.0.0","type":"access_log","component":"morgan"},"type":"access_log","component":"morgan"}}
{"timestamp":"2024-11-18 19:14:33.402","level":"info","message":"::1 [2024-11-18T15:44:33.399Z] - anonymous \"GET /api-doc/swagger-ui-standalone-preset.js HTTP/1.1\" 200 NaNs \"http://localhost:7000/api-doc/\" \"Mozilla/5.0 (X11; Linux x86_64) AppleWebKit/537.36 (KHTML, like Gecko) Chrome/130.0.0.0 Safari/537.36\"","context":{"logType":"access"},"location":null,"metadata":{"metadata":{"service":"user-service","environment":"development","version":"1.0.0","type":"access_log","component":"morgan"},"type":"access_log","component":"morgan"}}
{"timestamp":"2024-11-18 19:14:33.456","level":"info","message":"::1 [2024-11-18T15:44:33.456Z] - anonymous \"GET /api-doc/swagger-ui-bundle.js HTTP/1.1\" 200 NaNs \"http://localhost:7000/api-doc/\" \"Mozilla/5.0 (X11; Linux x86_64) AppleWebKit/537.36 (KHTML, like Gecko) Chrome/130.0.0.0 Safari/537.36\"","context":{"logType":"access"},"location":null,"metadata":{"metadata":{"service":"user-service","environment":"development","version":"1.0.0","type":"access_log","component":"morgan"},"type":"access_log","component":"morgan"}}
{"timestamp":"2024-11-18 19:14:34.139","level":"info","message":"::1 [2024-11-18T15:44:34.138Z] - anonymous \"GET /api-doc/favicon-32x32.png HTTP/1.1\" 200 NaNs \"http://localhost:7000/api-doc/\" \"Mozilla/5.0 (X11; Linux x86_64) AppleWebKit/537.36 (KHTML, like Gecko) Chrome/130.0.0.0 Safari/537.36\"","context":{"logType":"access"},"location":null,"metadata":{"metadata":{"service":"user-service","environment":"development","version":"1.0.0","type":"access_log","component":"morgan"},"type":"access_log","component":"morgan"}}
{"timestamp":"2024-11-18 19:14:37.110","level":"info","message":"::1 [2024-11-18T15:44:37.110Z] - anonymous \"GET /api-doc/ HTTP/1.1\" 200 NaNs \"-\" \"Mozilla/5.0 (X11; Linux x86_64) AppleWebKit/537.36 (KHTML, like Gecko) Chrome/130.0.0.0 Safari/537.36\"","context":{"logType":"access"},"location":null,"metadata":{"metadata":{"service":"user-service","environment":"development","version":"1.0.0","type":"access_log","component":"morgan"},"type":"access_log","component":"morgan"}}
{"timestamp":"2024-11-18 19:14:37.194","level":"info","message":"::1 [2024-11-18T15:44:37.193Z] - anonymous \"GET /api-doc/swagger-ui-init.js HTTP/1.1\" 200 NaNs \"http://localhost:7000/api-doc/\" \"Mozilla/5.0 (X11; Linux x86_64) AppleWebKit/537.36 (KHTML, like Gecko) Chrome/130.0.0.0 Safari/537.36\"","context":{"logType":"access"},"location":null,"metadata":{"metadata":{"service":"user-service","environment":"development","version":"1.0.0","type":"access_log","component":"morgan"},"type":"access_log","component":"morgan"}}
{"timestamp":"2024-11-18 19:14:37.209","level":"info","message":"::1 [2024-11-18T15:44:37.209Z] - anonymous \"GET /api-doc/swagger-ui.css HTTP/1.1\" 200 NaNs \"http://localhost:7000/api-doc/\" \"Mozilla/5.0 (X11; Linux x86_64) AppleWebKit/537.36 (KHTML, like Gecko) Chrome/130.0.0.0 Safari/537.36\"","context":{"logType":"access"},"location":null,"metadata":{"metadata":{"service":"user-service","environment":"development","version":"1.0.0","type":"access_log","component":"morgan"},"type":"access_log","component":"morgan"}}
{"timestamp":"2024-11-18 19:14:37.215","level":"info","message":"::1 [2024-11-18T15:44:37.215Z] - anonymous \"GET /api-doc/swagger-ui-standalone-preset.js HTTP/1.1\" 200 NaNs \"http://localhost:7000/api-doc/\" \"Mozilla/5.0 (X11; Linux x86_64) AppleWebKit/537.36 (KHTML, like Gecko) Chrome/130.0.0.0 Safari/537.36\"","context":{"logType":"access"},"location":null,"metadata":{"metadata":{"service":"user-service","environment":"development","version":"1.0.0","type":"access_log","component":"morgan"},"type":"access_log","component":"morgan"}}
{"timestamp":"2024-11-18 19:14:37.238","level":"info","message":"::1 [2024-11-18T15:44:37.237Z] - anonymous \"GET /api-doc/swagger-ui-bundle.js HTTP/1.1\" 200 NaNs \"http://localhost:7000/api-doc/\" \"Mozilla/5.0 (X11; Linux x86_64) AppleWebKit/537.36 (KHTML, like Gecko) Chrome/130.0.0.0 Safari/537.36\"","context":{"logType":"access"},"location":null,"metadata":{"metadata":{"service":"user-service","environment":"development","version":"1.0.0","type":"access_log","component":"morgan"},"type":"access_log","component":"morgan"}}
{"timestamp":"2024-11-18 19:14:37.976","level":"info","message":"::1 [2024-11-18T15:44:37.975Z] - anonymous \"GET /api-doc/favicon-32x32.png HTTP/1.1\" 200 NaNs \"http://localhost:7000/api-doc/\" \"Mozilla/5.0 (X11; Linux x86_64) AppleWebKit/537.36 (KHTML, like Gecko) Chrome/130.0.0.0 Safari/537.36\"","context":{"logType":"access"},"location":null,"metadata":{"metadata":{"service":"user-service","environment":"development","version":"1.0.0","type":"access_log","component":"morgan"},"type":"access_log","component":"morgan"}}
